1 0.0141062
2 0.0520846
3 0.10505
4 0.162538
5 0.215539
6 0.258133
7 0.288039
8 0.306573
9 0.317803
10 0.327078
11 0.339477
12 0.358819
13 0.387317
14 0.42541
15 0.471803
16 0.523838
17 0.578174
18 0.631466
19 0.680814
20 0.724132
21 0.760549
22 0.790722
23 0.81671
24 0.841331
25 0.86737
26 0.896949
27 0.931138
28 0.969769
29 1.01146
30 1.05391
31 1.09448
32 1.13078
33 1.16121
34 1.18527
35 1.2036
36 1.21776
37 1.22978
38 1.24157
39 1.25449
40 1.26919
41 1.28558
42 1.30293
43 1.32012
44 1.33591
45 1.34925
46 1.35946
47 1.36636
48 1.3701
49 1.37116
50 1.37019
51 1.36786
52 1.36475
53 1.36124
54 1.35751
55 1.35352
56 1.34915
57 1.34422
58 1.33865
59 1.33249
60 1.32593
61 1.31927
62 1.31284
63 1.3069
64 1.30162
65 1.29702
66 1.29291
67 1.28902
68 1.28505
69 1.28075
70 1.27602
71 1.27085
72 1.26538
73 1.25983
74 1.25444
75 1.24939
76 1.24481
77 1.24079
78 1.23737
79 1.23462
80 1.23261
81 1.23139
82 1.23103
83 1.2315
84 1.23272
85 1.23449
86 1.23659
87 1.23884
88 1.24117
89 1.2436
90 1.24623
91 1.24925
92 1.25288
93 1.25726
94 1.26245
95 1.26837
96 1.27487
97 1.28177
98 1.28886
99 1.29598
100 1.30311
101 1.31031
102 1.31774
103 1.32548
104 1.33358
105 1.34201
106 1.35067
107 1.35942
108 1.36813
109 1.37666
110 1.38496
111 1.39296
112 1.40057
113 1.40773
114 1.41441
115 1.42069
116 1.42673
117 1.43276
118 1.43902
119 1.4457
120 1.45288
121 1.46043
122 1.46805
123 1.47539
124 1.48209
125 1.48794
126 1.49287
127 1.49698
128 1.50048
129 1.50363
130 1.50663
131 1.50959
132 1.51257
133 1.51555
134 1.51845
135 1.5212
136 1.52372
137 1.526
138 1.52799
139 1.52969
140 1.53108
141 1.5322
142 1.53311
143 1.53392
144 1.5347
145 1.53551
146 1.53635
147 1.53719
148 1.53795
149 1.53857
150 1.539
151 1.53925
152 1.53941
153 1.53958
154 1.53993
155 1.5406
156 1.54166
157 1.54311
158 1.54487
159 1.54683
160 1.54887
161 1.55091
162 1.5529
163 1.55486
164 1.55684
165 1.5589
166 1.56106
167 1.56333
168 1.5657
169 1.56816
170 1.57068
171 1.57326
172 1.57589
173 1.5786
174 1.58142
175 1.5844
176 1.58757
177 1.591
178 1.59474
179 1.59886
180 1.6034
181 1.60833
182 1.61359
183 1.61901
184 1.62443
185 1.62968
186 1.63466
187 1.63932
188 1.64372
189 1.64795
190 1.65214
191 1.65642
192 1.66087
193 1.66555
194 1.67047
195 1.67557
196 1.68081
197 1.68609
198 1.69133
199 1.6964
200 1.7012
201 1.70566
202 1.70978
203 1.71364
204 1.71736
205 1.7211
206 1.72496
207 1.72905
208 1.73339
209 1.73794
210 1.74259
211 1.74717
212 1.7515
213 1.75547
214 1.75901
215 1.76216
216 1.76506
217 1.76789
218 1.77086
219 1.7741
220 1.77766
221 1.78151
222 1.78557
223 1.78969
224 1.79369
225 1.79744
226 1.80083
227 1.80384
228 1.80651
229 1.80894
230 1.81123
231 1.81352
232 1.81593
233 1.81854
234 1.82141
235 1.82453
236 1.82782
237 1.83118
238 1.83449
239 1.83764
240 1.84056
241 1.84317
242 1.84548
243 1.84753
244 1.84942
245 1.85131
246 1.85333
247 1.85564
248 1.85832
249 1.86137
250 1.86475
251 1.86832
252 1.87191
253 1.87532
254 1.87841
255 1.88108
256 1.88333
257 1.88524
258 1.88697
259 1.8887
260 1.89062
261 1.89288
262 1.89554
263 1.89858
264 1.9019
265 1.90529
266 1.90854
267 1.91148
268 1.91401
269 1.91613
270 1.91796
271 1.9197
272 1.92154
273 1.92361
274 1.92597
275 1.92861
276 1.93145
277 1.93439
278 1.93733
279 1.94017
280 1.94282
281 1.94524
282 1.94742
283 1.94938
284 1.95115
285 1.9528
286 1.95439
287 1.95603
288 1.95779
289 1.95973
290 1.96187
291 1.96417
292 1.96656
293 1.96894
294 1.97121
295 1.97334
296 1.97533
297 1.97723
298 1.97913
299 1.98111
300 1.98319
301 1.98538
302 1.98761
303 1.9898
304 1.99186
305 1.99377
306 1.99556
307 1.99731
308 1.99914
309 2.00113
310 2.00333
311 2.00574
312 2.00829
313 2.01092
314 2.01357
315 2.01622
316 2.01887
317 2.02153
318 2.02419
319 2.02682
320 2.02939
321 2.03186
322 2.03426
323 2.03667
324 2.03921
325 2.042
326 2.04512
327 2.04855
328 2.05221
329 2.05596
330 2.05965
331 2.06318
332 2.06653
333 2.06972
334 2.07288
335 2.07612
336 2.07955
337 2.08318
338 2.08702
339 2.09097
340 2.09496
341 2.09885
342 2.10255
343 2.106
344 2.1092
345 2.11219
346 2.115
347 2.1177
348 2.12032
349 2.12288
350 2.12542
351 2.12796
352 2.13051
353 2.13309
354 2.13565
355 2.13815
356 2.14048
357 2.14259
358 2.14446
359 2.14607
360 2.1475
361 2.14881
362 2.15011
363 2.15144
364 2.1528
365 2.15418
366 2.15553
367 2.15682
368 2.15806
369 2.15925
370 2.16043
371 2.16164
372 2.16291
373 2.16427
374 2.16572
375 2.16721
376 2.16866
377 2.17003
378 2.17128
379 2.17245
380 2.17356
381 2.1747
382 2.17592
383 2.17727
384 2.17871
385 2.1802
386 2.18167
387 2.18308
388 2.1844
389 2.18567
390 2.18698
391 2.18841
392 2.19002
393 2.19184
394 2.19383
395 2.19594
396 2.19807
397 2.20015
398 2.20212
399 2.20395
400 2.20566
401 2.20729
402 2.20892
403 2.21061
404 2.21241
405 2.21437
406 2.21653
407 2.21886
408 2.22135
409 2.22394
410 2.22659
411 2.22921
412 2.23174
413 2.23415
414 2.23643
415 2.23861
416 2.24076
417 2.24294
418 2.2452
419 2.2476
420 2.25013
421 2.25275
422 2.25538
423 2.25789
424 2.26024
425 2.26241
426 2.26446
427 2.26644
428 2.26845
429 2.27056
430 2.27281
431 2.27524
432 2.27788
433 2.28073
434 2.28375
435 2.28687
436 2.28997
437 2.29291
438 2.29561
439 2.29803
440 2.30021
441 2.30225
442 2.30427
443 2.30644
444 2.30883
445 2.31146
446 2.31424
447 2.31706
448 2.31976
449 2.32224
450 2.32446
451 2.32644
452 2.32827
453 2.33006
454 2.33194
455 2.33396
456 2.33613
457 2.33842
458 2.34076
459 2.34307
460 2.34533
461 2.34755
462 2.34975
463 2.35199
464 2.35425
465 2.3565
466 2.35867
467 2.36075
468 2.36274
469 2.36469
470 2.36668
471 2.36877
472 2.37102
473 2.3734
474 2.37585
475 2.37827
476 2.38055
477 2.38262
478 2.38449
479 2.38622
480 2.38796
481 2.38983
482 2.39193
483 2.39431
484 2.39691
485 2.39963
486 2.40238
487 2.40504
488 2.40757
489 2.40998
490 2.41233
491 2.41472
492 2.41722
493 2.41985
494 2.42265
495 2.4256
496 2.4287
497 2.43192
498 2.4352
499 2.43847
500 2.44165
501 2.44466
502 2.4474
503 2.44983
504 2.45199
505 2.45397
506 2.45589
507 2.45791
508 2.46012
509 2.46259
510 2.46534
511 2.4683
512 2.47137
513 2.4744
514 2.47724
515 2.47978
516 2.48196
517 2.48377
518 2.48527
519 2.48655
520 2.48776
521 2.48903
522 2.49047
523 2.49215
524 2.49408
525 2.49622
526 2.49847
527 2.5007
528 2.50275
529 2.50451
530 2.5059
531 2.50692
532 2.50766
533 2.50825
534 2.50886
535 2.5096
536 2.51053
537 2.51169
538 2.51303
539 2.51446
540 2.51588
541 2.51718
542 2.51826
543 2.51906
544 2.51957
545 2.51985
546 2.51997
547 2.52007
548 2.52025
549 2.52064
550 2.52132
551 2.52231
552 2.52359
553 2.52507
554 2.52662
555 2.52815
556 2.52956
557 2.5308
558 2.53188
559 2.53286
560 2.5338
561 2.53479
562 2.53589
563 2.53715
564 2.53857
565 2.54013
566 2.54181
567 2.54359
568 2.54546
569 2.54741
570 2.5494
571 2.5514
572 2.55338
573 2.55531
574 2.55718
575 2.559
576 2.56081
577 2.56264
578 2.56454
579 2.56653
580 2.56863
581 2.57081
582 2.57307
583 2.57532
584 2.57753
585 2.57964
586 2.58161
587 2.58344
588 2.58512
589 2.5867
590 2.5882
591 2.58964
592 2.59103
593 2.59235
594 2.59361
595 2.59482
596 2.59601
597 2.5972
598 2.5984
599 2.5996
600 2.60073
601 2.60176
602 2.60265
603 2.6034
604 2.60405
605 2.60466
606 2.60533
607 2.60612
608 2.60704
609 2.60806
610 2.60911
611 2.6101
612 2.61096
613 2.61165
614 2.61219
615 2.61265
616 2.61311
617 2.61363
618 2.61423
619 2.61492
620 2.61568
621 2.61648
622 2.61731
623 2.61814
624 2.61902
625 2.61998
626 2.62107
627 2.62229
628 2.6236
629 2.62494
630 2.62622
631 2.62739
632 2.6284
633 2.62929
634 2.63016
635 2.63114
636 2.63234
637 2.63384
638 2.63566
639 2.63776
640 2.64001
641 2.64227
642 2.64443
643 2.6464
644 2.64818
645 2.64981
646 2.65138
647 2.65302
648 2.65485
649 2.65692
650 2.65928
651 2.66188
652 2.66464
653 2.66743
654 2.67009
655 2.67248
656 2.67453
657 2.67622
658 2.67764
659 2.67895
660 2.6803
661 2.68187
662 2.68378
663 2.68605
664 2.68864
665 2.6914
666 2.69413
667 2.69663
668 2.69876
669 2.70048
670 2.70182
671 2.70292
672 2.70398
673 2.70517
674 2.70661
675 2.70838
676 2.71046
677 2.71276
678 2.71517
679 2.71753
680 2.71973
681 2.72164
682 2.72322
683 2.72449
684 2.72554
685 2.72651
686 2.72756
687 2.72885
688 2.73046
689 2.7324
690 2.73463
691 2.73705
692 2.7395
693 2.74181
694 2.74385
695 2.74555
696 2.74688
697 2.74793
698 2.74884
699 2.74978
700 2.75093
701 2.75242
702 2.7543
703 2.75654
704 2.75902
705 2.76159
706 2.76408
707 2.76637
708 2.76843
709 2.77024
710 2.77183
711 2.77325
712 2.77457
713 2.77587
714 2.77725
715 2.7788
716 2.78056
717 2.78255
718 2.78469
719 2.7869
720 2.78902
721 2.79094
722 2.79259
723 2.79393
724 2.79503
725 2.79598
726 2.79691
727 2.79793
728 2.79912
729 2.80053
730 2.80213
731 2.80386
732 2.80564
733 2.8074
734 2.80905
735 2.81053
736 2.81179
737 2.81284
738 2.81373
739 2.81455
740 2.81539
741 2.81634
742 2.81746
743 2.81876
744 2.8202
745 2.82171
746 2.82319
747 2.82452
748 2.82561
749 2.82638
750 2.82687
751 2.82714
752 2.82735
753 2.82762
754 2.82806
755 2.82874
756 2.82966
757 2.83073
758 2.83188
759 2.83302
760 2.83409
761 2.83506
762 2.83594
763 2.83672
764 2.83744
765 2.83815
766 2.83893
767 2.83986
768 2.84103
769 2.8425
770 2.84428
771 2.84634
772 2.8486
773 2.85092
774 2.85315
775 2.85516
776 2.85687
777 2.85827
778 2.85942
779 2.86043
780 2.86145
781 2.86262
782 2.8641
783 2.86595
784 2.86819
785 2.87077
786 2.87358
787 2.87647
788 2.87927
789 2.88189
790 2.88427
791 2.8864
792 2.88835
793 2.89023
794 2.89217
795 2.89428
796 2.89663
797 2.89929
798 2.90224
799 2.90545
800 2.90881
801 2.91218
802 2.9154
803 2.91837
804 2.92104
805 2.92345
806 2.9257
807 2.92794
808 2.9303
809 2.93292
810 2.93582
811 2.93898
812 2.94229
813 2.94561
814 2.9488
815 2.95174
816 2.95438
817 2.95669
818 2.95868
819 2.96043
820 2.962
821 2.96349
822 2.965
823 2.9666
824 2.96834
825 2.97022
826 2.9722
827 2.97422
828 2.97621
829 2.97807
830 2.9797
831 2.98105
832 2.98211
833 2.98294
834 2.98362
835 2.98422
836 2.98483
837 2.98547
838 2.98616
839 2.98688
840 2.98758
841 2.9882
842 2.98869
843 2.98903
844 2.98924
845 2.98938
846 2.98953
847 2.98972
848 2.98998
849 2.9903
850 2.99062
851 2.99091
852 2.99111
853 2.99119
854 2.99112
855 2.99095
856 2.99072
857 2.99054
858 2.99049
859 2.99062
860 2.99093
861 2.99136
862 2.99186
863 2.99234
864 2.99276
865 2.99309
866 2.99334
867 2.99358
868 2.99388
869 2.99433
870 2.99497
871 2.9958
872 2.99681
873 2.99793
874 2.99912
875 3.00033
876 3.00156
877 3.00281
878 3.0041
879 3.00544
880 3.00684
881 3.00833
882 3.00993
883 3.01166
884 3.01354
885 3.01557
886 3.01775
887 3.02006
888 3.02247
889 3.02496
890 3.02751
891 3.03007
892 3.03261
893 3.03509
894 3.03749
895 3.03985
896 3.04219
897 3.04458
898 3.0471
899 3.04978
900 3.05263
901 3.05562
902 3.05867
903 3.06167
904 3.06454
905 3.06724
906 3.06979
907 3.07223
908 3.07461
909 3.07698
910 3.07936
911 3.08174
912 3.08411
913 3.08645
914 3.08877
915 3.09109
916 3.09341
917 3.09577
918 3.09814
919 3.10052
920 3.10286
921 3.10514
922 3.10735
923 3.1095
924 3.11164
925 3.11383
926 3.11613
927 3.11854
928 3.12105
929 3.12363
930 3.12622
931 3.12878
932 3.13128
933 3.13372
934 3.13612
935 3.13847
936 3.14077
937 3.14303
938 3.14526
939 3.14749
940 3.14974
941 3.15201
942 3.15429
943 3.15659
944 3.15887
945 3.1611
946 3.16322
947 3.16522
948 3.16711
949 3.16895
950 3.17083
951 3.17282
952 3.17497
953 3.17727
954 3.17969
955 3.18212
956 3.18444
957 3.18656
958 3.18843
959 3.19007
960 3.19154
961 3.19297
962 3.19451
963 3.19624
964 3.19818
965 3.20026
966 3.20239
967 3.20447
968 3.20644
969 3.20825
970 3.20989
971 3.21135
972 3.21272
973 3.21407
974 3.21547
975 3.21698
976 3.21865
977 3.22048
978 3.22242
979 3.22443
980 3.22644
981 3.22843
982 3.23039
983 3.2323
984 3.23416
985 3.23594
986 3.23764
987 3.23927
988 3.24085
989 3.24243
990 3.24408
991 3.24587
992 3.24779
993 3.24979
994 3.25176
995 3.2536
996 3.25525
997 3.2567
998 3.25796
999 3.25912
1000 3.26027
1001 3.26151
1002 3.26292
1003 3.26452
1004 3.26629
1005 3.26819
1006 3.27016
1007 3.27211
1008 3.27393
1009 3.27553
1010 3.27686
1011 3.27791
1012 3.27876
1013 3.27949
1014 3.28022
1015 3.28109
1016 3.28218
1017 3.28356
1018 3.28523
1019 3.28712
1020 3.28912
1021 3.29113
1022 3.29306
1023 3.29486
1024 3.29653
1025 3.29809
1026 3.29958
1027 3.30102
1028 3.30245
1029 3.3039
1030 3.30542
1031 3.30705
1032 3.30881
1033 3.31071
1034 3.31274
1035 3.31486
1036 3.31702
1037 3.31915
1038 3.3212
1039 3.32313
1040 3.32494
1041 3.32666
1042 3.32836
1043 3.33014
1044 3.33208
1045 3.33427
1046 3.33669
1047 3.33932
1048 3.34205
1049 3.34477
1050 3.34738
1051 3.34977
1052 3.35193
1053 3.35388
1054 3.35572
1055 3.35752
1056 3.3594
1057 3.36143
1058 3.36368
1059 3.36615
1060 3.36878
1061 3.3715
1062 3.37423
1063 3.3769
1064 3.37946
1065 3.38186
1066 3.38413
1067 3.38629
1068 3.3884
1069 3.39053
1070 3.39274
1071 3.39507
1072 3.39756
1073 3.40021
1074 3.40298
1075 3.40584
1076 3.40872
1077 3.41158
1078 3.4144
1079 3.41715
1080 3.4198
1081 3.42237
1082 3.42488
1083 3.42736
1084 3.42984
1085 3.43235
1086 3.43493
1087 3.43758
1088 3.44031
1089 3.44305
1090 3.44574
1091 3.44827
1092 3.45057
1093 3.45259
1094 3.45436
1095 3.45594
1096 3.45744
1097 3.45895
1098 3.46056
1099 3.46231
1100 3.4642
1101 3.4662
1102 3.46827
1103 3.47037
1104 3.47245
1105 3.47448
1106 3.47642
1107 3.47826
1108 3.47996
1109 3.48153
1110 3.48297
1111 3.48431
1112 3.48559
1113 3.48684
1114 3.48809
1115 3.48942
1116 3.49087
1117 3.49248
1118 3.49425
1119 3.49616
1120 3.49816
1121 3.50019
1122 3.50219
1123 3.50409
1124 3.50587
1125 3.50753
1126 3.5091
1127 3.51062
1128 3.51214
1129 3.51371
1130 3.51538
1131 3.51717
1132 3.5191
1133 3.52116
1134 3.52334
1135 3.52564
1136 3.52801
1137 3.53044
1138 3.53291
1139 3.53541
1140 3.53793
1141 3.54044
1142 3.54292
1143 3.54538
1144 3.54784
1145 3.55032
1146 3.55288
1147 3.55556
1148 3.55836
1149 3.56126
1150 3.56419
1151 3.56707
1152 3.56983
1153 3.57244
1154 3.57489
1155 3.5772
1156 3.5794
1157 3.58154
1158 3.58363
1159 3.58567
1160 3.58768
1161 3.5897
1162 3.59173
1163 3.59382
1164 3.59595
1165 3.59813
1166 3.60028
1167 3.60238
1168 3.60437
1169 3.60624
1170 3.60798
1171 3.6096
1172 3.61111
1173 3.61255
1174 3.61394
1175 3.61529
1176 3.61664
1177 3.618
1178 3.61939
1179 3.62079
1180 3.62216
1181 3.62348
1182 3.62472
1183 3.62586
1184 3.62689
1185 3.62782
1186 3.62869
1187 3.62955
1188 3.63044
1189 3.63141
1190 3.63247
1191 3.63365
1192 3.63492
1193 3.63624
1194 3.63754
1195 3.63874
1196 3.63975
1197 3.64058
1198 3.64127
1199 3.64189
1200 3.64257
1201 3.6434
1202 3.64442
1203 3.64561
1204 3.64689
1205 3.64818
1206 3.64941
1207 3.65054
1208 3.65157
1209 3.65252
1210 3.65343
1211 3.65436
1212 3.65531
1213 3.65631
1214 3.65731
1215 3.65832
1216 3.65933
1217 3.66037
1218 3.66149
1219 3.66271
1220 3.66405
1221 3.66547
1222 3.66691
1223 3.66832
1224 3.66965
1225 3.67095
1226 3.67227
1227 3.6737
1228 3.67528
1229 3.67704
1230 3.67892
1231 3.68087
1232 3.68284
1233 3.6848
1234 3.68672
1235 3.68862
1236 3.6905
1237 3.69236
1238 3.69422
1239 3.69609
1240 3.698
1241 3.69996
1242 3.70197
1243 3.70406
1244 3.70622
1245 3.70847
1246 3.71079
1247 3.71317
1248 3.71556
1249 3.71796
1250 3.72035
1251 3.72272
1252 3.72508
1253 3.72744
1254 3.72979
1255 3.73217
1256 3.73458
1257 3.73701
1258 3.73946
1259 3.7419
1260 3.74428
1261 3.74657
1262 3.74877
1263 3.75093
1264 3.75313
1265 3.75545
1266 3.75795
1267 3.76063
1268 3.76346
1269 3.76634
1270 3.76916
1271 3.7718
1272 3.77418
1273 3.77628
1274 3.77815
1275 3.77991
1276 3.78167
1277 3.78354
1278 3.78562
1279 3.7879
1280 3.79032
1281 3.7928
1282 3.79525
1283 3.79759
1284 3.79981
1285 3.80188
1286 3.80383
1287 3.80571
1288 3.80755
1289 3.80942
1290 3.81137
1291 3.81343
1292 3.81564
1293 3.81798
1294 3.82037
1295 3.82273
1296 3.82496
1297 3.82697
1298 3.82871
1299 3.8302
1300 3.8315
1301 3.83271
1302 3.83398
1303 3.83539
1304 3.83701
1305 3.83882
1306 3.84076
1307 3.8427
1308 3.84453
1309 3.84614
1310 3.8475
1311 3.84863
1312 3.8496
1313 3.85054
1314 3.85158
1315 3.85282
1316 3.8543
1317 3.85599
1318 3.85779
1319 3.85958
1320 3.86124
1321 3.86268
1322 3.86387
1323 3.86484
1324 3.86565
1325 3.86642
1326 3.86724
1327 3.8682
1328 3.86934
1329 3.87066
1330 3.87207
1331 3.87347
1332 3.87474
1333 3.87584
1334 3.87674
1335 3.87749
1336 3.87818
1337 3.87893
1338 3.8798
1339 3.88084
1340 3.88201
1341 3.88325
1342 3.88448
1343 3.8856
1344 3.88653
1345 3.88723
1346 3.88774
1347 3.88812
1348 3.88851
1349 3.88902
1350 3.88978
1351 3.89085
1352 3.89223
1353 3.89387
1354 3.89564
1355 3.89738
1356 3.89898
1357 3.90033
1358 3.90144
1359 3.90232
1360 3.90307
1361 3.9038
1362 3.90461
1363 3.90562
1364 3.90686
1365 3.90837
1366 3.91009
1367 3.91196
1368 3.91387
1369 3.91568
1370 3.91729
1371 3.91865
1372 3.91978
1373 3.92078
1374 3.92179
1375 3.92295
1376 3.92435
1377 3.92604
1378 3.92799
1379 3.93013
1380 3.93239
1381 3.93466
1382 3.93682
1383 3.93879
1384 3.94056
1385 3.94214
1386 3.9436
1387 3.94505
1388 3.94657
1389 3.94825
1390 3.95012
1391 3.95216
1392 3.9543
1393 3.95644
1394 3.95849
1395 3.96041
1396 3.96218
1397 3.96381
1398 3.96539
1399 3.96699
1400 3.96868
1401 3.97052
1402 3.97248
1403 3.97451
1404 3.97655
1405 3.97854
1406 3.98043
1407 3.98219
1408 3.9838
1409 3.98529
1410 3.9867
1411 3.98812
1412 3.98959
1413 3.99113
1414 3.99273
1415 3.99437
1416 3.99599
1417 3.99753
1418 3.99894
1419 4.00017
1420 4.00121
1421 4.00207
1422 4.00284
1423 4.00361
1424 4.00455
1425 4.00575
1426 4.00726
1427 4.00902
1428 4.01091
1429 4.01277
1430 4.01447
1431 4.01591
1432 4.01708
1433 4.01806
1434 4.01898
1435 4.01995
1436 4.02112
1437 4.02258
1438 4.02436
1439 4.02643
1440 4.02871
1441 4.0311
1442 4.03352
1443 4.03586
1444 4.03805
1445 4.04003
1446 4.0418
1447 4.04342
1448 4.04497
1449 4.04655
1450 4.04823
1451 4.05011
1452 4.05223
1453 4.05459
1454 4.05715
1455 4.05982
1456 4.06249
1457 4.06506
1458 4.06745
1459 4.06967
1460 4.07172
1461 4.0737
1462 4.07569
1463 4.07778
1464 4.08002
1465 4.08244
1466 4.085
1467 4.08765
1468 4.0903
1469 4.09286
1470 4.09525
1471 4.09745
1472 4.09943
1473 4.10124
1474 4.10291
1475 4.10451
1476 4.1061
1477 4.10779
1478 4.10963
1479 4.11163
1480 4.11373
1481 4.11585
1482 4.11786
1483 4.11967
1484 4.12125
1485 4.12258
1486 4.12372
1487 4.12476
1488 4.12582
1489 4.12697
1490 4.12825
1491 4.12967
1492 4.13121
1493 4.13283
1494 4.13447
1495 4.13606
1496 4.13756
1497 4.13889
1498 4.14003
1499 4.14097
1500 4.14173
1501 4.14241
1502 4.14311
1503 4.14395
1504 4.14497
1505 4.14617
1506 4.14749
1507 4.14884
1508 4.15012
1509 4.15127
1510 4.15228
1511 4.15317
1512 4.15401
1513 4.15486
1514 4.15576
1515 4.15675
1516 4.15789
1517 4.15919
1518 4.16066
1519 4.16229
1520 4.16406
1521 4.16595
1522 4.16789
1523 4.16982
1524 4.17169
1525 4.17348
1526 4.1752
1527 4.17688
1528 4.1786
1529 4.1804
1530 4.18235
1531 4.18449
1532 4.18679
1533 4.18923
1534 4.19173
1535 4.19424
1536 4.1967
1537 4.19909
1538 4.20143
1539 4.20371
1540 4.20595
1541 4.2082
1542 4.21045
1543 4.21271
1544 4.21496
1545 4.21718
1546 4.21937
1547 4.22154
1548 4.22371
1549 4.22592
1550 4.22819
1551 4.23052
1552 4.23291
1553 4.23532
1554 4.23771
1555 4.24002
1556 4.2422
1557 4.24424
1558 4.24618
1559 4.24809
1560 4.25003
1561 4.25206
1562 4.25418
1563 4.25638
1564 4.25858
1565 4.26074
1566 4.26282
1567 4.26478
1568 4.26663
1569 4.26842
1570 4.2702
1571 4.272
1572 4.27382
1573 4.27566
1574 4.2775
1575 4.27933
1576 4.28119
1577 4.28307
1578 4.28498
1579 4.28693
1580 4.2889
1581 4.29085
1582 4.29276
1583 4.29462
1584 4.29646
1585 4.29829
1586 4.30013
1587 4.30201
1588 4.30397
1589 4.30601
1590 4.30815
1591 4.31032
1592 4.31248
1593 4.31456
1594 4.31655
1595 4.31842
1596 4.32021
1597 4.32195
1598 4.32367
1599 4.32541
1600 4.32718
1601 4.32896
1602 4.33073
1603 4.33246
1604 4.33413
1605 4.33576
1606 4.33741
1607 4.33915
1608 4.34106
1609 4.34313
1610 4.34534
1611 4.34761
1612 4.34986
1613 4.35199
1614 4.35396
1615 4.35579
1616 4.35753
1617 4.35925
1618 4.36101
1619 4.36286
1620 4.3648
1621 4.36681
1622 4.36884
1623 4.37083
1624 4.3727
1625 4.37444
1626 4.37602
1627 4.37748
1628 4.37885
1629 4.38018
1630 4.38151
1631 4.38288
1632 4.38431
1633 4.38581
1634 4.38732
1635 4.38881
1636 4.39022
1637 4.3915
1638 4.39262
1639 4.39362
1640 4.39453
1641 4.39539
1642 4.39628
1643 4.39724
1644 4.39831
1645 4.39949
1646 4.40077
1647 4.40212
1648 4.40354
1649 4.405
1650 4.40648
1651 4.40794
1652 4.40936
1653 4.41073
1654 4.41204
1655 4.41333
1656 4.41461
1657 4.41591
1658 4.41726
1659 4.41868
1660 4.42016
1661 4.4217
1662 4.42326
1663 4.42483
1664 4.4264
1665 4.42797
1666 4.42955
1667 4.43119
1668 4.4329
1669 4.43467
1670 4.43652
1671 4.43841
1672 4.44036
1673 4.44236
1674 4.44438
1675 4.44639
1676 4.44836
1677 4.45027
1678 4.45211
1679 4.45386
1680 4.45556
1681 4.45729
1682 4.45913
1683 4.46116
1684 4.46342
1685 4.46592
1686 4.46861
1687 4.47137
1688 4.47409
1689 4.47666
1690 4.47901
1691 4.4811
1692 4.48298
1693 4.48472
1694 4.48642
1695 4.48822
1696 4.49022
1697 4.49246
1698 4.49492
1699 4.49756
1700 4.50026
1701 4.50286
1702 4.50522
1703 4.50721
1704 4.50883
1705 4.51015
1706 4.51132
1707 4.51255
1708 4.51402
1709 4.51583
1710 4.518
1711 4.52042
1712 4.52292
1713 4.52534
1714 4.52752
1715 4.52938
1716 4.53086
1717 4.532
1718 4.53286
1719 4.53353
1720 4.53415
1721 4.53489
1722 4.53587
1723 4.53719
1724 4.53885
1725 4.54079
1726 4.54288
1727 4.545
1728 4.547
1729 4.54879
1730 4.55033
1731 4.55165
1732 4.55277
1733 4.55376
1734 4.55471
1735 4.55575
1736 4.55699
1737 4.55847
1738 4.56021
1739 4.56212
1740 4.56409
1741 4.56603
1742 4.56786
1743 4.56955
1744 4.57113
1745 4.57262
1746 4.57409
1747 4.57558
1748 4.57712
1749 4.57871
1750 4.58038
1751 4.58212
1752 4.58395
1753 4.58583
1754 4.58776
1755 4.58968
1756 4.59154
1757 4.59331
1758 4.59497
1759 4.59653
1760 4.59803
1761 4.59952
1762 4.60106
1763 4.6027
1764 4.60446
1765 4.60634
1766 4.60834
1767 4.61041
1768 4.61251
1769 4.61457
1770 4.61655
1771 4.61842
1772 4.62019
1773 4.62188
1774 4.62347
1775 4.62496
1776 4.62635
1777 4.62767
1778 4.629
1779 4.63039
1780 4.63192
1781 4.63362
1782 4.63549
1783 4.63751
1784 4.63966
1785 4.64191
1786 4.64419
1787 4.64644
1788 4.64859
1789 4.6506
1790 4.65243
1791 4.65409
1792 4.6556
1793 4.65705
1794 4.65855
1795 4.66018
1796 4.66202
1797 4.66409
1798 4.66638
1799 4.6688
1800 4.67126
1801 4.67369
1802 4.67601
1803 4.67822
1804 4.68032
1805 4.68235
1806 4.68438
1807 4.68644
1808 4.68857
1809 4.69079
1810 4.69311
1811 4.69554
1812 4.69808
1813 4.7007
1814 4.70339
1815 4.70609
1816 4.70877
1817 4.71137
1818 4.71386
1819 4.71622
1820 4.71849
1821 4.72071
1822 4.72295
1823 4.72526
1824 4.72769
1825 4.73023
1826 4.73288
1827 4.73555
1828 4.73819
1829 4.74071
1830 4.74307
1831 4.74524
1832 4.74721
1833 4.74897
1834 4.75056
1835 4.75197
1836 4.75328
1837 4.75456
1838 4.75591
1839 4.75743
1840 4.75916
1841 4.76109
1842 4.76317
1843 4.76532
1844 4.76742
1845 4.7694
1846 4.77118
1847 4.77272
1848 4.77404
1849 4.77518
1850 4.77621
1851 4.77724
1852 4.77834
1853 4.77959
1854 4.78104
1855 4.78268
1856 4.78446
1857 4.78631
1858 4.78811
1859 4.7898
1860 4.79133
1861 4.79273
1862 4.79402
1863 4.79527
1864 4.79652
1865 4.79784
1866 4.7993
1867 4.80094
1868 4.80277
1869 4.80479
1870 4.80696
1871 4.80923
1872 4.81154
1873 4.8138
1874 4.81593
1875 4.81787
1876 4.81961
1877 4.82119
1878 4.82271
1879 4.82432
1880 4.82614
1881 4.82825
1882 4.83066
1883 4.83332
1884 4.83615
1885 4.83905
1886 4.84192
1887 4.84467
1888 4.84722
1889 4.84954
1890 4.85162
1891 4.85349
1892 4.8552
1893 4.85684
1894 4.85852
1895 4.86033
1896 4.86233
1897 4.86452
1898 4.86686
1899 4.8693
1900 4.87174
1901 4.87409
1902 4.87628
1903 4.87827
1904 4.88005
1905 4.88166
1906 4.88317
1907 4.88466
1908 4.88622
1909 4.88791
1910 4.88975
1911 4.89171
1912 4.89373
1913 4.89574
1914 4.89765
1915 4.8994
1916 4.90096
1917 4.90233
1918 4.90359
1919 4.90483
1920 4.90612
1921 4.90757
1922 4.9092
1923 4.91105
1924 4.91309
1925 4.91527
1926 4.91752
1927 4.91975
1928 4.92187
1929 4.92385
1930 4.92566
1931 4.92736
1932 4.92904
1933 4.93085
1934 4.93289
1935 4.93521
1936 4.93776
1937 4.94046
1938 4.94316
1939 4.94575
1940 4.94813
1941 4.95029
1942 4.95226
1943 4.95411
1944 4.95594
1945 4.95783
1946 4.95985
1947 4.96205
1948 4.96439
1949 4.96685
1950 4.96935
1951 4.97179
1952 4.97412
1953 4.97625
1954 4.97815
1955 4.97983
1956 4.98132
1957 4.98271
1958 4.98405
1959 4.98541
1960 4.98685
1961 4.98838
1962 4.98998
1963 4.99162
1964 4.99326
1965 4.99487
1966 4.99643
1967 4.99787
1968 4.99918
1969 5.00033
1970 5.00136
1971 5.00234
1972 5.00334
1973 5.00444
1974 5.0057
1975 5.00714
1976 5.00874
1977 5.01042
1978 5.01213
1979 5.01379
1980 5.01534
1981 5.01677
1982 5.01811
1983 5.01945
1984 5.02088
1985 5.02247
1986 5.02427
1987 5.02627
1988 5.02842
1989 5.03066
1990 5.03289
1991 5.03505
1992 5.03713
1993 5.03914
1994 5.04112
1995 5.04311
1996 5.04515
1997 5.04726
1998 5.04946
1999 5.05173
2000 5.05404
2001 5.05639
2002 5.05878
2003 5.06122
2004 5.0637
2005 5.06621
2006 5.06871
2007 5.07119
2008 5.07361
2009 5.07599
2010 5.07833
2011 5.08068
2012 5.08309
2013 5.08559
2014 5.08823
2015 5.09101
2016 5.09388
2017 5.09675
2018 5.09953
2019 5.10212
2020 5.10447
2021 5.10655
2022 5.10842
2023 5.11014
2024 5.1118
2025 5.11352
2026 5.11537
2027 5.11742
2028 5.11967
2029 5.12208
2030 5.12457
2031 5.12704
2032 5.1294
2033 5.13157
2034 5.1335
2035 5.13518
2036 5.13667
2037 5.13804
2038 5.13939
2039 5.14083
2040 5.14244
2041 5.14426
2042 5.14628
2043 5.14843
2044 5.15061
2045 5.1527
2046 5.1546
2047 5.15622
2048 5.15752
2049 5.15852
2050 5.15929
2051 5.15997
2052 5.16073
2053 5.16171
2054 5.16299
2055 5.16458
2056 5.1664
2057 5.1683
2058 5.1701
2059 5.17166
2060 5.1729
2061 5.17382
2062 5.17451
2063 5.17511
2064 5.17572
2065 5.17643
2066 5.17726
2067 5.17822
2068 5.17932
2069 5.18054
2070 5.1819
2071 5.1834
2072 5.18501
2073 5.1867
2074 5.18843
2075 5.19011
2076 5.19168
2077 5.19312
2078 5.19446
2079 5.19576
2080 5.19715
2081 5.19869
2082 5.20045
2083 5.20239
2084 5.20445
2085 5.20656
2086 5.20863
2087 5.21063
2088 5.21255
2089 5.2144
2090 5.21622
2091 5.21803
2092 5.21987
2093 5.22176
2094 5.22376
2095 5.22589
2096 5.2282
2097 5.23071
2098 5.23341
2099 5.23622
2100 5.23907
2101 5.24184
2102 5.24448
2103 5.24694
2104 5.24924
2105 5.25146
2106 5.25368
2107 5.25599
2108 5.25845
2109 5.26107
2110 5.26384
2111 5.26667
2112 5.26953
2113 5.27236
2114 5.27512
2115 5.27779
2116 5.28036
2117 5.28283
2118 5.28522
2119 5.28755
2120 5.28985
2121 5.29214
2122 5.29449
2123 5.29689
2124 5.29935
2125 5.30185
2126 5.30434
2127 5.30679
2128 5.30913
2129 5.31131
2130 5.3133
2131 5.31512
2132 5.31683
2133 5.31848
2134 5.32012
2135 5.32179
2136 5.3235
2137 5.32525
2138 5.32701
2139 5.32876
2140 5.33043
2141 5.33201
2142 5.33349
2143 5.33485
2144 5.3361
2145 5.33725
2146 5.3383
2147 5.33928
2148 5.34025
2149 5.34124
2150 5.3423
2151 5.34347
2152 5.3448
2153 5.34627
2154 5.34789
2155 5.3496
2156 5.35133
2157 5.35301
2158 5.35456
2159 5.35593
2160 5.35711
2161 5.35816
2162 5.35916
2163 5.36024
2164 5.36152
2165 5.36307
2166 5.36491
2167 5.367
2168 5.36927
2169 5.37163
2170 5.37396
2171 5.37615
2172 5.37813
2173 5.37983
2174 5.38124
2175 5.38241
2176 5.38342
2177 5.3844
2178 5.3855
2179 5.38683
2180 5.38849
2181 5.39051
2182 5.39286
2183 5.39541
2184 5.39799
2185 5.40041
2186 5.40257
2187 5.4044
2188 5.40596
2189 5.40734
2190 5.40869
2191 5.41014
2192 5.41178
2193 5.41364
2194 5.41569
2195 5.41786
2196 5.42005
2197 5.42215
2198 5.42408
2199 5.42576
2200 5.42719
2201 5.42839
2202 5.42941
2203 5.43035
2204 5.43134
2205 5.43249
2206 5.43389
2207 5.43554
2208 5.43739
2209 5.43931
2210 5.44118
2211 5.44288
2212 5.44435
2213 5.4456
2214 5.4467
2215 5.44771
2216 5.44871
2217 5.44972
2218 5.45078
2219 5.45188
2220 5.45302
2221 5.45418
2222 5.45538
2223 5.4566
2224 5.45787
2225 5.45918
2226 5.46052
2227 5.46187
2228 5.46317
2229 5.4644
2230 5.46551
2231 5.46652
2232 5.46748
2233 5.46845
2234 5.46949
2235 5.47067
2236 5.472
2237 5.47349
2238 5.4751
2239 5.47677
2240 5.47841
2241 5.47996
2242 5.48139
2243 5.48273
2244 5.48402
2245 5.48533
2246 5.4867
2247 5.48818
2248 5.48979
2249 5.49154
2250 5.49343
2251 5.49545
2252 5.49758
2253 5.49979
2254 5.50202
2255 5.50423
2256 5.50638
2257 5.50844
2258 5.51043
2259 5.5124
2260 5.51437
2261 5.51637
2262 5.51842
2263 5.52051
2264 5.52265
2265 5.52482
2266 5.52698
2267 5.52914
2268 5.5313
2269 5.53346
2270 5.5356
2271 5.53768
2272 5.53968
2273 5.54161
2274 5.54348
2275 5.5453
2276 5.54706
2277 5.54877
2278 5.55043
2279 5.5521
2280 5.55381
2281 5.55559
2282 5.55743
2283 5.55934
2284 5.56128
2285 5.56321
2286 5.56509
2287 5.5669
2288 5.56859
2289 5.57015
2290 5.57155
2291 5.5728
2292 5.57392
2293 5.57493
2294 5.57588
2295 5.5768
2296 5.57772
2297 5.57867
2298 5.5797
2299 5.58082
2300 5.58203
2301 5.5833
2302 5.58457
2303 5.5858
2304 5.58695
2305 5.588
2306 5.58899
2307 5.58993
2308 5.59086
2309 5.59183
2310 5.59283
2311 5.59387
2312 5.59493
2313 5.59602
2314 5.59716
2315 5.59836
2316 5.59966
2317 5.60108
2318 5.60265
2319 5.60435
2320 5.60611
2321 5.60789
2322 5.60962
2323 5.61126
2324 5.61282
2325 5.61433
2326 5.61583
2327 5.61737
2328 5.61897
2329 5.62064
2330 5.62238
2331 5.62417
2332 5.626
2333 5.62784
2334 5.6297
2335 5.63158
2336 5.63349
2337 5.63543
2338 5.6374
2339 5.63941
2340 5.64149
2341 5.64365
2342 5.64589
2343 5.64818
2344 5.65046
2345 5.65267
2346 5.65474
2347 5.6566
2348 5.65826
2349 5.65976
2350 5.66114
2351 5.66247
2352 5.66385
2353 5.66534
2354 5.66703
2355 5.66895
2356 5.67105
2357 5.67324
2358 5.67544
2359 5.67753
2360 5.67948
2361 5.68127
2362 5.68292
2363 5.68448
2364 5.68597
2365 5.68744
2366 5.68891
2367 5.69038
2368 5.69188
2369 5.6934
2370 5.69494
2371 5.69651
2372 5.6981
2373 5.6997
2374 5.70126
2375 5.70277
2376 5.70421
2377 5.70562
2378 5.70703
2379 5.70854
2380 5.71017
2381 5.71195
2382 5.71383
2383 5.71574
2384 5.71762
2385 5.71941
2386 5.72112
2387 5.72279
2388 5.72446
2389 5.72618
2390 5.72796
2391 5.72978
2392 5.73157
2393 5.73328
2394 5.7349
2395 5.73644
2396 5.73796
2397 5.73951
2398 5.74115
2399 5.74293
2400 5.74482
2401 5.74677
2402 5.74872
2403 5.75059
2404 5.75233
2405 5.75391
2406 5.75533
2407 5.75659
2408 5.75775
2409 5.75887
2410 5.76001
2411 5.76123
2412 5.76258
2413 5.76405
2414 5.76563
2415 5.76727
2416 5.76891
2417 5.77049
2418 5.77198
2419 5.77332
2420 5.77449
2421 5.77553
2422 5.77653
2423 5.77759
2424 5.77883
2425 5.78032
2426 5.78208
2427 5.78406
2428 5.78619
2429 5.78831
2430 5.79029
2431 5.79202
2432 5.79344
2433 5.79458
2434 5.79553
2435 5.79642
2436 5.79737
2437 5.79852
2438 5.79993
2439 5.80165
2440 5.80364
2441 5.80586
2442 5.80821
2443 5.81058
2444 5.81288
2445 5.81505
2446 5.81704
2447 5.81885
2448 5.8205
2449 5.82203
2450 5.82352
2451 5.82505
2452 5.82672
2453 5.82861
2454 5.83072
2455 5.83305
2456 5.83555
2457 5.83813
2458 5.84069
2459 5.84312
2460 5.84535
2461 5.84733
2462 5.84909
2463 5.85068
2464 5.85218
2465 5.85369
2466 5.8553
2467 5.85708
2468 5.859
2469 5.86104
2470 5.86313
2471 5.86517
2472 5.86706
2473 5.86875
2474 5.87021
2475 5.87148
2476 5.87263
2477 5.87373
2478 5.87487
2479 5.87613
2480 5.87755
2481 5.87911
2482 5.88081
2483 5.8826
2484 5.88445
2485 5.88625
2486 5.88793
2487 5.88938
2488 5.89058
2489 5.89151
2490 5.8922
2491 5.89275
2492 5.89329
2493 5.89392
2494 5.89474
2495 5.89576
2496 5.89697
2497 5.8983
2498 5.89963
2499 5.90089
2500 5.90197
2501 5.90287
2502 5.9036
2503 5.90422
2504 5.90483
2505 5.90552
2506 5.90639
2507 5.90746
2508 5.90875
2509 5.9102
2510 5.91175
2511 5.91333
2512 5.91488
2513 5.91636
2514 5.91776
2515 5.91907
2516 5.92031
2517 5.92152
2518 5.92272
2519 5.92398
2520 5.92536
2521 5.92687
2522 5.92852
2523 5.93029
2524 5.93214
2525 5.93404
2526 5.93595
2527 5.9378
2528 5.93958
2529 5.94125
2530 5.94281
2531 5.94429
2532 5.94572
2533 5.94718
2534 5.94874
2535 5.95043
2536 5.95229
2537 5.95431
2538 5.95647
2539 5.95871
2540 5.96095
2541 5.9631
2542 5.96509
2543 5.9669
2544 5.96853
2545 5.96999
2546 5.9713
2547 5.97252
2548 5.97368
2549 5.97486
2550 5.9761
2551 5.97744
2552 5.97888
2553 5.98039
2554 5.9819
2555 5.98336
2556 5.98472
2557 5.98595
2558 5.98704
2559 5.98798
2560 5.98879
2561 5.98952
2562 5.99021
2563 5.99091
2564 5.99164
2565 5.99244
2566 5.99335
2567 5.99438
2568 5.99553
2569 5.99679
2570 5.99807
2571 5.99931
2572 6.00039
2573 6.00123
2574 6.00184
2575 6.00226
2576 6.00256
2577 6.00285
2578 6.00322
2579 6.00374
2580 6.00445
2581 6.00532
2582 6.00634
2583 6.00743
2584 6.00855
2585 6.00963
2586 6.01063
2587 6.01154
2588 6.01235
2589 6.01305
2590 6.01367
2591 6.01424
2592 6.01479
2593 6.01539
2594 6.0161
2595 6.01695
2596 6.01798
2597 6.01917
2598 6.02046
2599 6.02179
2600 6.02306
2601 6.02423
2602 6.02528
2603 6.02626
2604 6.02721
2605 6.02819
2606 6.02925
2607 6.03041
2608 6.03168
2609 6.03305
2610 6.0345
2611 6.036
2612 6.03753
2613 6.0391
2614 6.04068
2615 6.04226
2616 6.0438
2617 6.04527
2618 6.04663
2619 6.0479
2620 6.04913
2621 6.0504
2622 6.0518
2623 6.05338
2624 6.05514
2625 6.05705
2626 6.05904
2627 6.06101
2628 6.06289
2629 6.06461
2630 6.06617
2631 6.06761
2632 6.06899
2633 6.07037
2634 6.07178
2635 6.07324
2636 6.07474
2637 6.07626
2638 6.07778
2639 6.07928
2640 6.08077
2641 6.08224
2642 6.0837
2643 6.08515
2644 6.08657
2645 6.08798
2646 6.08936
2647 6.0907
2648 6.09201
2649 6.09329
2650 6.09453
2651 6.09576
2652 6.09699
2653 6.09829
2654 6.09967
2655 6.10112
2656 6.10263
2657 6.10415
2658 6.10563
2659 6.10704
2660 6.10839
2661 6.10972
2662 6.11111
2663 6.11261
2664 6.11426
2665 6.11602
2666 6.11786
2667 6.11972
2668 6.12155
2669 6.12333
2670 6.12509
2671 6.12687
2672 6.12874
2673 6.13074
2674 6.13285
2675 6.13508
2676 6.13737
2677 6.13972
2678 6.14209
2679 6.14446
2680 6.14683
2681 6.1492
2682 6.15158
2683 6.15396
2684 6.15635
2685 6.15875
2686 6.16115
2687 6.16355
2688 6.16596
2689 6.16839
2690 6.17088
2691 6.17344
2692 6.17604
2693 6.17865
2694 6.18124
2695 6.18378
2696 6.18625
2697 6.18861
2698 6.19087
2699 6.19304
2700 6.19514
2701 6.19721
2702 6.19925
2703 6.20129
2704 6.20335
2705 6.20545
2706 6.20759
2707 6.20975
2708 6.21189
2709 6.21393
2710 6.21581
2711 6.21747
2712 6.21888
2713 6.22008
2714 6.22112
2715 6.22206
2716 6.22299
2717 6.22396
2718 6.225
2719 6.22608
2720 6.22715
2721 6.22816
2722 6.22908
2723 6.22988
2724 6.23058
2725 6.23117
2726 6.23166
2727 6.23206
2728 6.23238
2729 6.23263
2730 6.23282
2731 6.23302
2732 6.23328
2733 6.23362
2734 6.23408
2735 6.23464
2736 6.23528
2737 6.236
2738 6.23674
2739 6.23746
2740 6.23809
2741 6.2386
2742 6.23902
2743 6.23939
2744 6.23979
2745 6.2403
2746 6.24097
2747 6.24179
2748 6.24277
2749 6.24387
2750 6.24506
2751 6.24628
2752 6.2475
2753 6.24869
2754 6.24987
2755 6.25107
2756 6.25234
2757 6.25368
2758 6.25513
2759 6.25671
2760 6.25845
2761 6.26037
2762 6.26247
2763 6.26472
2764 6.26705
2765 6.26936
2766 6.27158
2767 6.27369
2768 6.27572
2769 6.27779
2770 6.27999
2771 6.28241
2772 6.28511
2773 6.28807
2774 6.29121
2775 6.2944
2776 6.29753
2777 6.3005
2778 6.30324
2779 6.30576
2780 6.30806
2781 6.31022
2782 6.31234
2783 6.3145
2784 6.31675
2785 6.31913
2786 6.32161
2787 6.32417
2788 6.32675
2789 6.32926
2790 6.33162
2791 6.33374
2792 6.33559
2793 6.33718
2794 6.33859
2795 6.33994
2796 6.34134
2797 6.3429
2798 6.34464
2799 6.34658
2800 6.34867
2801 6.35083
2802 6.35294
2803 6.35491
2804 6.35668
2805 6.35826
2806 6.35971
2807 6.36111
2808 6.36255
2809 6.36411
2810 6.36578
2811 6.3675
2812 6.36919
2813 6.37078
2814 6.37223
2815 6.37352
2816 6.37466
2817 6.37572
2818 6.37676
2819 6.37786
2820 6.37909
2821 6.38045
2822 6.38193
2823 6.38349
2824 6.38506
2825 6.38657
2826 6.38795
2827 6.38918
2828 6.39026
2829 6.39123
2830 6.39214
2831 6.39307
2832 6.39409
2833 6.39526
2834 6.39662
2835 6.39816
2836 6.39981
2837 6.40151
2838 6.40314
2839 6.40466
2840 6.40601
2841 6.40721
2842 6.4083
2843 6.40935
2844 6.41043
2845 6.41159
2846 6.41285
2847 6.41419
2848 6.41562
2849 6.41712
2850 6.41866
2851 6.42025
2852 6.42187
2853 6.4235
2854 6.42507
2855 6.42654
2856 6.42788
2857 6.42908
2858 6.43022
2859 6.43136
2860 6.43257
2861 6.43391
2862 6.43545
2863 6.4372
2864 6.43915
2865 6.44123
2866 6.44339
2867 6.44552
2868 6.44756
2869 6.44945
2870 6.45117
2871 6.45276
2872 6.45431
2873 6.45592
2874 6.4577
2875 6.45974
2876 6.46208
2877 6.46471
2878 6.46755
2879 6.47046
2880 6.47331
2881 6.47596
2882 6.47831
2883 6.48032
2884 6.48206
2885 6.48362
2886 6.48516
2887 6.48681
2888 6.48867
2889 6.4908
2890 6.49318
2891 6.49576
2892 6.49843
2893 6.50108
2894 6.50359
2895 6.50589
2896 6.50796
2897 6.50982
2898 6.51153
2899 6.51318
2900 6.51485
2901 6.5166
2902 6.51851
2903 6.5206
2904 6.52289
2905 6.52533
2906 6.52781
2907 6.53023
2908 6.53246
2909 6.53441
2910 6.53603
2911 6.53735
2912 6.53846
2913 6.53951
2914 6.54067
2915 6.54208
2916 6.54382
2917 6.54583
2918 6.548
2919 6.55014
2920 6.55212
2921 6.55383
2922 6.55527
2923 6.55645
2924 6.55745
2925 6.55838
2926 6.55933
2927 6.56039
2928 6.56162
2929 6.56303
2930 6.56462
2931 6.56635
2932 6.56818
2933 6.57004
2934 6.57187
2935 6.57362
2936 6.57525
2937 6.57676
2938 6.57818
2939 6.57955
2940 6.58094
2941 6.58237
2942 6.58389
2943 6.58549
2944 6.58719
2945 6.58897
2946 6.59078
2947 6.59258
2948 6.59431
2949 6.59597
2950 6.59757
2951 6.59916
2952 6.60079
2953 6.60249
2954 6.6043
2955 6.60623
2956 6.60828
2957 6.61044
2958 6.61269
2959 6.61499
2960 6.61728
2961 6.61952
2962 6.62168
2963 6.62377
2964 6.62579
2965 6.6278
2966 6.62985
2967 6.63196
2968 6.63417
2969 6.63647
2970 6.63887
2971 6.64135
2972 6.64388
2973 6.64642
2974 6.64896
2975 6.65147
2976 6.65395
2977 6.65641
2978 6.65882
2979 6.66119
2980 6.66353
2981 6.66589
2982 6.66831
2983 6.67084
2984 6.67348
2985 6.67623
2986 6.67905
2987 6.68189
2988 6.68468
2989 6.68738
2990 6.68994
2991 6.69239
2992 6.69474
2993 6.69703
2994 6.6993
2995 6.70156
2996 6.70382
2997 6.70602
2998 6.7081
2999 6.71005
3000 6.71186
3001 6.71357
3002 6.71521
3003 6.71681
3004 6.71838
3005 6.71991
3006 6.72138
3007 6.72277
3008 6.72407
3009 6.72528
3010 6.7264
3011 6.72746
3012 6.72847
3013 6.72945
3014 6.73039
3015 6.73128
3016 6.73207
3017 6.73276
3018 6.73334
3019 6.73385
3020 6.73433
3021 6.73483
3022 6.73537
3023 6.73597
3024 6.7366
3025 6.73721
3026 6.73777
3027 6.73826
3028 6.73871
3029 6.73914
3030 6.73962
3031 6.74018
3032 6.74085
3033 6.74163
3034 6.74247
3035 6.74331
3036 6.74406
3037 6.74469
3038 6.74517
3039 6.74553
3040 6.74583
3041 6.74621
3042 6.74678
3043 6.74766
3044 6.74889
3045 6.75048
3046 6.75238
3047 6.7545
3048 6.75673
3049 6.75897
3050 6.76109
3051 6.76304
3052 6.7648
3053 6.7664
3054 6.76793
3055 6.7695
3056 6.77126
3057 6.77328
3058 6.77561
3059 6.77822
3060 6.78102
3061 6.7839
3062 6.78676
3063 6.7895
3064 6.79208
3065 6.79451
3066 6.79681
3067 6.79902
3068 6.80119
3069 6.80333
3070 6.80551
3071 6.80778
3072 6.81017
3073 6.81269
3074 6.81525
3075 6.81778
3076 6.82018
3077 6.8224
3078 6.8244
3079 6.82618
3080 6.82778
3081 6.82925
3082 6.83064
3083 6.83196
3084 6.83323
3085 6.83447
3086 6.83572
3087 6.83701
3088 6.83832
3089 6.83961
3090 6.84084
3091 6.84192
3092 6.84281
3093 6.84346
3094 6.84391
3095 6.8442
3096 6.84439
3097 6.8445
3098 6.84457
3099 6.84462
3100 6.8447
3101 6.84486
3102 6.84513
3103 6.84552
3104 6.846
3105 6.84652
3106 6.84698
3107 6.8473
3108 6.84743
3109 6.84736
3110 6.84714
3111 6.84684
3112 6.84657
3113 6.84645
3114 6.84656
3115 6.84694
3116 6.84758
3117 6.84842
3118 6.8494
3119 6.85039
3120 6.85128
3121 6.852
3122 6.85254
3123 6.85296
3124 6.85337
3125 6.85391
3126 6.8547
3127 6.85582
3128 6.85728
3129 6.859
3130 6.8609
3131 6.86282
3132 6.86465
3133 6.86629
3134 6.8677
3135 6.86892
3136 6.87008
3137 6.87133
3138 6.87282
3139 6.87462
3140 6.87676
3141 6.87918
3142 6.88179
3143 6.88443
3144 6.88694
3145 6.88921
3146 6.89118
3147 6.89288
3148 6.89439
3149 6.89581
3150 6.89724
3151 6.8988
3152 6.90053
3153 6.90245
3154 6.90453
3155 6.90668
3156 6.90879
3157 6.91076
3158 6.91251
3159 6.91401
3160 6.91531
3161 6.9165
3162 6.91771
3163 6.91904
3164 6.92057
3165 6.92227
3166 6.92408
3167 6.9259
3168 6.92764
3169 6.92925
3170 6.93067
3171 6.93187
3172 6.93291
3173 6.93381
3174 6.93466
3175 6.93554
3176 6.93653
3177 6.93769
3178 6.93904
3179 6.94054
3180 6.94213
3181 6.94371
3182 6.94522
3183 6.94661
3184 6.94786
3185 6.94899
3186 6.95004
3187 6.95108
3188 6.95217
3189 6.95339
3190 6.95476
3191 6.95624
3192 6.95779
3193 6.95931
3194 6.96078
3195 6.96217
3196 6.96354
3197 6.96492
3198 6.96638
3199 6.96795
3200 6.96965
3201 6.97147
3202 6.97336
3203 6.97527
3204 6.97713
3205 6.97889
3206 6.98054
3207 6.9821
3208 6.98358
3209 6.98502
3210 6.98647
3211 6.98796
3212 6.98954
3213 6.99123
3214 6.99303
3215 6.99493
3216 6.99687
3217 6.99877
3218 7.00054
3219 7.00212
3220 7.00347
3221 7.00462
3222 7.00566
3223 7.0067
3224 7.00788
3225 7.00931
3226 7.01105
3227 7.01303
3228 7.01511
3229 7.01713
3230 7.01894
3231 7.02044
3232 7.0216
3233 7.02246
3234 7.02314
3235 7.02379
3236 7.02459
3237 7.02568
3238 7.02716
3239 7.02902
3240 7.03116
3241 7.03341
3242 7.03562
3243 7.03761
3244 7.03929
3245 7.04063
3246 7.04167
3247 7.04255
3248 7.04343
3249 7.04447
3250 7.04577
3251 7.04734
3252 7.04913
3253 7.05104
3254 7.05296
3255 7.0548
3256 7.05653
3257 7.05814
3258 7.05964
3259 7.06106
3260 7.06241
3261 7.06374
3262 7.06506
3263 7.06639
3264 7.06774
3265 7.06915
3266 7.0706
3267 7.07209
3268 7.07364
3269 7.07522
3270 7.07683
3271 7.07849
3272 7.08019
3273 7.08194
3274 7.08372
3275 7.08551
3276 7.08725
3277 7.08893
3278 7.09053
3279 7.09207
3280 7.09359
3281 7.09512
3282 7.09671
3283 7.0984
3284 7.10019
3285 7.10206
3286 7.10395
3287 7.10579
3288 7.10751
3289 7.10904
3290 7.1104
3291 7.11162
3292 7.11281
3293 7.11407
3294 7.11552
3295 7.11723
3296 7.11924
3297 7.1215
3298 7.1239
3299 7.12628
3300 7.1285
3301 7.13045
3302 7.13209
3303 7.13347
3304 7.13473
3305 7.13602
3306 7.13745
3307 7.13908
3308 7.14093
3309 7.14296
3310 7.14511
3311 7.14729
3312 7.14941
3313 7.15135
3314 7.15306
3315 7.1545
3316 7.15571
3317 7.15676
3318 7.15778
3319 7.15892
3320 7.16027
3321 7.1619
3322 7.16376
3323 7.16576
3324 7.16776
3325 7.16963
3326 7.17126
3327 7.17261
3328 7.17367
3329 7.17453
3330 7.17529
3331 7.17608
3332 7.17702
3333 7.17819
3334 7.17963
3335 7.18133
3336 7.1832
3337 7.18511
3338 7.18692
3339 7.18852
3340 7.18987
3341 7.19098
3342 7.19196
3343 7.19291
3344 7.19394
3345 7.19512
3346 7.1965
3347 7.19808
3348 7.19988
3349 7.20185
3350 7.20393
3351 7.20607
3352 7.20818
3353 7.21024
3354 7.21223
3355 7.21418
3356 7.21612
3357 7.21814
3358 7.22027
3359 7.22256
3360 7.22496
3361 7.22743
3362 7.22988
3363 7.23227
3364 7.23454
3365 7.23672
3366 7.23884
3367 7.24093
3368 7.24306
3369 7.24524
3370 7.24748
3371 7.24975
3372 7.25205
3373 7.25433
3374 7.25658
3375 7.25876
3376 7.26084
3377 7.26282
3378 7.26468
3379 7.26643
3380 7.2681
3381 7.26973
3382 7.27135
3383 7.27301
3384 7.27476
3385 7.27663
3386 7.27863
3387 7.28069
3388 7.28273
3389 7.28463
3390 7.28634
3391 7.28785
3392 7.28923
3393 7.29057
3394 7.29196
3395 7.2935
3396 7.29519
3397 7.29703
3398 7.29894
3399 7.30083
3400 7.3026
3401 7.30421
3402 7.30566
3403 7.30698
3404 7.30825
3405 7.30953
3406 7.31087
3407 7.3123
3408 7.31383
3409 7.31545
3410 7.31713
3411 7.31885
3412 7.32056
3413 7.3222
3414 7.32372
3415 7.32507
3416 7.32623
3417 7.32726
3418 7.32819
3419 7.3291
3420 7.33008
3421 7.33118
3422 7.33242
3423 7.33379
3424 7.33523
3425 7.33666
3426 7.33803
3427 7.33933
3428 7.34055
3429 7.34173
3430 7.34288
3431 7.34404
3432 7.34524
3433 7.34648
3434 7.34781
3435 7.34923
3436 7.35075
3437 7.35237
3438 7.35404
3439 7.3557
3440 7.35732
3441 7.35882
3442 7.36019
3443 7.36144
3444 7.36266
3445 7.36393
3446 7.36537
3447 7.36705
3448 7.36901
3449 7.37124
3450 7.37368
3451 7.37625
3452 7.37884
3453 7.38134
3454 7.38366
3455 7.38574
3456 7.38757
3457 7.38922
3458 7.39079
3459 7.39242
3460 7.39423
3461 7.39625
3462 7.39848
3463 7.40087
3464 7.40337
3465 7.40594
3466 7.40852
3467 7.41109
3468 7.41364
3469 7.41613
3470 7.41854
3471 7.42084
3472 7.42304
3473 7.42517
3474 7.42728
3475 7.42942
3476 7.43162
3477 7.43392
3478 7.43632
3479 7.43878
3480 7.44125
3481 7.44369
3482 7.44607
3483 7.44836
3484 7.45059
3485 7.45278
3486 7.45496
3487 7.45714
3488 7.45931
3489 7.46145
3490 7.46354
3491 7.4656
3492 7.46761
3493 7.46962
3494 7.47164
3495 7.47368
3496 7.47575
3497 7.4778
3498 7.47979
3499 7.48171
3500 7.48357
3501 7.48539
3502 7.48718
3503 7.48893
3504 7.49063
3505 7.49229
3506 7.49389
3507 7.49546
3508 7.49704
3509 7.49866
3510 7.50035
3511 7.50211
3512 7.50388
3513 7.50559
3514 7.50714
3515 7.50845
3516 7.50947
3517 7.51018
3518 7.51065
3519 7.51096
3520 7.51125
3521 7.51165
3522 7.51223
3523 7.51304
3524 7.51401
3525 7.51507
3526 7.51612
3527 7.51709
3528 7.51794
3529 7.51864
3530 7.51923
3531 7.51978
3532 7.52035
3533 7.52099
3534 7.52173
3535 7.52257
3536 7.52351
3537 7.52449
3538 7.52548
3539 7.52646
3540 7.52743
3541 7.52841
3542 7.52944
3543 7.53054
3544 7.53173
3545 7.53304
3546 7.53444
3547 7.53592
3548 7.53746
3549 7.53904
3550 7.54067
3551 7.54236
3552 7.54416
3553 7.54608
3554 7.54815
3555 7.55035
3556 7.55264
3557 7.55494
3558 7.5572
3559 7.55936
3560 7.56142
3561 7.56341
3562 7.56539
3563 7.56743
3564 7.5696
3565 7.57192
3566 7.57439
3567 7.57699
3568 7.57971
3569 7.5825
3570 7.5853
3571 7.58806
3572 7.59073
3573 7.59326
3574 7.59562
3575 7.59782
3576 7.59992
3577 7.60197
3578 7.60407
3579 7.60631
3580 7.60874
3581 7.61135
3582 7.61406
3583 7.61677
3584 7.61932
3585 7.6216
3586 7.62356
3587 7.62519
3588 7.62657
3589 7.62782
3590 7.62907
3591 7.63045
3592 7.63204
3593 7.63383
3594 7.63578
3595 7.63776
3596 7.63966
3597 7.64137
3598 7.64283
3599 7.64403
3600 7.64499
3601 7.64581
3602 7.64659
3603 7.64746
3604 7.6485
3605 7.64973
3606 7.65113
3607 7.65261
3608 7.65403
3609 7.65528
3610 7.65628
3611 7.65702
3612 7.65755
3613 7.65799
3614 7.6585
3615 7.65922
3616 7.66029
3617 7.66175
3618 7.66355
3619 7.6656
3620 7.66775
3621 7.66984
3622 7.67176
3623 7.6735
3624 7.67508
3625 7.67657
3626 7.6781
3627 7.67977
3628 7.68165
3629 7.68379
3630 7.68618
3631 7.68876
3632 7.69146
3633 7.69418
3634 7.69681
3635 7.69928
3636 7.70154
3637 7.7036
3638 7.70552
3639 7.70742
3640 7.70939
3641 7.71157
3642 7.71403
3643 7.71682
3644 7.7199
3645 7.72321
3646 7.7266
3647 7.72992
3648 7.73303
3649 7.7358
3650 7.73819
3651 7.74023
3652 7.74204
3653 7.74374
3654 7.74552
3655 7.74752
3656 7.74983
3657 7.75245
3658 7.75527
3659 7.75815
3660 7.76092
3661 7.76341
3662 7.76555
3663 7.7673
3664 7.76872
3665 7.76993
3666 7.77105
3667 7.77223
3668 7.77356
3669 7.7751
3670 7.77682
3671 7.77867
3672 7.78052
3673 7.78228
3674 7.78386
3675 7.78522
3676 7.78637
3677 7.78735
3678 7.78824
3679 7.78913
3680 7.79012
3681 7.79133
3682 7.79278
3683 7.79448
3684 7.79634
3685 7.79829
3686 7.80024
3687 7.80211
3688 7.80388
3689 7.80549
3690 7.80696
3691 7.80826
3692 7.80943
3693 7.81051
3694 7.81157
3695 7.81267
3696 7.81385
3697 7.81513
3698 7.81655
3699 7.81811
3700 7.8198
3701 7.82157
3702 7.82339
3703 7.82521
3704 7.82698
3705 7.82868
3706 7.83036
3707 7.83205
3708 7.8338
3709 7.83562
3710 7.83749
3711 7.83935
3712 7.84118
3713 7.84291
3714 7.84457
3715 7.84619
3716 7.84781
3717 7.8495
3718 7.85127
3719 7.85311
3720 7.85497
3721 7.85679
3722 7.85854
3723 7.8602
3724 7.86176
3725 7.86322
3726 7.86455
3727 7.86578
3728 7.86692
3729 7.86802
3730 7.86915
3731 7.87035
3732 7.87164
3733 7.87302
3734 7.87446
3735 7.87592
3736 7.87737
3737 7.87877
3738 7.88011
3739 7.8814
3740 7.88265
3741 7.88388
3742 7.88515
3743 7.8865
3744 7.88798
3745 7.88958
3746 7.8913
3747 7.89309
3748 7.8949
3749 7.89665
3750 7.89832
3751 7.8999
3752 7.90144
3753 7.90297
3754 7.90451
3755 7.90604
3756 7.90756
3757 7.90904
3758 7.91046
3759 7.91184
3760 7.91322
3761 7.91466
3762 7.91619
3763 7.91784
3764 7.91955
3765 7.92126
3766 7.92288
3767 7.92432
3768 7.92555
3769 7.92662
3770 7.92763
3771 7.9287
3772 7.92994
3773 7.93141
3774 7.93315
3775 7.93513
3776 7.93728
3777 7.93948
3778 7.94164
3779 7.94368
3780 7.94558
3781 7.94734
3782 7.949
3783 7.9506
3784 7.95221
3785 7.95387
3786 7.95564
3787 7.95753
3788 7.95954
3789 7.96169
3790 7.96395
3791 7.96626
3792 7.96855
3793 7.97073
3794 7.97274
3795 7.97455
3796 7.97619
3797 7.97772
3798 7.97926
3799 7.98092
3800 7.98277
3801 7.98487
3802 7.98719
3803 7.98966
3804 7.99217
3805 7.9946
3806 7.99687
3807 7.99891
3808 8.00074
3809 8.00244
3810 8.00413
3811 8.00592
3812 8.00793
3813 8.01019
3814 8.0127
3815 8.01539
3816 8.01815
3817 8.0209
3818 8.02358
3819 8.02614
3820 8.02858
3821 8.03094
3822 8.03327
3823 8.03561
3824 8.03801
3825 8.04051
3826 8.04313
3827 8.04588
3828 8.04872
3829 8.0516
3830 8.05441
3831 8.05708
3832 8.05955
3833 8.06181
3834 8.06391
3835 8.06596
3836 8.06805
3837 8.07029
3838 8.07271
3839 8.07529
3840 8.07795
3841 8.08057
3842 8.08305
3843 8.08529
3844 8.08727
3845 8.08901
3846 8.09059
3847 8.09214
3848 8.09379
3849 8.09562
3850 8.09767
3851 8.09989
3852 8.10223
3853 8.10461
3854 8.10693
3855 8.10914
3856 8.1112
3857 8.11311
3858 8.11491
3859 8.11667
3860 8.11847
3861 8.12037
3862 8.12244
3863 8.12471
3864 8.12718
3865 8.12981
3866 8.13252
3867 8.13522
3868 8.13779
3869 8.14014
3870 8.14225
3871 8.14416
3872 8.14595
3873 8.14775
3874 8.14968
3875 8.15182
3876 8.15424
3877 8.15692
3878 8.15981
3879 8.16279
3880 8.16573
3881 8.16856
3882 8.17121
3883 8.1737
3884 8.17607
3885 8.17838
3886 8.18069
3887 8.18304
3888 8.18542
3889 8.18782
3890 8.19021
3891 8.1926
3892 8.19499
3893 8.19741
3894 8.19986
3895 8.20233
3896 8.20481
3897 8.20721
3898 8.20947
3899 8.21154
3900 8.2134
3901 8.21508
3902 8.21663
3903 8.21811
3904 8.21956
3905 8.22097
3906 8.22237
3907 8.22375
3908 8.22513
3909 8.22654
3910 8.22799
3911 8.22948
3912 8.231
3913 8.23252
3914 8.23399
3915 8.23534
3916 8.23655
3917 8.23758
3918 8.23843
3919 8.23914
3920 8.23976
3921 8.24037
3922 8.24107
3923 8.24192
3924 8.24295
3925 8.24415
3926 8.24546
3927 8.24677
3928 8.24797
3929 8.24897
3930 8.24976
3931 8.25037
3932 8.25085
3933 8.25131
3934 8.25184
3935 8.25249
3936 8.2533
3937 8.25425
3938 8.25532
3939 8.25649
3940 8.25772
3941 8.25893
3942 8.26007
3943 8.26106
3944 8.2619
3945 8.26262
3946 8.26331
3947 8.26409
3948 8.2651
3949 8.26643
3950 8.26809
3951 8.27003
3952 8.27212
3953 8.27422
3954 8.2762
3955 8.27799
3956 8.27959
3957 8.28106
3958 8.2825
3959 8.284
3960 8.28567
3961 8.28753
3962 8.28958
3963 8.29177
3964 8.29402
3965 8.2963
3966 8.29857
3967 8.30083
3968 8.3031
3969 8.30539
3970 8.30771
3971 8.31006
3972 8.3124
3973 8.31472
3974 8.31699
3975 8.31919
3976 8.32134
3977 8.32347
3978 8.32562
3979 8.32781
3980 8.33006
3981 8.33232
3982 8.33455
3983 8.3367
3984 8.33876
3985 8.3407
3986 8.34256
3987 8.34436
3988 8.3461
3989 8.34777
3990 8.34937
3991 8.35088
3992 8.35234
3993 8.35377
3994 8.35521
3995 8.35665
3996 8.35809
3997 8.3595
3998 8.3608
3999 8.36193
4000 8.36281
4001 8.36343
4002 8.36385
4003 8.36416
4004 8.36447
4005 8.36489
4006 8.36548
4007 8.36627
4008 8.36719
4009 8.36819
4010 8.36917
4011 8.37005
4012 8.37078
4013 8.37134
4014 8.37177
4015 8.37214
4016 8.37251
4017 8.37293
4018 8.3734
4019 8.37397
4020 8.37465
4021 8.37544
4022 8.37636
4023 8.37737
4024 8.37846
4025 8.37957
4026 8.38068
4027 8.38177
4028 8.38286
4029 8.38395
4030 8.38507
4031 8.38622
4032 8.38742
4033 8.38865
4034 8.38992
4035 8.39122
4036 8.39252
4037 8.39382
4038 8.39509
4039 8.39635
4040 8.39761
4041 8.39887
4042 8.40017
4043 8.40154
4044 8.403
4045 8.40455
4046 8.40618
4047 8.40784
4048 8.40948
4049 8.41107
4050 8.41262
4051 8.41419
4052 8.41582
4053 8.41758
4054 8.41947
4055 8.42145
4056 8.42345
4057 8.42537
4058 8.42714
4059 8.42872
4060 8.43014
4061 8.43149
4062 8.43287
4063 8.43437
4064 8.43607
4065 8.438
4066 8.44012
4067 8.44236
4068 8.44465
4069 8.44688
4070 8.44898
4071 8.4509
4072 8.45262
4073 8.45418
4074 8.45563
4075 8.45707
4076 8.45856
4077 8.46017
4078 8.46191
4079 8.46378
4080 8.46572
4081 8.46768
4082 8.46959
4083 8.47141
4084 8.47313
4085 8.4748
4086 8.47646
4087 8.4782
4088 8.48009
4089 8.48218
4090 8.48445
4091 8.4868
4092 8.48912
4093 8.49126
4094 8.49313
4095 8.49471
4096 8.49606
4097 8.49732
4098 8.49862
4099 8.5001
4100 8.50181
4101 8.50376
4102 8.5059
4103 8.50814
4104 8.5104
4105 8.51257
4106 8.51461
4107 8.51649
4108 8.51817
4109 8.51965
4110 8.52095
4111 8.52212
4112 8.52323
4113 8.52441
4114 8.52576
4115 8.52733
4116 8.52913
4117 8.53108
4118 8.53304
4119 8.53487
4120 8.53646
4121 8.53776
4122 8.5388
4123 8.53969
4124 8.54058
4125 8.54159
4126 8.54281
4127 8.54424
4128 8.54582
4129 8.54741
4130 8.54891
4131 8.55023
4132 8.55133
4133 8.55226
4134 8.55311
4135 8.55397
4136 8.5549
4137 8.55593
4138 8.55704
4139 8.55821
4140 8.55939
4141 8.56056
4142 8.56172
4143 8.5629
4144 8.56412
4145 8.56537
4146 8.56662
4147 8.56786
4148 8.5691
4149 8.57037
4150 8.57169
4151 8.57306
4152 8.57449
4153 8.57594
4154 8.57735
4155 8.5787
4156 8.57996
4157 8.58116
4158 8.58236
4159 8.58367
4160 8.58516
4161 8.58691
4162 8.5889
4163 8.59106
4164 8.59326
4165 8.59538
4166 8.59734
4167 8.59912
4168 8.60074
4169 8.60229
4170 8.60387
4171 8.60557
4172 8.60748
4173 8.60962
4174 8.612
4175 8.61454
4176 8.61718
4177 8.61981
4178 8.62234
4179 8.62473
4180 8.62697
4181 8.62908
4182 8.63111
4183 8.63316
4184 8.6353
4185 8.63759
4186 8.64004
4187 8.64263
4188 8.64527
4189 8.64788
4190 8.65038
4191 8.6527
4192 8.65481
4193 8.65669
4194 8.65839
4195 8.65996
4196 8.66148
4197 8.66302
4198 8.66467
4199 8.66649
4200 8.66847
4201 8.67056
4202 8.67263
4203 8.67454
4204 8.6762
4205 8.67754
4206 8.67858
4207 8.67942
4208 8.68015
4209 8.68088
4210 8.68168
4211 8.68261
4212 8.68366
4213 8.68477
4214 8.68592
4215 8.68707
4216 8.6882
4217 8.68933
4218 8.69042
4219 8.69144
4220 8.69238
4221 8.69322
4222 8.69397
4223 8.69464
4224 8.69528
4225 8.69594
4226 8.69664
4227 8.69741
4228 8.69828
4229 8.69924
4230 8.70029
4231 8.70142
4232 8.7026
4233 8.7038
4234 8.705
4235 8.7062
4236 8.70741
4237 8.70865
4238 8.71
4239 8.71151
4240 8.71322
4241 8.71515
4242 8.71726
4243 8.71949
4244 8.72175
4245 8.72391
4246 8.72589
4247 8.72765
4248 8.72921
4249 8.73067
4250 8.73213
4251 8.7337
4252 8.73545
4253 8.73741
4254 8.73959
4255 8.74197
4256 8.74449
4257 8.74707
4258 8.74962
4259 8.75204
4260 8.75431
4261 8.7564
4262 8.75836
4263 8.76023
4264 8.76208
4265 8.76395
4266 8.76587
4267 8.76787
4268 8.76996
4269 8.77215
4270 8.77441
4271 8.77673
4272 8.77908
4273 8.78146
4274 8.78384
4275 8.78617
4276 8.78841
4277 8.79056
4278 8.79267
4279 8.79482
4280 8.79707
4281 8.79947
4282 8.80204
4283 8.80473
4284 8.80747
4285 8.81018
4286 8.81279
4287 8.81527
4288 8.81761
4289 8.81979
4290 8.82187
4291 8.82388
4292 8.82591
4293 8.82802
4294 8.8303
4295 8.83279
4296 8.83552
4297 8.83842
4298 8.8414
4299 8.84434
4300 8.84714
4301 8.84972
4302 8.85208
4303 8.85428
4304 8.85641
4305 8.85855
4306 8.86078
4307 8.86315
4308 8.86567
4309 8.86831
4310 8.87104
4311 8.87377
4312 8.87646
4313 8.87906
4314 8.88155
4315 8.88393
4316 8.88622
4317 8.88847
4318 8.89074
4319 8.89306
4320 8.89543
4321 8.89783
4322 8.90024
4323 8.90259
4324 8.90486
4325 8.907
4326 8.90897
4327 8.91078
4328 8.91244
4329 8.91399
4330 8.91548
4331 8.91696
4332 8.91844
4333 8.91994
4334 8.92147
4335 8.92302
4336 8.92456
4337 8.92607
4338 8.92752
4339 8.92889
4340 8.93014
4341 8.93129
4342 8.93235
4343 8.93336
4344 8.93437
4345 8.9354
4346 8.93643
4347 8.93746
4348 8.93847
4349 8.93946
4350 8.94044
4351 8.94142
4352 8.94242
4353 8.94349
4354 8.94465
4355 8.94595
4356 8.94742
4357 8.94905
4358 8.95083
4359 8.95269
4360 8.95456
4361 8.9564
4362 8.95817
4363 8.95985
4364 8.96147
4365 8.96308
4366 8.96474
4367 8.9665
4368 8.9684
4369 8.97043
4370 8.97257
4371 8.97477
4372 8.97696
4373 8.9791
4374 8.98116
4375 8.98315
4376 8.9851
4377 8.98709
4378 8.98921
4379 8.99152
4380 8.99402
4381 8.99666
4382 8.99937
4383 9.00202
4384 9.00454
4385 9.00685
4386 9.00895
4387 9.01088
4388 9.01271
4389 9.01456
4390 9.01653
4391 9.0187
4392 9.02112
4393 9.02378
4394 9.02662
4395 9.02955
4396 9.03245
4397 9.03524
4398 9.03788
4399 9.04032
4400 9.04257
4401 9.04466
4402 9.04666
4403 9.04865
4404 9.05072
4405 9.05294
4406 9.05535
4407 9.0579
4408 9.06052
4409 9.06308
4410 9.06541
4411 9.06742
4412 9.06904
4413 9.07031
4414 9.07134
4415 9.07231
4416 9.07342
4417 9.07482
4418 9.07657
4419 9.07866
4420 9.08098
4421 9.08335
4422 9.08558
4423 9.08752
4424 9.08906
4425 9.09022
4426 9.09107
4427 9.09179
4428 9.09256
4429 9.09355
4430 9.09486
4431 9.09649
4432 9.09839
4433 9.10044
4434 9.10255
4435 9.1046
4436 9.10653
4437 9.10834
4438 9.11002
4439 9.11158
4440 9.11306
4441 9.1145
4442 9.11598
4443 9.11754
4444 9.11923
4445 9.12111
4446 9.12319
4447 9.12544
4448 9.12777
4449 9.13008
4450 9.13224
4451 9.13418
4452 9.13589
4453 9.13741
4454 9.13885
4455 9.14033
4456 9.14197
4457 9.14385
4458 9.14599
4459 9.14835
4460 9.15084
4461 9.15336
4462 9.15581
4463 9.15809
4464 9.16016
4465 9.16199
4466 9.16363
4467 9.16515
4468 9.16665
4469 9.16819
4470 9.16985
4471 9.17169
4472 9.1737
4473 9.17586
4474 9.17811
4475 9.18035
4476 9.1825
4477 9.18449
4478 9.18627
4479 9.18784
4480 9.18921
4481 9.19043
4482 9.19154
4483 9.19265
4484 9.19382
4485 9.19512
4486 9.19659
4487 9.19822
4488 9.19995
4489 9.20168
4490 9.20333
4491 9.20483
4492 9.20618
4493 9.20738
4494 9.20848
4495 9.20953
4496 9.2106
4497 9.21176
4498 9.21305
4499 9.21448
4500 9.21605
4501 9.21775
4502 9.21955
4503 9.22141
4504 9.22328
4505 9.22508
4506 9.22675
4507 9.22826
4508 9.22961
4509 9.23083
4510 9.23202
4511 9.23327
4512 9.23468
4513 9.2363
4514 9.23813
4515 9.2401
4516 9.24213
4517 9.2441
4518 9.24591
4519 9.24751
4520 9.24887
4521 9.25006
4522 9.25119
4523 9.25236
4524 9.25363
4525 9.255
4526 9.25648
4527 9.25805
4528 9.25969
4529 9.26139
4530 9.26316
4531 9.26495
4532 9.26671
4533 9.26838
4534 9.26989
4535 9.27118
4536 9.27227
4537 9.27323
4538 9.27412
4539 9.27505
4540 9.27609
4541 9.27729
4542 9.27865
4543 9.28011
4544 9.28156
4545 9.28292
4546 9.2841
4547 9.28506
4548 9.28579
4549 9.28634
4550 9.28678
4551 9.28724
4552 9.28783
4553 9.28864
4554 9.28971
4555 9.29103
4556 9.2925
4557 9.29402
4558 9.29547
4559 9.29679
4560 9.29792
4561 9.29885
4562 9.29963
4563 9.30031
4564 9.30097
4565 9.3017
4566 9.3026
4567 9.30373
4568 9.30512
4569 9.30675
4570 9.30856
4571 9.31046
4572 9.31232
4573 9.31404
4574 9.31553
4575 9.31678
4576 9.31783
4577 9.31877
4578 9.3197
4579 9.32077
4580 9.3221
4581 9.32377
4582 9.32579
4583 9.32808
4584 9.33052
4585 9.33291
4586 9.33511
4587 9.33698
4588 9.33851
4589 9.33973
4590 9.34077
4591 9.34179
4592 9.34296
4593 9.34443
4594 9.34626
4595 9.34842
4596 9.35083
4597 9.35335
4598 9.35585
4599 9.35821
4600 9.36035
4601 9.36221
4602 9.36381
4603 9.36521
4604 9.36655
4605 9.36794
4606 9.3695
4607 9.37128
4608 9.37327
4609 9.37539
4610 9.37756
4611 9.37967
4612 9.38162
4613 9.38335
4614 9.38483
4615 9.38607
4616 9.38713
4617 9.38809
4618 9.38906
4619 9.3901
4620 9.39126
4621 9.39256
4622 9.394
4623 9.39555
4624 9.39719
4625 9.39883
4626 9.40043
4627 9.40195
4628 9.40335
4629 9.40463
4630 9.40582
4631 9.40697
4632 9.40813
4633 9.40935
4634 9.41067
4635 9.41209
4636 9.41362
4637 9.41522
4638 9.41688
4639 9.41861
4640 9.42039
4641 9.42222
4642 9.42407
4643 9.42592
4644 9.4277
4645 9.42939
4646 9.43101
4647 9.43263
4648 9.43436
4649 9.43632
4650 9.43858
4651 9.44114
4652 9.44394
4653 9.44685
4654 9.44971
4655 9.4524
4656 9.45485
4657 9.45708
4658 9.45917
4659 9.46126
4660 9.46346
4661 9.46584
4662 9.46844
4663 9.47124
4664 9.4742
4665 9.47726
4666 9.48034
4667 9.48338
4668 9.48633
4669 9.48914
4670 9.4918
4671 9.4943
4672 9.49669
4673 9.49899
4674 9.50126
4675 9.50354
4676 9.50587
4677 9.50828
4678 9.51079
4679 9.51335
4680 9.51585
4681 9.51819
4682 9.52024
4683 9.52192
4684 9.52323
4685 9.52426
4686 9.52509
4687 9.52585
4688 9.52657
4689 9.52728
4690 9.52795
4691 9.52857
4692 9.52912
4693 9.5296
4694 9.53
4695 9.53038
4696 9.53075
4697 9.5311
4698 9.53139
4699 9.53156
4700 9.53159
4701 9.53142
4702 9.53108
4703 9.53064
4704 9.5302
4705 9.52983
4706 9.52962
4707 9.52958
4708 9.52972
4709 9.53
4710 9.53037
4711 9.53079
4712 9.53122
4713 9.53163
4714 9.53205
4715 9.5325
4716 9.53302
4717 9.53366
4718 9.53447
4719 9.53548
4720 9.53666
4721 9.538
4722 9.53943
4723 9.54093
4724 9.54247
4725 9.54407
4726 9.54574
4727 9.54751
4728 9.54938
4729 9.55139
4730 9.55358
4731 9.55596
4732 9.55851
4733 9.56119
4734 9.56393
4735 9.56666
4736 9.56929
4737 9.57178
4738 9.57414
4739 9.57641
4740 9.5787
4741 9.58111
4742 9.58373
4743 9.58658
4744 9.58961
4745 9.59269
4746 9.5957
4747 9.59849
4748 9.601
4749 9.60318
4750 9.60512
4751 9.60692
4752 9.60879
4753 9.61087
4754 9.61327
4755 9.61596
4756 9.61886
4757 9.62182
4758 9.62468
4759 9.62734
4760 9.6297
4761 9.63177
4762 9.63358
4763 9.63517
4764 9.63662
4765 9.63796
4766 9.63927
4767 9.64058
4768 9.64196
4769 9.64344
4770 9.64502
4771 9.64668
4772 9.6483
4773 9.64979
4774 9.65105
4775 9.65205
4776 9.65281
4777 9.65339
4778 9.6539
4779 9.65442
4780 9.65501
4781 9.6557
4782 9.65652
4783 9.65746
4784 9.65852
4785 9.65967
4786 9.66088
4787 9.6621
4788 9.66332
4789 9.66453
4790 9.66573
4791 9.66695
4792 9.66822
4793 9.66956
4794 9.67099
4795 9.67253
4796 9.6742
4797 9.67601
4798 9.67795
4799 9.68
4800 9.68213
4801 9.68431
4802 9.68649
4803 9.68864
4804 9.69074
4805 9.69279
4806 9.69483
4807 9.69687
4808 9.69897
4809 9.70116
4810 9.70347
4811 9.7059
4812 9.70846
4813 9.71108
4814 9.7137
4815 9.71623
4816 9.71863
4817 9.72092
4818 9.72311
4819 9.72526
4820 9.72743
4821 9.72965
4822 9.73196
4823 9.73437
4824 9.73687
4825 9.73943
4826 9.74201
4827 9.74458
4828 9.7471
4829 9.74953
4830 9.75181
4831 9.75391
4832 9.7558
4833 9.75753
4834 9.75917
4835 9.76082
4836 9.76257
4837 9.76444
4838 9.76642
4839 9.76844
4840 9.77045
4841 9.77239
4842 9.77423
4843 9.77598
4844 9.77768
4845 9.7794
4846 9.7812
4847 9.78311
4848 9.78513
4849 9.78722
4850 9.78932
4851 9.79136
4852 9.79332
4853 9.79517
4854 9.79692
4855 9.79858
4856 9.80016
4857 9.8017
4858 9.80326
4859 9.80484
4860 9.80644
4861 9.80805
4862 9.80967
4863 9.81131
4864 9.81295
4865 9.81456
4866 9.81608
4867 9.81751
4868 9.81885
4869 9.82013
4870 9.8214
4871 9.82273
4872 9.82416
4873 9.82568
4874 9.82725
4875 9.8288
4876 9.83026
4877 9.83159
4878 9.83277
4879 9.83383
4880 9.83484
4881 9.83587
4882 9.83702
4883 9.83835
4884 9.83987
4885 9.84154
4886 9.84329
4887 9.84505
4888 9.84673
4889 9.84828
4890 9.84968
4891 9.85096
4892 9.85215
4893 9.85333
4894 9.85455
4895 9.85584
4896 9.85723
4897 9.8587
4898 9.86023
4899 9.86177
4900 9.8633
4901 9.86477
4902 9.86618
4903 9.86755
4904 9.86893
4905 9.87038
4906 9.87192
4907 9.87356
4908 9.87528
4909 9.87705
4910 9.87885
4911 9.88067
4912 9.88251
4913 9.88439
4914 9.88629
4915 9.88819
4916 9.89008
4917 9.89194
4918 9.89376
4919 9.89553
4920 9.89729
4921 9.89905
4922 9.90084
4923 9.90271
4924 9.90466
4925 9.9067
4926 9.90882
4927 9.91103
4928 9.91334
4929 9.91573
4930 9.9182
4931 9.92074
4932 9.92334
4933 9.92596
4934 9.92855
4935 9.93106
4936 9.93347
4937 9.9358
4938 9.93811
4939 9.94047
4940 9.94299
4941 9.94575
4942 9.94879
4943 9.95209
4944 9.95554
4945 9.95904
4946 9.96245
4947 9.96567
4948 9.96866
4949 9.97143
4950 9.97403
4951 9.97652
4952 9.97901
4953 9.98154
4954 9.98417
4955 9.98688
4956 9.98967
4957 9.99249
4958 9.99528
4959 9.99801
4960 10.0006
4961 10.0031
4962 10.0054
4963 10.0076
4964 10.0096
4965 10.0116
4966 10.0136
4967 10.0155
4968 10.0175
4969 10.0196
4970 10.0217
4971 10.0239
4972 10.026
4973 10.028
4974 10.0299
4975 10.0317
4976 10.0334
4977 10.0349
4978 10.0363
4979 10.0376
4980 10.0389
4981 10.0402
4982 10.0415
4983 10.043
4984 10.0446
4985 10.0463
4986 10.0481
4987 10.0499
4988 10.0518
4989 10.0537
4990 10.0555
4991 10.0572
4992 10.0587
4993 10.0603
4994 10.0619
4995 10.0636
4996 10.0654
4997 10.0674
4998 10.0695
4999 10.0717
5000 10.074
5001 10.0764
5002 10.0787
5003 10.081
5004 10.0832
5005 10.0854
5006 10.0876
5007 10.0897
5008 10.0919
5009 10.094
5010 10.0962
5011 10.0983
5012 10.1004
5013 10.1026
5014 10.1047
5015 10.1069
5016 10.1091
5017 10.1112
5018 10.1131
5019 10.1149
5020 10.1166
5021 10.1182
5022 10.1199
5023 10.1217
5024 10.1237
5025 10.1259
5026 10.1281
5027 10.1304
5028 10.1326
5029 10.1347
5030 10.1366
5031 10.1385
5032 10.1404
5033 10.1424
5034 10.1446
5035 10.1468
5036 10.1492
5037 10.1515
5038 10.1537
5039 10.1558
5040 10.1576
5041 10.1595
5042 10.1613
5043 10.1633
5044 10.1654
5045 10.1678
5046 10.1703
5047 10.1727
5048 10.1751
5049 10.1774
5050 10.1794
5051 10.1813
5052 10.1832
5053 10.1849
5054 10.1867
5055 10.1886
5056 10.1906
5057 10.1927
5058 10.1949
5059 10.1973
5060 10.1998
5061 10.2024
5062 10.2049
5063 10.2073
5064 10.2097
5065 10.2119
5066 10.214
5067 10.2161
5068 10.2182
5069 10.2204
5070 10.2227
5071 10.2251
5072 10.2273
5073 10.2295
5074 10.2315
5075 10.2332
5076 10.2348
5077 10.2363
5078 10.2378
5079 10.2393
5080 10.2408
5081 10.2425
5082 10.2443
5083 10.2461
5084 10.2479
5085 10.2497
5086 10.2514
5087 10.253
5088 10.2546
5089 10.2562
5090 10.2578
5091 10.2594
5092 10.2612
5093 10.2629
5094 10.2647
5095 10.2664
5096 10.268
5097 10.2694
5098 10.2708
5099 10.272
5100 10.2732
5101 10.2743
5102 10.2754
5103 10.2765
5104 10.2776
5105 10.2785
5106 10.2795
5107 10.2803
5108 10.2811
5109 10.2819
5110 10.2826
5111 10.2833
5112 10.2839
5113 10.2845
5114 10.285
5115 10.2857
5116 10.2864
5117 10.2872
5118 10.288
5119 10.289
5120 10.29
5121 10.2911
5122 10.2921
5123 10.2932
5124 10.2942
5125 10.2952
5126 10.2962
5127 10.2974
5128 10.2986
5129 10.2999
5130 10.3014
5131 10.303
5132 10.3047
5133 10.3065
5134 10.3085
5135 10.3106
5136 10.3128
5137 10.3151
5138 10.3173
5139 10.3195
5140 10.3216
5141 10.3236
5142 10.3255
5143 10.3274
5144 10.3294
5145 10.3315
5146 10.3337
5147 10.3361
5148 10.3386
5149 10.3414
5150 10.3442
5151 10.347
5152 10.3497
5153 10.3521
5154 10.3542
5155 10.356
5156 10.3576
5157 10.3592
5158 10.3608
5159 10.3626
5160 10.3647
5161 10.367
5162 10.3695
5163 10.3721
5164 10.3746
5165 10.3769
5166 10.3789
5167 10.3806
5168 10.382
5169 10.3831
5170 10.384
5171 10.3849
5172 10.3859
5173 10.3872
5174 10.3888
5175 10.3907
5176 10.3929
5177 10.3952
5178 10.3975
5179 10.3996
5180 10.4016
5181 10.4033
5182 10.4049
5183 10.4063
5184 10.4077
5185 10.4092
5186 10.4108
5187 10.4125
5188 10.4144
5189 10.4165
5190 10.4186
5191 10.4208
5192 10.4229
5193 10.4249
5194 10.4267
5195 10.4285
5196 10.4302
5197 10.4319
5198 10.4337
5199 10.4356
5200 10.4375
5201 10.4396
5202 10.4416
5203 10.4438
5204 10.4459
5205 10.4482
5206 10.4505
5207 10.4528
5208 10.4551
5209 10.4574
5210 10.4596
5211 10.4618
5212 10.464
5213 10.4662
5214 10.4685
5215 10.4709
5216 10.4732
5217 10.4756
5218 10.4779
5219 10.4801
5220 10.4823
5221 10.4843
5222 10.4862
5223 10.4879
5224 10.4896
5225 10.4911
5226 10.4926
5227 10.4941
5228 10.4955
5229 10.4969
5230 10.4983
5231 10.4996
5232 10.5009
5233 10.5021
5234 10.5032
5235 10.5043
5236 10.5054
5237 10.5064
5238 10.5075
5239 10.5086
5240 10.5097
5241 10.5108
5242 10.5118
5243 10.5127
5244 10.5137
5245 10.5145
5246 10.5154
5247 10.5162
5248 10.5171
5249 10.518
5250 10.5189
5251 10.5199
5252 10.5209
5253 10.5221
5254 10.5232
5255 10.5244
5256 10.5256
5257 10.5268
5258 10.5279
5259 10.529
5260 10.53
5261 10.531
5262 10.532
5263 10.5332
5264 10.5345
5265 10.5359
5266 10.5375
5267 10.5392
5268 10.5409
5269 10.5425
5270 10.544
5271 10.5455
5272 10.5468
5273 10.5482
5274 10.5498
5275 10.5514
5276 10.5534
5277 10.5555
5278 10.5577
5279 10.5601
5280 10.5625
5281 10.5647
5282 10.5668
5283 10.5688
5284 10.5706
5285 10.5722
5286 10.5739
5287 10.5755
5288 10.5771
5289 10.5789
5290 10.5807
5291 10.5827
5292 10.5847
5293 10.5868
5294 10.5889
5295 10.5909
5296 10.5927
5297 10.5945
5298 10.5962
5299 10.5979
5300 10.5997
5301 10.6016
5302 10.6036
5303 10.6057
5304 10.6078
5305 10.6099
5306 10.6119
5307 10.6138
5308 10.6156
5309 10.6173
5310 10.619
5311 10.6207
5312 10.6225
5313 10.6242
5314 10.6261
5315 10.6279
5316 10.6297
5317 10.6314
5318 10.6331
5319 10.6346
5320 10.6359
5321 10.6371
5322 10.6382
5323 10.6392
5324 10.6401
5325 10.6411
5326 10.642
5327 10.6429
5328 10.6439
5329 10.6449
5330 10.6459
5331 10.6468
5332 10.6476
5333 10.6483
5334 10.649
5335 10.6495
5336 10.65
5337 10.6505
5338 10.651
5339 10.6514
5340 10.652
5341 10.6527
5342 10.6536
5343 10.6546
5344 10.6558
5345 10.657
5346 10.6583
5347 10.6595
5348 10.6606
5349 10.6617
5350 10.6628
5351 10.664
5352 10.6654
5353 10.6671
5354 10.6691
5355 10.6714
5356 10.6738
5357 10.6764
5358 10.6789
5359 10.6813
5360 10.6836
5361 10.6856
5362 10.6876
5363 10.6895
5364 10.6914
5365 10.6935
5366 10.6958
5367 10.6984
5368 10.7012
5369 10.7041
5370 10.7073
5371 10.7104
5372 10.7136
5373 10.7165
5374 10.7193
5375 10.7218
5376 10.7241
5377 10.7262
5378 10.7281
5379 10.7302
5380 10.7323
5381 10.7346
5382 10.737
5383 10.7395
5384 10.7419
5385 10.7441
5386 10.7462
5387 10.748
5388 10.7496
5389 10.751
5390 10.7523
5391 10.7536
5392 10.7548
5393 10.7562
5394 10.7577
5395 10.7592
5396 10.7607
5397 10.7621
5398 10.7634
5399 10.7646
5400 10.7655
5401 10.7663
5402 10.7669
5403 10.7673
5404 10.7677
5405 10.7681
5406 10.7685
5407 10.769
5408 10.7696
5409 10.7703
5410 10.7712
5411 10.7721
5412 10.7729
5413 10.7736
5414 10.7741
5415 10.7744
5416 10.7747
5417 10.775
5418 10.7754
5419 10.7759
5420 10.7766
5421 10.7775
5422 10.7785
5423 10.7796
5424 10.7805
5425 10.7814
5426 10.7823
5427 10.7831
5428 10.7839
5429 10.7847
5430 10.7855
5431 10.7864
5432 10.7874
5433 10.7885
5434 10.7897
5435 10.7912
5436 10.7927
5437 10.7943
5438 10.796
5439 10.7976
5440 10.7992
5441 10.8008
5442 10.8023
5443 10.8038
5444 10.8051
5445 10.8065
5446 10.8079
5447 10.8094
5448 10.811
5449 10.8128
5450 10.8147
5451 10.8169
5452 10.8192
5453 10.8215
5454 10.8239
5455 10.8263
5456 10.8285
5457 10.8307
5458 10.8328
5459 10.8348
5460 10.8369
5461 10.8391
5462 10.8414
5463 10.8439
5464 10.8465
5465 10.8492
5466 10.852
5467 10.8546
5468 10.8572
5469 10.8597
5470 10.8621
5471 10.8643
5472 10.8663
5473 10.8682
5474 10.87
5475 10.8718
5476 10.8736
5477 10.8754
5478 10.8775
5479 10.8797
5480 10.882
5481 10.8844
5482 10.8866
5483 10.8887
5484 10.8904
5485 10.8917
5486 10.8926
5487 10.8932
5488 10.8937
5489 10.8941
5490 10.8946
5491 10.8953
5492 10.8962
5493 10.8973
5494 10.8986
5495 10.8998
5496 10.901
5497 10.9019
5498 10.9026
5499 10.9031
5500 10.9034
5501 10.9037
5502 10.9039
5503 10.9043
5504 10.9048
5505 10.9055
5506 10.9063
5507 10.9073
5508 10.9082
5509 10.9091
5510 10.9099
5511 10.9106
5512 10.9112
5513 10.9117
5514 10.9122
5515 10.9128
5516 10.9134
5517 10.9142
5518 10.9153
5519 10.9165
5520 10.918
5521 10.9196
5522 10.9214
5523 10.9231
5524 10.9249
5525 10.9266
5526 10.9284
5527 10.9301
5528 10.9319
5529 10.9338
5530 10.9358
5531 10.938
5532 10.9403
5533 10.9427
5534 10.9453
5535 10.948
5536 10.9508
5537 10.9537
5538 10.9566
5539 10.9594
5540 10.9621
5541 10.9649
5542 10.9676
5543 10.9704
5544 10.9733
5545 10.9762
5546 10.9791
5547 10.9821
5548 10.985
5549 10.9878
5550 10.9904
5551 10.9929
5552 10.9953
5553 10.9976
5554 11.0001
5555 11.0026
5556 11.0051
5557 11.0077
5558 11.0103
5559 11.0128
5560 11.0152
5561 11.0174
5562 11.0195
5563 11.0213
5564 11.023
5565 11.0246
5566 11.0262
5567 11.0278
5568 11.0295
5569 11.0313
5570 11.0331
5571 11.035
5572 11.0366
5573 11.0381
5574 11.0393
5575 11.0402
5576 11.041
5577 11.0417
5578 11.0424
5579 11.0434
5580 11.0447
5581 11.0463
5582 11.0481
5583 11.0501
5584 11.0522
5585 11.0541
5586 11.0559
5587 11.0575
5588 11.0588
5589 11.06
5590 11.0612
5591 11.0623
5592 11.0637
5593 11.0654
5594 11.0673
5595 11.0695
5596 11.0718
5597 11.0741
5598 11.0765
5599 11.0788
5600 11.0811
5601 11.0833
5602 11.0855
5603 11.0878
5604 11.09
5605 11.0921
5606 11.0942
5607 11.0962
5608 11.0982
5609 11.1003
5610 11.1025
5611 11.1049
5612 11.1074
5613 11.11
5614 11.1124
5615 11.1147
5616 11.1167
5617 11.1186
5618 11.1205
5619 11.1224
5620 11.1246
5621 11.127
5622 11.1296
5623 11.1324
5624 11.1352
5625 11.1379
5626 11.1404
5627 11.1428
5628 11.145
5629 11.1472
5630 11.1494
5631 11.1515
5632 11.1536
5633 11.1557
5634 11.1577
5635 11.1597
5636 11.1617
5637 11.1637
5638 11.1656
5639 11.1675
5640 11.1693
5641 11.171
5642 11.1726
5643 11.174
5644 11.1753
5645 11.1766
5646 11.178
5647 11.1795
5648 11.1812
5649 11.183
5650 11.1848
5651 11.1865
5652 11.188
5653 11.1892
5654 11.1902
5655 11.191
5656 11.1916
5657 11.1922
5658 11.193
5659 11.194
5660 11.1953
5661 11.197
5662 11.1988
5663 11.2007
5664 11.2026
5665 11.2042
5666 11.2056
5667 11.2068
5668 11.2079
5669 11.209
5670 11.2101
5671 11.2114
5672 11.2129
5673 11.2145
5674 11.2163
5675 11.2183
5676 11.2202
5677 11.2221
5678 11.2238
5679 11.2255
5680 11.227
5681 11.2285
5682 11.2301
5683 11.2317
5684 11.2335
5685 11.2353
5686 11.2372
5687 11.2391
5688 11.241
5689 11.2428
5690 11.2446
5691 11.2464
5692 11.2482
5693 11.2501
5694 11.252
5695 11.2541
5696 11.2562
5697 11.2583
5698 11.2605
5699 11.2627
5700 11.2649
5701 11.2669
5702 11.2689
5703 11.2709
5704 11.2728
5705 11.2746
5706 11.2764
5707 11.2781
5708 11.2797
5709 11.2812
5710 11.2826
5711 11.284
5712 11.2856
5713 11.2872
5714 11.2891
5715 11.2911
5716 11.2932
5717 11.2952
5718 11.2971
5719 11.2987
5720 11.3001
5721 11.3014
5722 11.3026
5723 11.3038
5724 11.3051
5725 11.3064
5726 11.3079
5727 11.3095
5728 11.3112
5729 11.3129
5730 11.3146
5731 11.3163
5732 11.3181
5733 11.3198
5734 11.3214
5735 11.3229
5736 11.3243
5737 11.3257
5738 11.3272
5739 11.3289
5740 11.3308
5741 11.3331
5742 11.3355
5743 11.3379
5744 11.3402
5745 11.3424
5746 11.3443
5747 11.346
5748 11.3475
5749 11.3488
5750 11.3501
5751 11.3515
5752 11.353
5753 11.3547
5754 11.3565
5755 11.3584
5756 11.3603
5757 11.3623
5758 11.3642
5759 11.3662
5760 11.368
5761 11.3698
5762 11.3715
5763 11.373
5764 11.3745
5765 11.3758
5766 11.377
5767 11.3783
5768 11.3796
5769 11.381
5770 11.3823
5771 11.3837
5772 11.385
5773 11.3864
5774 11.3878
5775 11.3893
5776 11.3909
5777 11.3926
5778 11.3944
5779 11.3962
5780 11.3979
5781 11.3994
5782 11.4009
5783 11.4024
5784 11.4038
5785 11.4054
5786 11.4071
5787 11.4089
5788 11.4109
5789 11.4129
5790 11.4149
5791 11.417
5792 11.419
5793 11.421
5794 11.423
5795 11.4249
5796 11.4269
5797 11.429
5798 11.4311
5799 11.4334
5800 11.4358
5801 11.4384
5802 11.4411
5803 11.444
5804 11.4469
5805 11.4499
5806 11.4527
5807 11.4554
5808 11.4579
5809 11.4603
5810 11.4627
5811 11.4651
5812 11.4675
5813 11.4701
5814 11.4729
5815 11.4759
5816 11.4791
5817 11.4824
5818 11.4857
5819 11.4891
5820 11.4924
5821 11.4955
5822 11.4984
5823 11.5011
5824 11.5036
5825 11.5061
5826 11.5086
5827 11.5111
5828 11.5137
5829 11.5163
5830 11.519
5831 11.5216
5832 11.5243
5833 11.5269
5834 11.5295
5835 11.5321
5836 11.5345
5837 11.5368
5838 11.5389
5839 11.5408
5840 11.5427
5841 11.5444
5842 11.5463
5843 11.5481
5844 11.55
5845 11.5519
5846 11.5537
5847 11.5553
5848 11.5567
5849 11.5578
5850 11.5587
5851 11.5596
5852 11.5604
5853 11.5612
5854 11.5622
5855 11.5632
5856 11.5644
5857 11.5658
5858 11.5673
5859 11.5688
5860 11.5703
5861 11.5718
5862 11.573
5863 11.5739
5864 11.5747
5865 11.5752
5866 11.5757
5867 11.5762
5868 11.5768
5869 11.5777
5870 11.5789
5871 11.5804
5872 11.5823
5873 11.5843
5874 11.5863
5875 11.5882
5876 11.5898
5877 11.5913
5878 11.5925
5879 11.5938
5880 11.5951
5881 11.5966
5882 11.5983
5883 11.6001
5884 11.6021
5885 11.6041
5886 11.606
5887 11.608
5888 11.6098
5889 11.6117
5890 11.6136
5891 11.6155
5892 11.6174
5893 11.6194
5894 11.6215
5895 11.6237
5896 11.626
5897 11.6285
5898 11.631
5899 11.6335
5900 11.6361
5901 11.6385
5902 11.6408
5903 11.6429
5904 11.6448
5905 11.6466
5906 11.6482
5907 11.6497
5908 11.6513
5909 11.653
5910 11.6549
5911 11.6569
5912 11.6591
5913 11.6614
5914 11.6637
5915 11.6658
5916 11.6677
5917 11.6694
5918 11.6708
5919 11.672
5920 11.6731
5921 11.6742
5922 11.6755
5923 11.677
5924 11.6787
5925 11.6805
5926 11.6825
5927 11.6844
5928 11.6863
5929 11.6879
5930 11.6893
5931 11.6905
5932 11.6916
5933 11.6928
5934 11.694
5935 11.6953
5936 11.6968
5937 11.6985
5938 11.7002
5939 11.7019
5940 11.7036
5941 11.7052
5942 11.7065
5943 11.7076
5944 11.7086
5945 11.7096
5946 11.7105
5947 11.7115
5948 11.7128
5949 11.7142
5950 11.7158
5951 11.7177
5952 11.7196
5953 11.7215
5954 11.7234
5955 11.7252
5956 11.7269
5957 11.7285
5958 11.7301
5959 11.7317
5960 11.7335
5961 11.7353
5962 11.7372
5963 11.739
5964 11.7409
5965 11.7426
5966 11.7444
5967 11.7461
5968 11.7478
5969 11.7496
5970 11.7515
5971 11.7535
5972 11.7557
5973 11.7579
5974 11.7602
5975 11.7624
5976 11.7647
5977 11.7669
5978 11.769
5979 11.7711
5980 11.7731
5981 11.7752
5982 11.7774
5983 11.7796
5984 11.7819
5985 11.7842
5986 11.7865
5987 11.7888
5988 11.7911
5989 11.7935
5990 11.7959
5991 11.7983
5992 11.8008
5993 11.8032
5994 11.8053
5995 11.8073
5996 11.809
5997 11.8105
5998 11.812
5999 11.8135
6000 11.8151
6001 11.8169
6002 11.8187
6003 11.8207
6004 11.8226
6005 11.8245
6006 11.8263
6007 11.8281
6008 11.8298
6009 11.8315
6010 11.8331
6011 11.8347
6012 11.8363
6013 11.838
6014 11.8397
6015 11.8415
6016 11.8432
6017 11.8449
6018 11.8466
6019 11.8483
6020 11.8498
6021 11.8513
6022 11.8527
6023 11.854
6024 11.8553
6025 11.8565
6026 11.8578
6027 11.8591
6028 11.8605
6029 11.862
6030 11.8637
6031 11.8656
6032 11.8675
6033 11.8696
6034 11.8717
6035 11.8738
6036 11.8758
6037 11.8777
6038 11.8796
6039 11.8815
6040 11.8834
6041 11.8854
6042 11.8875
6043 11.8897
6044 11.8921
6045 11.8946
6046 11.8972
6047 11.8998
6048 11.9024
6049 11.905
6050 11.9076
6051 11.9101
6052 11.9126
6053 11.915
6054 11.9175
6055 11.9199
6056 11.9224
6057 11.925
6058 11.9276
6059 11.9302
6060 11.9328
6061 11.9353
6062 11.9378
6063 11.9401
6064 11.9423
6065 11.9444
6066 11.9466
6067 11.9488
6068 11.9511
6069 11.9534
6070 11.9558
6071 11.9581
6072 11.9604
6073 11.9626
6074 11.9646
6075 11.9666
6076 11.9685
6077 11.9703
6078 11.9721
6079 11.9738
6080 11.9753
6081 11.9768
6082 11.9781
6083 11.9795
6084 11.9809
6085 11.9822
6086 11.9836
6087 11.985
6088 11.9863
6089 11.9876
6090 11.9888
6091 11.9898
6092 11.9908
6093 11.9916
6094 11.9925
6095 11.9932
6096 11.9941
6097 11.9949
6098 11.9959
6099 11.997
6100 11.9982
6101 11.9993
6102 12.0004
6103 12.0014
6104 12.0024
6105 12.0033
6106 12.0042
6107 12.0051
6108 12.0061
6109 12.0072
6110 12.0084
6111 12.0096
6112 12.0109
6113 12.0123
6114 12.0137
6115 12.0151
6116 12.0165
6117 12.0179
6118 12.0192
6119 12.0204
6120 12.0217
6121 12.0231
6122 12.0246
6123 12.0262
6124 12.028
6125 12.0299
6126 12.0319
6127 12.0339
6128 12.036
6129 12.0381
6130 12.0402
6131 12.0424
6132 12.0445
6133 12.0467
6134 12.0489
6135 12.051
6136 12.0531
6137 12.0552
6138 12.0572
6139 12.0593
6140 12.0614
6141 12.0635
6142 12.0657
6143 12.068
6144 12.0704
6145 12.0728
6146 12.0753
6147 12.0776
6148 12.0797
6149 12.0816
6150 12.0834
6151 12.085
6152 12.0865
6153 12.088
6154 12.0895
6155 12.091
6156 12.0925
6157 12.0941
6158 12.0958
6159 12.0974
6160 12.099
6161 12.1006
6162 12.1022
6163 12.1036
6164 12.1048
6165 12.1059
6166 12.1068
6167 12.1076
6168 12.1083
6169 12.109
6170 12.1098
6171 12.1106
6172 12.1116
6173 12.1126
6174 12.1137
6175 12.1146
6176 12.1155
6177 12.1161
6178 12.1166
6179 12.1169
6180 12.1171
6181 12.1174
6182 12.1177
6183 12.1182
6184 12.119
6185 12.12
6186 12.1213
6187 12.1228
6188 12.1245
6189 12.1263
6190 12.1279
6191 12.1295
6192 12.1309
6193 12.1321
6194 12.1332
6195 12.1342
6196 12.1353
6197 12.1367
6198 12.1383
6199 12.1402
6200 12.1424
6201 12.1446
6202 12.1469
6203 12.149
6204 12.151
6205 12.1528
6206 12.1545
6207 12.1562
6208 12.1579
6209 12.1598
6210 12.1619
6211 12.1643
6212 12.1668
6213 12.1694
6214 12.172
6215 12.1744
6216 12.1768
6217 12.179
6218 12.1811
6219 12.1832
6220 12.1852
6221 12.1874
6222 12.1896
6223 12.1919
6224 12.1944
6225 12.197
6226 12.1996
6227 12.2022
6228 12.2048
6229 12.2073
6230 12.2098
6231 12.2123
6232 12.2147
6233 12.2171
6234 12.2194
6235 12.2216
6236 12.2237
6237 12.2258
6238 12.2278
6239 12.2297
6240 12.2316
6241 12.2334
6242 12.235
6243 12.2366
6244 12.2382
6245 12.2398
6246 12.2414
6247 12.2432
6248 12.2449
6249 12.2466
6250 12.2483
6251 12.2497
6252 12.2511
6253 12.2522
6254 12.2533
6255 12.2544
6256 12.2555
6257 12.2567
6258 12.2578
6259 12.259
6260 12.2602
6261 12.2612
6262 12.262
6263 12.2627
6264 12.2633
6265 12.2638
6266 12.2643
6267 12.2649
6268 12.2656
6269 12.2665
6270 12.2675
6271 12.2686
6272 12.2697
6273 12.2707
6274 12.2715
6275 12.2721
6276 12.2725
6277 12.2729
6278 12.2734
6279 12.2738
6280 12.2744
6281 12.275
6282 12.2757
6283 12.2764
6284 12.2773
6285 12.2782
6286 12.2793
6287 12.2805
6288 12.2818
6289 12.2831
6290 12.2844
6291 12.2856
6292 12.2869
6293 12.2882
6294 12.2896
6295 12.2912
6296 12.2929
6297 12.2947
6298 12.2966
6299 12.2983
6300 12.2999
6301 12.3014
6302 12.3028
6303 12.3041
6304 12.3055
6305 12.3071
6306 12.3088
6307 12.3108
6308 12.3129
6309 12.3151
6310 12.3171
6311 12.3191
6312 12.3208
6313 12.3223
6314 12.3237
6315 12.3251
6316 12.3267
6317 12.3283
6318 12.3302
6319 12.3322
6320 12.3343
6321 12.3364
6322 12.3384
6323 12.3404
6324 12.3422
6325 12.3438
6326 12.3454
6327 12.3468
6328 12.3481
6329 12.3495
6330 12.351
6331 12.3527
6332 12.3546
6333 12.3565
6334 12.3584
6335 12.3602
6336 12.3617
6337 12.363
6338 12.364
6339 12.3648
6340 12.3655
6341 12.3663
6342 12.3672
6343 12.3683
6344 12.3696
6345 12.3712
6346 12.3729
6347 12.3746
6348 12.3762
6349 12.3777
6350 12.379
6351 12.3801
6352 12.3811
6353 12.382
6354 12.383
6355 12.3842
6356 12.3855
6357 12.387
6358 12.3886
6359 12.3904
6360 12.3923
6361 12.3944
6362 12.3964
6363 12.3985
6364 12.4004
6365 12.4022
6366 12.4038
6367 12.4054
6368 12.4069
6369 12.4085
6370 12.4103
6371 12.4123
6372 12.4145
6373 12.4169
6374 12.4193
6375 12.4218
6376 12.4242
6377 12.4265
6378 12.4287
6379 12.4307
6380 12.4326
6381 12.4344
6382 12.4361
6383 12.4379
6384 12.4397
6385 12.4417
6386 12.4438
6387 12.446
6388 12.4483
6389 12.4506
6390 12.4529
6391 12.4551
6392 12.4573
6393 12.4594
6394 12.4614
6395 12.4633
6396 12.4651
6397 12.4669
6398 12.4688
6399 12.4708
6400 12.473
6401 12.4752
6402 12.4774
6403 12.4797
6404 12.4819
6405 12.484
6406 12.486
6407 12.4879
6408 12.4896
6409 12.4912
6410 12.4927
6411 12.4941
6412 12.4956
6413 12.497
6414 12.4986
6415 12.5002
6416 12.5018
6417 12.5035
6418 12.5051
6419 12.5067
6420 12.5081
6421 12.5096
6422 12.511
6423 12.5125
6424 12.514
6425 12.5157
6426 12.5173
6427 12.519
6428 12.5205
6429 12.5219
6430 12.5233
6431 12.5247
6432 12.5262
6433 12.5279
6434 12.5298
6435 12.532
6436 12.5343
6437 12.5367
6438 12.539
6439 12.5412
6440 12.5434
6441 12.5455
6442 12.5476
6443 12.5498
6444 12.5521
6445 12.5547
6446 12.5574
6447 12.5601
6448 12.563
6449 12.5657
6450 12.5684
6451 12.5709
6452 12.5733
6453 12.5757
6454 12.578
6455 12.5804
6456 12.5828
6457 12.5853
6458 12.5879
6459 12.5905
6460 12.5931
6461 12.5957
6462 12.5983
6463 12.6008
6464 12.6033
6465 12.6057
6466 12.6081
6467 12.6104
6468 12.6127
6469 12.6152
6470 12.6177
6471 12.6202
6472 12.6228
6473 12.6253
6474 12.6277
6475 12.6298
6476 12.6317
6477 12.6334
6478 12.6349
6479 12.6364
6480 12.638
6481 12.6397
6482 12.6416
6483 12.6436
6484 12.6457
6485 12.6476
6486 12.6494
6487 12.6509
6488 12.6522
6489 12.6531
6490 12.6539
6491 12.6546
6492 12.6551
6493 12.6556
6494 12.6561
6495 12.6568
6496 12.6575
6497 12.6585
6498 12.6598
6499 12.6612
6500 12.6627
6501 12.6641
6502 12.6654
6503 12.6665
6504 12.6673
6505 12.6679
6506 12.6685
6507 12.6692
6508 12.6701
6509 12.6712
6510 12.6727
6511 12.6745
6512 12.6765
6513 12.6787
6514 12.6809
6515 12.683
6516 12.6851
6517 12.6872
6518 12.6892
6519 12.6912
6520 12.6932
6521 12.6954
6522 12.6976
6523 12.7
6524 12.7027
6525 12.7055
6526 12.7085
6527 12.7117
6528 12.7149
6529 12.7181
6530 12.7213
6531 12.7244
6532 12.7274
6533 12.7303
6534 12.7332
6535 12.7361
6536 12.7392
6537 12.7422
6538 12.7453
6539 12.7483
6540 12.7512
6541 12.7541
6542 12.757
6543 12.7599
6544 12.7627
6545 12.7655
6546 12.7683
6547 12.7708
6548 12.7732
6549 12.7754
6550 12.7774
6551 12.7793
6552 12.7811
6553 12.7829
6554 12.7847
6555 12.7866
6556 12.7885
6557 12.7906
6558 12.7928
6559 12.7951
6560 12.7973
6561 12.7994
6562 12.8013
6563 12.803
6564 12.8044
6565 12.8055
6566 12.8065
6567 12.8074
6568 12.8083
6569 12.8092
6570 12.8103
6571 12.8115
6572 12.8129
6573 12.8144
6574 12.8158
6575 12.8172
6576 12.8184
6577 12.8195
6578 12.8203
6579 12.8209
6580 12.8214
6581 12.8218
6582 12.8222
6583 12.8228
6584 12.8237
6585 12.8249
6586 12.8263
6587 12.8278
6588 12.8294
6589 12.8308
6590 12.832
6591 12.8329
6592 12.8337
6593 12.8344
6594 12.8351
6595 12.8359
6596 12.8369
6597 12.8382
6598 12.8396
6599 12.8411
6600 12.8426
6601 12.8442
6602 12.8457
6603 12.8472
6604 12.8486
6605 12.8501
6606 12.8516
6607 12.8531
6608 12.8547
6609 12.8563
6610 12.8579
6611 12.8595
6612 12.8612
6613 12.8631
6614 12.8651
6615 12.8674
6616 12.8698
6617 12.8722
6618 12.8747
6619 12.8772
6620 12.8796
6621 12.882
6622 12.8843
6623 12.8866
6624 12.8888
6625 12.8911
6626 12.8933
6627 12.8955
6628 12.8977
6629 12.8999
6630 12.9021
6631 12.9043
6632 12.9065
6633 12.9086
6634 12.9105
6635 12.9124
6636 12.9141
6637 12.9157
6638 12.9172
6639 12.9188
6640 12.9203
6641 12.9219
6642 12.9236
6643 12.9252
6644 12.9268
6645 12.9282
6646 12.9296
6647 12.931
6648 12.9322
6649 12.9334
6650 12.9347
6651 12.9359
6652 12.9372
6653 12.9385
6654 12.9397
6655 12.9408
6656 12.9418
6657 12.9427
6658 12.9435
6659 12.9442
6660 12.9448
6661 12.9455
6662 12.9462
6663 12.947
6664 12.9481
6665 12.9493
6666 12.9507
6667 12.9521
6668 12.9534
6669 12.9546
6670 12.9556
6671 12.9565
6672 12.9572
6673 12.9579
6674 12.9587
6675 12.9597
6676 12.9608
6677 12.9622
6678 12.9638
6679 12.9657
6680 12.9678
6681 12.9699
6682 12.9719
6683 12.9739
6684 12.9757
6685 12.9772
6686 12.9787
6687 12.9801
6688 12.9815
6689 12.9831
6690 12.985
6691 12.9871
6692 12.9895
6693 12.9921
6694 12.9948
6695 12.9975
6696 13.0001
6697 13.0026
6698 13.0049
6699 13.0072
6700 13.0095
6701 13.0119
6702 13.0144
6703 13.017
6704 13.0198
6705 13.0226
6706 13.0256
6707 13.0285
6708 13.0313
6709 13.0341
6710 13.0368
6711 13.0393
6712 13.0417
6713 13.044
6714 13.0464
6715 13.0489
6716 13.0515
6717 13.0542
6718 13.0571
6719 13.0602
6720 13.0632
6721 13.0663
6722 13.0693
6723 13.0722
6724 13.0749
6725 13.0775
6726 13.0798
6727 13.0818
6728 13.0837
6729 13.0855
6730 13.0872
6731 13.0889
6732 13.0907
6733 13.0927
6734 13.0948
6735 13.097
6736 13.0992
6737 13.1014
6738 13.1034
6739 13.1052
6740 13.1067
6741 13.1079
6742 13.1089
6743 13.1097
6744 13.1104
6745 13.1113
6746 13.1123
6747 13.1135
6748 13.1148
6749 13.1163
6750 13.1177
6751 13.119
6752 13.1202
6753 13.1211
6754 13.1218
6755 13.1222
6756 13.1226
6757 13.1228
6758 13.1231
6759 13.1235
6760 13.1242
6761 13.125
6762 13.126
6763 13.1271
6764 13.1282
6765 13.1292
6766 13.1302
6767 13.131
6768 13.1318
6769 13.1325
6770 13.1332
6771 13.134
6772 13.1349
6773 13.1361
6774 13.1375
6775 13.1391
6776 13.1408
6777 13.1427
6778 13.1446
6779 13.1466
6780 13.1487
6781 13.1509
6782 13.1532
6783 13.1555
6784 13.1579
6785 13.1603
6786 13.1628
6787 13.1653
6788 13.1679
6789 13.1706
6790 13.1732
6791 13.176
6792 13.1787
6793 13.1816
6794 13.1845
6795 13.1875
6796 13.1906
6797 13.1938
6798 13.197
6799 13.2001
6800 13.2033
6801 13.2064
6802 13.2095
6803 13.2126
6804 13.2157
6805 13.2188
6806 13.2219
6807 13.225
6808 13.2281
6809 13.2311
6810 13.234
6811 13.2368
6812 13.2395
6813 13.242
6814 13.2444
6815 13.2466
6816 13.2487
6817 13.2506
6818 13.2525
6819 13.2544
6820 13.2563
6821 13.2582
6822 13.2599
6823 13.2615
6824 13.263
6825 13.2643
6826 13.2654
6827 13.2664
6828 13.2673
6829 13.268
6830 13.2687
6831 13.2694
6832 13.27
6833 13.2706
6834 13.2712
6835 13.2719
6836 13.2726
6837 13.2734
6838 13.2742
6839 13.2749
6840 13.2755
6841 13.276
6842 13.2762
6843 13.2762
6844 13.276
6845 13.2758
6846 13.2756
6847 13.2756
6848 13.2758
6849 13.2761
6850 13.2767
6851 13.2774
6852 13.2782
6853 13.2788
6854 13.2795
6855 13.2801
6856 13.2806
6857 13.2812
6858 13.2818
6859 13.2824
6860 13.2831
6861 13.2839
6862 13.2848
6863 13.286
6864 13.2873
6865 13.2888
6866 13.2904
6867 13.292
6868 13.2935
6869 13.2949
6870 13.2962
6871 13.2974
6872 13.2988
6873 13.3002
6874 13.3017
6875 13.3034
6876 13.3051
6877 13.307
6878 13.309
6879 13.3111
6880 13.3133
6881 13.3155
6882 13.3177
6883 13.3198
6884 13.3219
6885 13.3238
6886 13.3256
6887 13.3273
6888 13.3288
6889 13.3303
6890 13.3318
6891 13.3332
6892 13.3347
6893 13.3364
6894 13.3382
6895 13.3401
6896 13.3422
6897 13.3442
6898 13.3463
6899 13.3482
6900 13.35
6901 13.3516
6902 13.353
6903 13.3542
6904 13.3554
6905 13.3565
6906 13.3577
6907 13.3591
6908 13.3605
6909 13.3621
6910 13.3637
6911 13.3654
6912 13.367
6913 13.3684
6914 13.3696
6915 13.3706
6916 13.3715
6917 13.3722
6918 13.373
6919 13.3739
6920 13.3749
6921 13.3761
6922 13.3775
6923 13.379
6924 13.3806
6925 13.3822
6926 13.3838
6927 13.3854
6928 13.3868
6929 13.3881
6930 13.3894
6931 13.3907
6932 13.3919
6933 13.393
6934 13.3942
6935 13.3953
6936 13.3965
6937 13.3976
6938 13.3986
6939 13.3997
6940 13.4007
6941 13.4018
6942 13.4029
6943 13.404
6944 13.4051
6945 13.4062
6946 13.4072
6947 13.4081
6948 13.4088
6949 13.4093
6950 13.4097
6951 13.4099
6952 13.4102
6953 13.4105
6954 13.411
6955 13.4117
6956 13.4127
6957 13.4138
6958 13.415
6959 13.4163
6960 13.4176
6961 13.4187
6962 13.4196
6963 13.4204
6964 13.421
6965 13.4216
6966 13.4224
6967 13.4234
6968 13.4246
6969 13.4262
6970 13.4279
6971 13.4299
6972 13.4319
6973 13.4339
6974 13.4358
6975 13.4376
6976 13.4392
6977 13.4407
6978 13.4422
6979 13.4438
6980 13.4455
6981 13.4474
6982 13.4495
6983 13.4517
6984 13.454
6985 13.4562
6986 13.4584
6987 13.4606
6988 13.4627
6989 13.4647
6990 13.4667
6991 13.4687
6992 13.4707
6993 13.4728
6994 13.4748
6995 13.4769
6996 13.4791
6997 13.4812
6998 13.4834
6999 13.4855
7000 13.4875
7001 13.4894
7002 13.4913
7003 13.4931
7004 13.495
7005 13.4969
7006 13.4988
7007 13.5008
7008 13.5028
7009 13.5046
7010 13.5063
7011 13.5077
7012 13.509
7013 13.5102
7014 13.5112
7015 13.5122
7016 13.5132
7017 13.5142
7018 13.5151
7019 13.5161
7020 13.517
7021 13.5179
7022 13.5187
7023 13.5195
7024 13.5203
7025 13.5209
7026 13.5214
7027 13.5218
7028 13.5221
7029 13.5225
7030 13.5229
7031 13.5235
7032 13.5241
7033 13.5249
7034 13.5256
7035 13.5262
7036 13.5267
7037 13.5271
7038 13.5274
7039 13.5277
7040 13.5279
7041 13.5283
7042 13.5287
7043 13.5293
7044 13.5299
7045 13.5306
7046 13.5311
7047 13.5316
7048 13.5321
7049 13.5325
7050 13.5329
7051 13.5335
7052 13.5341
7053 13.5348
7054 13.5355
7055 13.5362
7056 13.5368
7057 13.5373
7058 13.5378
7059 13.5383
7060 13.5388
7061 13.5396
7062 13.5405
7063 13.5416
7064 13.5428
7065 13.5439
7066 13.5451
7067 13.5462
7068 13.5473
7069 13.5483
7070 13.5493
7071 13.5503
7072 13.5514
7073 13.5525
7074 13.5538
7075 13.5552
7076 13.5567
7077 13.5583
7078 13.5598
7079 13.5614
7080 13.5628
7081 13.5641
7082 13.5654
7083 13.5666
7084 13.5678
7085 13.5691
7086 13.5705
7087 13.5719
7088 13.5735
7089 13.5752
7090 13.577
7091 13.5789
7092 13.5807
7093 13.5826
7094 13.5843
7095 13.5859
7096 13.5874
7097 13.5889
7098 13.5903
7099 13.5917
7100 13.5932
7101 13.5948
7102 13.5966
7103 13.5984
7104 13.6004
7105 13.6024
7106 13.6044
7107 13.6063
7108 13.608
7109 13.6096
7110 13.6109
7111 13.612
7112 13.6131
7113 13.6142
7114 13.6155
7115 13.6171
7116 13.6189
7117 13.6209
7118 13.623
7119 13.6251
7120 13.627
7121 13.6285
7122 13.6298
7123 13.6307
7124 13.6315
7125 13.6322
7126 13.6329
7127 13.6339
7128 13.6351
7129 13.6365
7130 13.638
7131 13.6395
7132 13.6408
7133 13.6421
7134 13.6431
7135 13.644
7136 13.6448
7137 13.6455
7138 13.6463
7139 13.6472
7140 13.6482
7141 13.6495
7142 13.6509
7143 13.6526
7144 13.6544
7145 13.6562
7146 13.658
7147 13.6595
7148 13.6607
7149 13.6616
7150 13.6622
7151 13.6627
7152 13.6631
7153 13.6637
7154 13.6646
7155 13.6657
7156 13.6671
7157 13.6686
7158 13.6702
7159 13.6716
7160 13.6729
7161 13.674
7162 13.6747
7163 13.6753
7164 13.6757
7165 13.6762
7166 13.6767
7167 13.6774
7168 13.6784
7169 13.6796
7170 13.681
7171 13.6825
7172 13.684
7173 13.6855
7174 13.6869
7175 13.6881
7176 13.6891
7177 13.6899
7178 13.6907
7179 13.6913
7180 13.692
7181 13.6927
7182 13.6937
7183 13.6949
7184 13.6962
7185 13.6978
7186 13.6993
7187 13.7009
7188 13.7023
7189 13.7036
7190 13.7046
7191 13.7055
7192 13.7062
7193 13.7069
7194 13.7075
7195 13.7081
7196 13.7089
7197 13.71
7198 13.7113
7199 13.7128
7200 13.7146
7201 13.7164
7202 13.7182
7203 13.7198
7204 13.7211
7205 13.7222
7206 13.723
7207 13.7239
7208 13.7248
7209 13.726
7210 13.7276
7211 13.7295
7212 13.7318
7213 13.7342
7214 13.7366
7215 13.7389
7216 13.7408
7217 13.7423
7218 13.7435
7219 13.7444
7220 13.7452
7221 13.746
7222 13.7469
7223 13.7481
7224 13.7497
7225 13.7516
7226 13.7537
7227 13.7559
7228 13.7579
7229 13.7598
7230 13.7612
7231 13.7623
7232 13.763
7233 13.7637
7234 13.7644
7235 13.7653
7236 13.7664
7237 13.7679
7238 13.7697
7239 13.7716
7240 13.7735
7241 13.7753
7242 13.7768
7243 13.7781
7244 13.7792
7245 13.7801
7246 13.7808
7247 13.7815
7248 13.7823
7249 13.7831
7250 13.7842
7251 13.7856
7252 13.7871
7253 13.7887
7254 13.7903
7255 13.7918
7256 13.793
7257 13.7941
7258 13.795
7259 13.7958
7260 13.7966
7261 13.7977
7262 13.799
7263 13.8006
7264 13.8024
7265 13.8042
7266 13.8061
7267 13.8079
7268 13.8096
7269 13.8112
7270 13.8127
7271 13.8141
7272 13.8156
7273 13.8172
7274 13.8188
7275 13.8205
7276 13.8222
7277 13.824
7278 13.8259
7279 13.8279
7280 13.8299
7281 13.8319
7282 13.834
7283 13.8359
7284 13.8378
7285 13.8397
7286 13.8416
7287 13.8434
7288 13.8452
7289 13.8471
7290 13.8489
7291 13.8508
7292 13.8527
7293 13.8546
7294 13.8566
7295 13.8585
7296 13.8604
7297 13.8622
7298 13.8639
7299 13.8655
7300 13.8672
7301 13.8688
7302 13.8704
7303 13.8721
7304 13.8738
7305 13.8756
7306 13.8775
7307 13.8793
7308 13.8812
7309 13.883
7310 13.8847
7311 13.8863
7312 13.8878
7313 13.8893
7314 13.8907
7315 13.8922
7316 13.8937
7317 13.8953
7318 13.8968
7319 13.8985
7320 13.9002
7321 13.9019
7322 13.9037
7323 13.9054
7324 13.907
7325 13.9086
7326 13.91
7327 13.9112
7328 13.9124
7329 13.9134
7330 13.9144
7331 13.9154
7332 13.9164
7333 13.9174
7334 13.9184
7335 13.9194
7336 13.9202
7337 13.921
7338 13.9217
7339 13.9224
7340 13.923
7341 13.9237
7342 13.9244
7343 13.9252
7344 13.926
7345 13.927
7346 13.9279
7347 13.9288
7348 13.9296
7349 13.9303
7350 13.931
7351 13.9316
7352 13.9322
7353 13.9327
7354 13.9333
7355 13.9338
7356 13.9344
7357 13.935
7358 13.9356
7359 13.9363
7360 13.9369
7361 13.9376
7362 13.9383
7363 13.9392
7364 13.9401
7365 13.9412
7366 13.9424
7367 13.9438
7368 13.9453
7369 13.9469
7370 13.9485
7371 13.95
7372 13.9512
7373 13.9522
7374 13.953
7375 13.9537
7376 13.9543
7377 13.9551
7378 13.9561
7379 13.9574
7380 13.9591
7381 13.961
7382 13.9631
7383 13.9652
7384 13.9672
7385 13.969
7386 13.9705
7387 13.9718
7388 13.9729
7389 13.9739
7390 13.975
7391 13.9763
7392 13.9777
7393 13.9793
7394 13.9811
7395 13.9829
7396 13.9846
7397 13.9862
7398 13.9877
7399 13.9889
7400 13.99
7401 13.9911
7402 13.9922
7403 13.9935
7404 13.9951
7405 13.997
7406 13.9992
7407 14.0014
7408 14.0037
7409 14.0059
7410 14.0078
7411 14.0096
7412 14.0111
7413 14.0125
7414 14.0138
7415 14.0152
7416 14.0168
7417 14.0185
7418 14.0205
7419 14.0226
7420 14.0248
7421 14.0271
7422 14.0294
7423 14.0315
7424 14.0335
7425 14.0353
7426 14.037
7427 14.0385
7428 14.0401
7429 14.0417
7430 14.0434
7431 14.0453
7432 14.0475
7433 14.0499
7434 14.0524
7435 14.0548
7436 14.0571
7437 14.0591
7438 14.0609
7439 14.0624
7440 14.0638
7441 14.0651
7442 14.0665
7443 14.068
7444 14.0698
7445 14.0718
7446 14.0739
7447 14.0761
7448 14.0782
7449 14.0802
7450 14.082
7451 14.0835
7452 14.0848
7453 14.0859
7454 14.0869
7455 14.0879
7456 14.0891
7457 14.0905
7458 14.0921
7459 14.0939
7460 14.0957
7461 14.0975
7462 14.0991
7463 14.1005
7464 14.1018
7465 14.1029
7466 14.1039
7467 14.105
7468 14.1061
7469 14.1073
7470 14.1086
7471 14.11
7472 14.1114
7473 14.1128
7474 14.114
7475 14.1151
7476 14.116
7477 14.1168
7478 14.1176
7479 14.1184
7480 14.1193
7481 14.1204
7482 14.1216
7483 14.1229
7484 14.1242
7485 14.1254
7486 14.1265
7487 14.1274
7488 14.1282
7489 14.1289
7490 14.1295
7491 14.1301
7492 14.1307
7493 14.1315
7494 14.1324
7495 14.1335
7496 14.1345
7497 14.1355
7498 14.1364
7499 14.1372
7500 14.1379
7501 14.1385
7502 14.139
7503 14.1394
7504 14.1398
7505 14.1402
7506 14.1407
7507 14.1411
7508 14.1417
7509 14.1423
7510 14.143
7511 14.1439
7512 14.1448
7513 14.1457
7514 14.1466
7515 14.1474
7516 14.1482
7517 14.1489
7518 14.1496
7519 14.1503
7520 14.1511
7521 14.1521
7522 14.1533
7523 14.1546
7524 14.1561
7525 14.1576
7526 14.1591
7527 14.1605
7528 14.1618
7529 14.1631
7530 14.1643
7531 14.1656
7532 14.167
7533 14.1686
7534 14.1704
7535 14.1725
7536 14.1748
7537 14.1771
7538 14.1794
7539 14.1817
7540 14.1837
7541 14.1856
7542 14.1873
7543 14.1889
7544 14.1906
7545 14.1926
7546 14.1948
7547 14.1973
7548 14.2001
7549 14.203
7550 14.206
7551 14.2088
7552 14.2115
7553 14.2139
7554 14.2161
7555 14.2183
7556 14.2206
7557 14.223
7558 14.2256
7559 14.2284
7560 14.2315
7561 14.2348
7562 14.2381
7563 14.2414
7564 14.2444
7565 14.2471
7566 14.2495
7567 14.2518
7568 14.2538
7569 14.2559
7570 14.2581
7571 14.2605
7572 14.2632
7573 14.2661
7574 14.2691
7575 14.2722
7576 14.2752
7577 14.278
7578 14.2806
7579 14.2828
7580 14.2848
7581 14.2865
7582 14.2881
7583 14.2897
7584 14.2914
7585 14.2931
7586 14.2949
7587 14.2968
7588 14.2985
7589 14.3001
7590 14.3015
7591 14.3026
7592 14.3037
7593 14.3046
7594 14.3056
7595 14.3065
7596 14.3076
7597 14.3086
7598 14.3097
7599 14.3107
7600 14.3116
7601 14.3124
7602 14.313
7603 14.3134
7604 14.3137
7605 14.3139
7606 14.3141
7607 14.3142
7608 14.3144
7609 14.3146
7610 14.3148
7611 14.315
7612 14.3153
7613 14.3156
7614 14.316
7615 14.3163
7616 14.3166
7617 14.3169
7618 14.3172
7619 14.3175
7620 14.3178
7621 14.3183
7622 14.3188
7623 14.3195
7624 14.3204
7625 14.3213
7626 14.3223
7627 14.3234
7628 14.3245
7629 14.3257
7630 14.3268
7631 14.3279
7632 14.3291
7633 14.3302
7634 14.3314
7635 14.3327
7636 14.3341
7637 14.3356
7638 14.3373
7639 14.3391
7640 14.341
7641 14.3431
7642 14.3452
7643 14.3472
7644 14.3493
7645 14.3512
7646 14.3531
7647 14.3549
7648 14.3566
7649 14.3584
7650 14.3601
7651 14.362
7652 14.3641
7653 14.3664
7654 14.3689
7655 14.3717
7656 14.3745
7657 14.3773
7658 14.38
7659 14.3824
7660 14.3845
7661 14.3864
7662 14.3881
7663 14.3897
7664 14.3914
7665 14.3933
7666 14.3954
7667 14.3976
7668 14.3998
7669 14.4019
7670 14.404
7671 14.4059
7672 14.4077
7673 14.4094
7674 14.411
7675 14.4126
7676 14.4142
7677 14.4157
7678 14.4172
7679 14.4186
7680 14.42
7681 14.4213
7682 14.4227
7683 14.424
7684 14.4254
7685 14.4268
7686 14.4281
7687 14.4295
7688 14.4308
7689 14.4321
7690 14.4334
7691 14.4347
7692 14.436
7693 14.4373
7694 14.4386
7695 14.4399
7696 14.4411
7697 14.4423
7698 14.4433
7699 14.4443
7700 14.4452
7701 14.4462
7702 14.4473
7703 14.4484
7704 14.4496
7705 14.4508
7706 14.452
7707 14.4532
7708 14.4542
7709 14.4552
7710 14.4562
7711 14.4573
7712 14.4584
7713 14.4597
7714 14.4612
7715 14.4628
7716 14.4645
7717 14.4662
7718 14.4679
7719 14.4696
7720 14.4713
7721 14.473
7722 14.4747
7723 14.4765
7724 14.4783
7725 14.4801
7726 14.482
7727 14.4839
7728 14.4857
7729 14.4876
7730 14.4893
7731 14.4911
7732 14.4927
7733 14.4943
7734 14.4959
7735 14.4975
7736 14.4991
7737 14.5008
7738 14.5026
7739 14.5046
7740 14.5068
7741 14.509
7742 14.5112
7743 14.5133
7744 14.5151
7745 14.5167
7746 14.5181
7747 14.5193
7748 14.5205
7749 14.5218
7750 14.5234
7751 14.5252
7752 14.5272
7753 14.5294
7754 14.5315
7755 14.5336
7756 14.5356
7757 14.5372
7758 14.5387
7759 14.5398
7760 14.5408
7761 14.5416
7762 14.5425
7763 14.5435
7764 14.5446
7765 14.5458
7766 14.5471
7767 14.5485
7768 14.5498
7769 14.5511
7770 14.5523
7771 14.5534
7772 14.5542
7773 14.5548
7774 14.5553
7775 14.5556
7776 14.5559
7777 14.5563
7778 14.5569
7779 14.5579
7780 14.5591
7781 14.5605
7782 14.5619
7783 14.5633
7784 14.5645
7785 14.5654
7786 14.566
7787 14.5665
7788 14.5669
7789 14.5674
7790 14.5681
7791 14.569
7792 14.5702
7793 14.5717
7794 14.5734
7795 14.5752
7796 14.5771
7797 14.579
7798 14.5808
7799 14.5825
7800 14.5839
7801 14.5853
7802 14.5867
7803 14.5882
7804 14.59
7805 14.5921
7806 14.5945
7807 14.5971
7808 14.5999
7809 14.6028
7810 14.6057
7811 14.6084
7812 14.6111
7813 14.6135
7814 14.6158
7815 14.618
7816 14.6203
7817 14.6227
7818 14.6252
7819 14.6278
7820 14.6305
7821 14.6333
7822 14.6359
7823 14.6384
7824 14.6407
7825 14.6427
7826 14.6446
7827 14.6465
7828 14.6484
7829 14.6507
7830 14.6532
7831 14.656
7832 14.6591
7833 14.6621
7834 14.665
7835 14.6676
7836 14.6698
7837 14.6714
7838 14.6726
7839 14.6735
7840 14.6742
7841 14.675
7842 14.6762
7843 14.6777
7844 14.6795
7845 14.6817
7846 14.684
7847 14.6863
7848 14.6883
7849 14.69
7850 14.6912
7851 14.6921
7852 14.6927
7853 14.6933
7854 14.6938
7855 14.6946
7856 14.6956
7857 14.6969
7858 14.6984
7859 14.7001
7860 14.7018
7861 14.7034
7862 14.7048
7863 14.7058
7864 14.7065
7865 14.7069
7866 14.7072
7867 14.7075
7868 14.7079
7869 14.7088
7870 14.71
7871 14.7117
7872 14.7136
7873 14.7156
7874 14.7175
7875 14.719
7876 14.7202
7877 14.7209
7878 14.7213
7879 14.7214
7880 14.7216
7881 14.7219
7882 14.7226
7883 14.7236
7884 14.7249
7885 14.7265
7886 14.7281
7887 14.7298
7888 14.7313
7889 14.7326
7890 14.7337
7891 14.7346
7892 14.7353
7893 14.7359
7894 14.7365
7895 14.7373
7896 14.7384
7897 14.7397
7898 14.7412
7899 14.7429
7900 14.7447
7901 14.7465
7902 14.7482
7903 14.7496
7904 14.7508
7905 14.7517
7906 14.7525
7907 14.7532
7908 14.7539
7909 14.7547
7910 14.7557
7911 14.7568
7912 14.7581
7913 14.7595
7914 14.761
7915 14.7624
7916 14.7638
7917 14.7651
7918 14.7663
7919 14.7674
7920 14.7684
7921 14.7694
7922 14.7704
7923 14.7715
7924 14.7726
7925 14.7737
7926 14.7749
7927 14.7762
7928 14.7773
7929 14.7785
7930 14.7797
7931 14.7809
7932 14.7822
7933 14.7837
7934 14.7852
7935 14.7868
7936 14.7883
7937 14.7897
7938 14.7909
7939 14.7919
7940 14.7929
7941 14.7938
7942 14.7949
7943 14.7962
7944 14.7978
7945 14.7996
7946 14.8015
7947 14.8034
7948 14.8051
7949 14.8068
7950 14.8084
7951 14.8101
7952 14.8118
7953 14.8135
7954 14.8154
7955 14.8173
7956 14.8192
7957 14.8211
7958 14.823
7959 14.825
7960 14.8271
7961 14.8295
7962 14.832
7963 14.8347
7964 14.8374
7965 14.84
7966 14.8425
7967 14.8448
7968 14.8469
7969 14.8491
7970 14.8514
7971 14.8539
7972 14.8567
7973 14.8598
7974 14.863
7975 14.8661
7976 14.8692
7977 14.8722
7978 14.875
7979 14.8777
7980 14.8803
7981 14.8829
7982 14.8855
7983 14.8883
7984 14.8911
7985 14.894
7986 14.8969
7987 14.8997
7988 14.9025
7989 14.9052
7990 14.9077
7991 14.9102
7992 14.9126
7993 14.9149
7994 14.9173
7995 14.9197
7996 14.9222
7997 14.9247
7998 14.9273
7999 14.9298
8000 14.9322
8001 14.9346
8002 14.9368
8003 14.9389
8004 14.9409
8005 14.943
8006 14.9451
8007 14.9473
8008 14.9494
8009 14.9516
8010 14.9537
8011 14.9558
8012 14.9579
8013 14.96
8014 14.9621
8015 14.9641
8016 14.966
8017 14.9679
8018 14.9698
8019 14.9717
8020 14.9736
8021 14.9755
8022 14.9773
8023 14.9791
8024 14.9808
8025 14.9825
8026 14.9842
8027 14.9858
8028 14.9875
8029 14.989
8030 14.9906
8031 14.992
8032 14.9934
8033 14.9947
8034 14.9959
8035 14.997
8036 14.9982
8037 14.9994
8038 15.0006
8039 15.0018
8040 15.0032
8041 15.0045
8042 15.0058
8043 15.0071
8044 15.0084
8045 15.0096
8046 15.0108
8047 15.0119
8048 15.013
8049 15.0141
8050 15.0152
8051 15.0163
8052 15.0174
8053 15.0185
8054 15.0198
8055 15.0212
8056 15.0227
8057 15.0242
8058 15.0258
8059 15.0273
8060 15.0288
8061 15.0303
8062 15.0319
8063 15.0337
8064 15.0357
8065 15.0378
8066 15.0402
8067 15.0428
8068 15.0455
8069 15.0483
8070 15.0512
8071 15.0541
8072 15.0569
8073 15.0596
8074 15.0622
8075 15.0647
8076 15.067
8077 15.0693
8078 15.0716
8079 15.0741
8080 15.0768
8081 15.0796
8082 15.0824
8083 15.0853
8084 15.0881
8085 15.0908
8086 15.0933
8087 15.0956
8088 15.0977
8089 15.0997
8090 15.1016
8091 15.1034
8092 15.1053
8093 15.1072
8094 15.1091
8095 15.1111
8096 15.1132
8097 15.1154
8098 15.1174
8099 15.1193
8100 15.1209
8101 15.1223
8102 15.1235
8103 15.1246
8104 15.1256
8105 15.1266
8106 15.1277
8107 15.1289
8108 15.1303
8109 15.1319
8110 15.1334
8111 15.1349
8112 15.1363
8113 15.1375
8114 15.1384
8115 15.139
8116 15.1396
8117 15.1401
8118 15.1408
8119 15.1417
8120 15.1429
8121 15.1443
8122 15.146
8123 15.1477
8124 15.1494
8125 15.151
8126 15.1523
8127 15.1534
8128 15.1543
8129 15.1552
8130 15.1561
8131 15.1571
8132 15.1584
8133 15.1598
8134 15.1614
8135 15.1631
8136 15.1647
8137 15.1664
8138 15.1679
8139 15.1694
8140 15.1708
8141 15.1721
8142 15.1732
8143 15.1743
8144 15.1754
8145 15.1765
8146 15.1778
8147 15.1791
8148 15.1806
8149 15.1822
8150 15.1838
8151 15.1855
8152 15.187
8153 15.1885
8154 15.1898
8155 15.1911
8156 15.1925
8157 15.1939
8158 15.1956
8159 15.1973
8160 15.1992
8161 15.2011
8162 15.2029
8163 15.2046
8164 15.2062
8165 15.2077
8166 15.2092
8167 15.2106
8168 15.2123
8169 15.2141
8170 15.2161
8171 15.2183
8172 15.2204
8173 15.2225
8174 15.2245
8175 15.2264
8176 15.2281
8177 15.2298
8178 15.2316
8179 15.2335
8180 15.2355
8181 15.2377
8182 15.2398
8183 15.242
8184 15.244
8185 15.2458
8186 15.2475
8187 15.2491
8188 15.2505
8189 15.2519
8190 15.2532
8191 15.2544
8192 15.2557
8193 15.257
8194 15.2584
8195 15.2599
8196 15.2615
8197 15.263
8198 15.2644
8199 15.2657
8200 15.2668
8201 15.2678
8202 15.2688
8203 15.2698
8204 15.2709
8205 15.2721
8206 15.2735
8207 15.2748
8208 15.2762
8209 15.2774
8210 15.2786
8211 15.2798
8212 15.2809
8213 15.2822
8214 15.2836
8215 15.2852
8216 15.2868
8217 15.2885
8218 15.2902
8219 15.2919
8220 15.2937
8221 15.2956
8222 15.2975
8223 15.2996
8224 15.3018
8225 15.304
8226 15.3061
8227 15.3081
8228 15.31
8229 15.3119
8230 15.3139
8231 15.316
8232 15.3182
8233 15.3205
8234 15.323
8235 15.3254
8236 15.3278
8237 15.33
8238 15.3321
8239 15.3341
8240 15.3361
8241 15.338
8242 15.3399
8243 15.3418
8244 15.3436
8245 15.3453
8246 15.3469
8247 15.3483
8248 15.3496
8249 15.3507
8250 15.3518
8251 15.3528
8252 15.3537
8253 15.3546
8254 15.3554
8255 15.3561
8256 15.3567
8257 15.3572
8258 15.3577
8259 15.3581
8260 15.3584
8261 15.3586
8262 15.3589
8263 15.3591
8264 15.3593
8265 15.3595
8266 15.3597
8267 15.3601
8268 15.3604
8269 15.3608
8270 15.3611
8271 15.3613
8272 15.3615
8273 15.3615
8274 15.3615
8275 15.3615
8276 15.3616
8277 15.3618
8278 15.3623
8279 15.3629
8280 15.3637
8281 15.3645
8282 15.3654
8283 15.3663
8284 15.367
8285 15.3677
8286 15.3685
8287 15.3693
8288 15.3704
8289 15.3717
8290 15.3731
8291 15.3748
8292 15.3765
8293 15.3782
8294 15.3798
8295 15.3814
8296 15.383
8297 15.3845
8298 15.386
8299 15.3876
8300 15.3892
8301 15.391
8302 15.393
8303 15.395
8304 15.3972
8305 15.3994
8306 15.4016
8307 15.4037
8308 15.4057
8309 15.4076
8310 15.4093
8311 15.4109
8312 15.4124
8313 15.4139
8314 15.4156
8315 15.4175
8316 15.4196
8317 15.4219
8318 15.4244
8319 15.4268
8320 15.429
8321 15.431
8322 15.4327
8323 15.4343
8324 15.4356
8325 15.437
8326 15.4383
8327 15.4397
8328 15.4413
8329 15.443
8330 15.4448
8331 15.4467
8332 15.4487
8333 15.4505
8334 15.4523
8335 15.4539
8336 15.4553
8337 15.4564
8338 15.4575
8339 15.4585
8340 15.4594
8341 15.4604
8342 15.4614
8343 15.4624
8344 15.4634
8345 15.4643
8346 15.465
8347 15.4657
8348 15.4662
8349 15.4668
8350 15.4673
8351 15.4679
8352 15.4686
8353 15.4695
8354 15.4704
8355 15.4713
8356 15.4722
8357 15.4731
8358 15.474
8359 15.4749
8360 15.4759
8361 15.4768
8362 15.4778
8363 15.4788
8364 15.4799
8365 15.4809
8366 15.482
8367 15.4831
8368 15.4841
8369 15.4851
8370 15.4862
8371 15.4873
8372 15.4886
8373 15.49
8374 15.4915
8375 15.493
8376 15.4945
8377 15.496
8378 15.4975
8379 15.4991
8380 15.5007
8381 15.5024
8382 15.504
8383 15.5057
8384 15.5074
8385 15.509
8386 15.5107
8387 15.5124
8388 15.5139
8389 15.5154
8390 15.5166
8391 15.5177
8392 15.5185
8393 15.5192
8394 15.5199
8395 15.5206
8396 15.5216
8397 15.5227
8398 15.5241
8399 15.5255
8400 15.527
8401 15.5283
8402 15.5294
8403 15.5302
8404 15.5307
8405 15.531
8406 15.5312
8407 15.5314
8408 15.5318
8409 15.5325
8410 15.5335
8411 15.5348
8412 15.5363
8413 15.5379
8414 15.5393
8415 15.5404
8416 15.5412
8417 15.5416
8418 15.5417
8419 15.5416
8420 15.5416
8421 15.5418
8422 15.5424
8423 15.5435
8424 15.545
8425 15.5468
8426 15.5487
8427 15.5505
8428 15.5521
8429 15.5535
8430 15.5546
8431 15.5556
8432 15.5566
8433 15.5576
8434 15.5589
8435 15.5605
8436 15.5624
8437 15.5645
8438 15.5667
8439 15.5691
8440 15.5715
8441 15.5739
8442 15.5762
8443 15.5784
8444 15.5805
8445 15.5825
8446 15.5845
8447 15.5865
8448 15.5887
8449 15.5911
8450 15.5936
8451 15.5962
8452 15.5988
8453 15.6015
8454 15.6041
8455 15.6066
8456 15.6091
8457 15.6114
8458 15.6136
8459 15.6158
8460 15.618
8461 15.6201
8462 15.6222
8463 15.6244
8464 15.6266
8465 15.6288
8466 15.631
8467 15.6332
8468 15.6353
8469 15.6372
8470 15.6389
8471 15.6405
8472 15.642
8473 15.6434
8474 15.6448
8475 15.6463
8476 15.6479
8477 15.6496
8478 15.6515
8479 15.6533
8480 15.655
8481 15.6565
8482 15.6578
8483 15.659
8484 15.6599
8485 15.6607
8486 15.6615
8487 15.6624
8488 15.6635
8489 15.6648
8490 15.6663
8491 15.6679
8492 15.6696
8493 15.6713
8494 15.6728
8495 15.6741
8496 15.6751
8497 15.676
8498 15.6766
8499 15.677
8500 15.6775
8501 15.678
8502 15.6786
8503 15.6794
8504 15.6804
8505 15.6815
8506 15.6827
8507 15.6838
8508 15.6847
8509 15.6853
8510 15.6858
8511 15.6861
8512 15.6864
8513 15.6868
8514 15.6873
8515 15.6881
8516 15.6891
8517 15.6902
8518 15.6914
8519 15.6926
8520 15.6938
8521 15.6949
8522 15.6959
8523 15.6969
8524 15.6977
8525 15.6985
8526 15.6993
8527 15.7001
8528 15.701
8529 15.7021
8530 15.7033
8531 15.7047
8532 15.7061
8533 15.7076
8534 15.7091
8535 15.7105
8536 15.7117
8537 15.7128
8538 15.7139
8539 15.7149
8540 15.716
8541 15.7173
8542 15.7188
8543 15.7206
8544 15.7226
8545 15.725
8546 15.7275
8547 15.7302
8548 15.7328
8549 15.7352
8550 15.7374
8551 15.7393
8552 15.741
8553 15.7424
8554 15.7438
8555 15.7452
8556 15.7468
8557 15.7487
8558 15.7509
8559 15.7534
8560 15.756
8561 15.7587
8562 15.7612
8563 15.7635
8564 15.7654
8565 15.7669
8566 15.768
8567 15.7687
8568 15.7693
8569 15.7699
8570 15.7706
8571 15.7715
8572 15.7727
8573 15.7742
8574 15.7759
8575 15.7776
8576 15.7793
8577 15.7807
8578 15.7817
8579 15.7823
8580 15.7827
8581 15.7829
8582 15.7831
8583 15.7833
8584 15.7838
8585 15.7845
8586 15.7855
8587 15.7866
8588 15.788
8589 15.7893
8590 15.7906
8591 15.7917
8592 15.7925
8593 15.7929
8594 15.793
8595 15.793
8596 15.793
8597 15.7932
8598 15.7936
8599 15.7943
8600 15.7954
8601 15.7967
8602 15.7982
8603 15.7998
8604 15.8015
8605 15.8031
8606 15.8047
8607 15.8062
8608 15.8077
8609 15.8092
8610 15.8107
8611 15.8123
8612 15.8142
8613 15.8163
8614 15.8188
8615 15.8215
8616 15.8245
8617 15.8276
8618 15.8307
8619 15.8337
8620 15.8364
8621 15.8389
8622 15.8411
8623 15.8432
8624 15.8452
8625 15.8474
8626 15.8498
8627 15.8525
8628 15.8554
8629 15.8586
8630 15.8618
8631 15.865
8632 15.8679
8633 15.8706
8634 15.8729
8635 15.8749
8636 15.8765
8637 15.8779
8638 15.8791
8639 15.8803
8640 15.8817
8641 15.8833
8642 15.8852
8643 15.8873
8644 15.8896
8645 15.8919
8646 15.894
8647 15.8959
8648 15.8974
8649 15.8987
8650 15.8998
8651 15.9008
8652 15.9018
8653 15.9028
8654 15.9039
8655 15.905
8656 15.9063
8657 15.9076
8658 15.909
8659 15.9105
8660 15.9119
8661 15.9132
8662 15.9142
8663 15.915
8664 15.9156
8665 15.9162
8666 15.9167
8667 15.9175
8668 15.9185
8669 15.9198
8670 15.9214
8671 15.9232
8672 15.9251
8673 15.9269
8674 15.9287
8675 15.9303
8676 15.9317
8677 15.933
8678 15.9342
8679 15.9353
8680 15.9365
8681 15.9377
8682 15.9391
8683 15.9408
8684 15.9427
8685 15.9449
8686 15.9473
8687 15.9496
8688 15.9518
8689 15.9538
8690 15.9556
8691 15.9571
8692 15.9585
8693 15.9598
8694 15.9614
8695 15.9631
8696 15.9652
8697 15.9674
8698 15.9699
8699 15.9724
8700 15.9749
8701 15.9772
8702 15.9793
8703 15.9812
8704 15.9829
8705 15.9845
8706 15.986
8707 15.9875
8708 15.9892
8709 15.9911
8710 15.9931
8711 15.9953
8712 15.9975
8713 15.9997
8714 16.0017
8715 16.0036
8716 16.0053
8717 16.0068
8718 16.0083
8719 16.0097
8720 16.011
8721 16.0123
8722 16.0137
8723 16.015
8724 16.0164
8725 16.0177
8726 16.019
8727 16.0202
8728 16.0214
8729 16.0226
8730 16.0239
8731 16.0252
8732 16.0265
8733 16.0279
8734 16.0294
8735 16.0309
8736 16.0324
8737 16.0338
8738 16.0353
8739 16.0367
8740 16.0381
8741 16.0394
8742 16.0407
8743 16.0421
8744 16.0434
8745 16.0449
8746 16.0464
8747 16.0482
8748 16.05
8749 16.0519
8750 16.0538
8751 16.0557
8752 16.0574
8753 16.0591
8754 16.0608
8755 16.0626
8756 16.0644
8757 16.0664
8758 16.0685
8759 16.0708
8760 16.0731
8761 16.0755
8762 16.078
8763 16.0805
8764 16.083
8765 16.0853
8766 16.0876
8767 16.0898
8768 16.092
8769 16.0941
8770 16.0964
8771 16.0987
8772 16.1011
8773 16.1035
8774 16.1059
8775 16.1083
8776 16.1106
8777 16.1129
8778 16.1152
8779 16.1173
8780 16.1194
8781 16.1213
8782 16.1231
8783 16.1249
8784 16.1267
8785 16.1285
8786 16.1305
8787 16.1325
8788 16.1345
8789 16.1366
8790 16.1386
8791 16.1405
8792 16.1423
8793 16.144
8794 16.1456
8795 16.1472
8796 16.1488
8797 16.1505
8798 16.1522
8799 16.1541
8800 16.156
8801 16.1581
8802 16.1601
8803 16.1621
8804 16.1639
8805 16.1655
8806 16.1669
8807 16.1683
8808 16.1695
8809 16.1708
8810 16.1722
8811 16.1737
8812 16.1755
8813 16.1775
8814 16.1795
8815 16.1815
8816 16.1834
8817 16.1851
8818 16.1866
8819 16.1879
8820 16.1892
8821 16.1904
8822 16.1918
8823 16.1934
8824 16.1951
8825 16.197
8826 16.1989
8827 16.2009
8828 16.2028
8829 16.2047
8830 16.2066
8831 16.2083
8832 16.21
8833 16.2116
8834 16.213
8835 16.2144
8836 16.2158
8837 16.2172
8838 16.2188
8839 16.2204
8840 16.2222
8841 16.224
8842 16.2258
8843 16.2276
8844 16.2293
8845 16.231
8846 16.2327
8847 16.2343
8848 16.236
8849 16.2376
8850 16.2392
8851 16.2408
8852 16.2424
8853 16.244
8854 16.2456
8855 16.2473
8856 16.2491
8857 16.251
8858 16.253
8859 16.255
8860 16.257
8861 16.2589
8862 16.2608
8863 16.2626
8864 16.2644
8865 16.2661
8866 16.2678
8867 16.2695
8868 16.2712
8869 16.273
8870 16.2747
8871 16.2765
8872 16.2783
8873 16.2801
8874 16.2819
8875 16.2837
8876 16.2854
8877 16.2872
8878 16.2888
8879 16.2903
8880 16.2918
8881 16.2932
8882 16.2946
8883 16.296
8884 16.2975
8885 16.2991
8886 16.3008
8887 16.3026
8888 16.3043
8889 16.3058
8890 16.3072
8891 16.3083
8892 16.3092
8893 16.3099
8894 16.3105
8895 16.311
8896 16.3116
8897 16.3122
8898 16.313
8899 16.314
8900 16.315
8901 16.3161
8902 16.3171
8903 16.318
8904 16.3188
8905 16.3195
8906 16.3201
8907 16.3205
8908 16.3209
8909 16.3212
8910 16.3216
8911 16.322
8912 16.3226
8913 16.3235
8914 16.3246
8915 16.3259
8916 16.3274
8917 16.3289
8918 16.3303
8919 16.3315
8920 16.3326
8921 16.3335
8922 16.3345
8923 16.3355
8924 16.3368
8925 16.3383
8926 16.34
8927 16.3419
8928 16.3438
8929 16.3459
8930 16.3479
8931 16.35
8932 16.3522
8933 16.3543
8934 16.3565
8935 16.3586
8936 16.3607
8937 16.3628
8938 16.3648
8939 16.3669
8940 16.3691
8941 16.3715
8942 16.374
8943 16.3766
8944 16.3793
8945 16.3818
8946 16.3843
8947 16.3866
8948 16.3888
8949 16.391
8950 16.3932
8951 16.3955
8952 16.3979
8953 16.4002
8954 16.4026
8955 16.4049
8956 16.4071
8957 16.4093
8958 16.4114
8959 16.4136
8960 16.4158
8961 16.4181
8962 16.4203
8963 16.4226
8964 16.4248
8965 16.427
8966 16.4291
8967 16.4313
8968 16.4335
8969 16.4356
8970 16.4378
8971 16.4401
8972 16.4423
8973 16.4447
8974 16.447
8975 16.4495
8976 16.4519
8977 16.4544
8978 16.4567
8979 16.4589
8980 16.461
8981 16.4629
8982 16.4649
8983 16.4669
8984 16.4691
8985 16.4715
8986 16.474
8987 16.4766
8988 16.4791
8989 16.4814
8990 16.4835
8991 16.4853
8992 16.4868
8993 16.4882
8994 16.4896
8995 16.4911
8996 16.4928
8997 16.4947
8998 16.4968
8999 16.499
9000 16.5012
9001 16.5033
9002 16.5052
9003 16.5068
9004 16.5083
9005 16.5096
9006 16.5109
9007 16.5122
9008 16.5138
9009 16.5155
9010 16.5176
9011 16.5198
9012 16.5222
9013 16.5245
9014 16.5267
9015 16.5287
9016 16.5304
9017 16.5319
9018 16.5332
9019 16.5345
9020 16.5357
9021 16.5371
9022 16.5386
9023 16.5404
9024 16.5423
9025 16.5444
9026 16.5465
9027 16.5485
9028 16.5503
9029 16.552
9030 16.5536
9031 16.5552
9032 16.5568
9033 16.5586
9034 16.5605
9035 16.5626
9036 16.5648
9037 16.567
9038 16.5692
9039 16.5713
9040 16.5733
9041 16.5752
9042 16.5771
9043 16.579
9044 16.5811
9045 16.5832
9046 16.5855
9047 16.5879
9048 16.5903
9049 16.5928
9050 16.5951
9051 16.5974
9052 16.5995
9053 16.6015
9054 16.6034
9055 16.6052
9056 16.6069
9057 16.6086
9058 16.6104
9059 16.6123
9060 16.6143
9061 16.6164
9062 16.6184
9063 16.6203
9064 16.622
9065 16.6234
9066 16.6247
9067 16.6258
9068 16.627
9069 16.6283
9070 16.6298
9071 16.6315
9072 16.6335
9073 16.6355
9074 16.6375
9075 16.6393
9076 16.641
9077 16.6425
9078 16.6439
9079 16.6452
9080 16.6465
9081 16.6479
9082 16.6493
9083 16.6509
9084 16.6526
9085 16.6544
9086 16.6564
9087 16.6584
9088 16.6603
9089 16.6622
9090 16.664
9091 16.6657
9092 16.6674
9093 16.6692
9094 16.671
9095 16.6731
9096 16.6753
9097 16.6776
9098 16.6799
9099 16.6822
9100 16.6844
9101 16.6864
9102 16.6884
9103 16.6904
9104 16.6924
9105 16.6944
9106 16.6965
9107 16.6986
9108 16.7008
9109 16.7031
9110 16.7053
9111 16.7073
9112 16.7093
9113 16.7112
9114 16.713
9115 16.7148
9116 16.7166
9117 16.7184
9118 16.7204
9119 16.7224
9120 16.7245
9121 16.7267
9122 16.7289
9123 16.7312
9124 16.7334
9125 16.7355
9126 16.7375
9127 16.7394
9128 16.7412
9129 16.743
9130 16.7447
9131 16.7465
9132 16.7483
9133 16.7501
9134 16.752
9135 16.7539
9136 16.7558
9137 16.7576
9138 16.7593
9139 16.7609
9140 16.7625
9141 16.7641
9142 16.7658
9143 16.7675
9144 16.7693
9145 16.7711
9146 16.7728
9147 16.7744
9148 16.776
9149 16.7775
9150 16.779
9151 16.7805
9152 16.782
9153 16.7836
9154 16.7851
9155 16.7866
9156 16.7881
9157 16.7896
9158 16.7911
9159 16.7927
9160 16.7944
9161 16.7962
9162 16.7981
9163 16.8
9164 16.802
9165 16.804
9166 16.8058
9167 16.8075
9168 16.8091
9169 16.8105
9170 16.8119
9171 16.8133
9172 16.8147
9173 16.8162
9174 16.8179
9175 16.8196
9176 16.8215
9177 16.8234
9178 16.8253
9179 16.8272
9180 16.8291
9181 16.8309
9182 16.8326
9183 16.8342
9184 16.8357
9185 16.8372
9186 16.8387
9187 16.8404
9188 16.8421
9189 16.8439
9190 16.8458
9191 16.8477
9192 16.8495
9193 16.8513
9194 16.853
9195 16.8545
9196 16.856
9197 16.8574
9198 16.859
9199 16.8606
9200 16.8623
9201 16.8642
9202 16.8661
9203 16.8681
9204 16.87
9205 16.8719
9206 16.8737
9207 16.8752
9208 16.8766
9209 16.878
9210 16.8793
9211 16.8807
9212 16.8823
9213 16.884
9214 16.8858
9215 16.8876
9216 16.8895
9217 16.8912
9218 16.8928
9219 16.8942
9220 16.8955
9221 16.8969
9222 16.8983
9223 16.8998
9224 16.9016
9225 16.9035
9226 16.9055
9227 16.9074
9228 16.9092
9229 16.9108
9230 16.9123
9231 16.9136
9232 16.9148
9233 16.916
9234 16.9172
9235 16.9185
9236 16.9199
9237 16.9214
9238 16.923
9239 16.9247
9240 16.9264
9241 16.9282
9242 16.93
9243 16.9317
9244 16.9333
9245 16.9347
9246 16.9361
9247 16.9374
9248 16.9386
9249 16.9399
9250 16.9411
9251 16.9425
9252 16.9439
9253 16.9453
9254 16.9469
9255 16.9486
9256 16.9504
9257 16.9523
9258 16.9542
9259 16.956
9260 16.9578
9261 16.9594
9262 16.9609
9263 16.9623
9264 16.9636
9265 16.9649
9266 16.9662
9267 16.9676
9268 16.9691
9269 16.9707
9270 16.9724
9271 16.9742
9272 16.9761
9273 16.978
9274 16.9799
9275 16.9817
9276 16.9834
9277 16.985
9278 16.9866
9279 16.9881
9280 16.9895
9281 16.9908
9282 16.9922
9283 16.9937
9284 16.9952
9285 16.997
9286 16.9988
9287 17.0008
9288 17.0028
9289 17.0047
9290 17.0064
9291 17.0079
9292 17.0092
9293 17.0102
9294 17.0112
9295 17.012
9296 17.013
9297 17.0141
9298 17.0155
9299 17.017
9300 17.0188
9301 17.0207
9302 17.0226
9303 17.0244
9304 17.026
9305 17.0274
9306 17.0287
9307 17.0298
9308 17.0308
9309 17.0319
9310 17.0332
9311 17.0346
9312 17.0362
9313 17.0378
9314 17.0395
9315 17.0411
9316 17.0428
9317 17.0444
9318 17.046
9319 17.0476
9320 17.0492
9321 17.0507
9322 17.0522
9323 17.0537
9324 17.0553
9325 17.0568
9326 17.0583
9327 17.0599
9328 17.0615
9329 17.0632
9330 17.0649
9331 17.0667
9332 17.0685
9333 17.0705
9334 17.0726
9335 17.0747
9336 17.0767
9337 17.0786
9338 17.0803
9339 17.0818
9340 17.0832
9341 17.0845
9342 17.0857
9343 17.087
9344 17.0884
9345 17.0898
9346 17.0913
9347 17.0929
9348 17.0946
9349 17.0965
9350 17.0984
9351 17.1003
9352 17.1021
9353 17.1037
9354 17.1051
9355 17.1064
9356 17.1076
9357 17.1088
9358 17.1101
9359 17.1116
9360 17.1131
9361 17.1148
9362 17.1164
9363 17.118
9364 17.1194
9365 17.1208
9366 17.1221
9367 17.1233
9368 17.1245
9369 17.1259
9370 17.1275
9371 17.1292
9372 17.1311
9373 17.1332
9374 17.1353
9375 17.1373
9376 17.1393
9377 17.1412
9378 17.1428
9379 17.1444
9380 17.1459
9381 17.1474
9382 17.149
9383 17.1508
9384 17.1528
9385 17.1549
9386 17.1572
9387 17.1595
9388 17.1618
9389 17.1638
9390 17.1657
9391 17.1674
9392 17.1689
9393 17.1703
9394 17.1717
9395 17.1734
9396 17.1752
9397 17.1773
9398 17.1796
9399 17.1819
9400 17.1842
9401 17.1863
9402 17.1883
9403 17.19
9404 17.1916
9405 17.193
9406 17.1944
9407 17.1958
9408 17.1973
9409 17.1989
9410 17.2008
9411 17.2029
9412 17.2051
9413 17.2074
9414 17.2098
9415 17.212
9416 17.214
9417 17.2159
9418 17.2177
9419 17.2194
9420 17.2211
9421 17.223
9422 17.225
9423 17.2272
9424 17.2294
9425 17.2315
9426 17.2335
9427 17.2354
9428 17.2371
9429 17.2388
9430 17.2405
9431 17.2423
9432 17.2443
9433 17.2463
9434 17.2484
9435 17.2504
9436 17.2524
9437 17.2543
9438 17.2561
9439 17.2578
9440 17.2595
9441 17.2612
9442 17.2629
9443 17.2646
9444 17.2663
9445 17.2681
9446 17.2701
9447 17.2721
9448 17.2741
9449 17.2761
9450 17.2781
9451 17.2799
9452 17.2816
9453 17.2832
9454 17.2847
9455 17.2862
9456 17.2878
9457 17.2895
9458 17.2912
9459 17.293
9460 17.2947
9461 17.2964
9462 17.298
9463 17.2995
9464 17.3008
9465 17.3018
9466 17.3027
9467 17.3034
9468 17.3042
9469 17.3052
9470 17.3063
9471 17.3077
9472 17.3092
9473 17.3108
9474 17.3123
9475 17.3135
9476 17.3145
9477 17.3152
9478 17.3156
9479 17.3159
9480 17.3161
9481 17.3165
9482 17.3171
9483 17.3179
9484 17.319
9485 17.3203
9486 17.3216
9487 17.323
9488 17.3242
9489 17.3251
9490 17.3259
9491 17.3265
9492 17.3269
9493 17.3274
9494 17.3279
9495 17.3287
9496 17.3297
9497 17.331
9498 17.3325
9499 17.3341
9500 17.3358
9501 17.3374
9502 17.339
9503 17.3404
9504 17.3418
9505 17.3433
9506 17.3449
9507 17.3468
9508 17.3489
9509 17.3511
9510 17.3535
9511 17.3559
9512 17.3583
9513 17.3606
9514 17.3629
9515 17.3652
9516 17.3675
9517 17.37
9518 17.3724
9519 17.3749
9520 17.3774
9521 17.3798
9522 17.3821
9523 17.3842
9524 17.3864
9525 17.3886
9526 17.3909
9527 17.3933
9528 17.3958
9529 17.3983
9530 17.4009
9531 17.4033
9532 17.4056
9533 17.4078
9534 17.4098
9535 17.4115
9536 17.4132
9537 17.4147
9538 17.4162
9539 17.4178
9540 17.4194
9541 17.4212
9542 17.4231
9543 17.4251
9544 17.4269
9545 17.4285
9546 17.4298
9547 17.4307
9548 17.4312
9549 17.4316
9550 17.4319
9551 17.4323
9552 17.4328
9553 17.4335
9554 17.4343
9555 17.4352
9556 17.4361
9557 17.4369
9558 17.4377
9559 17.4384
9560 17.4391
9561 17.4395
9562 17.4399
9563 17.4401
9564 17.4404
9565 17.4407
9566 17.4412
9567 17.4419
9568 17.4429
9569 17.4442
9570 17.4456
9571 17.447
9572 17.4483
9573 17.4494
9574 17.4504
9575 17.4513
9576 17.4521
9577 17.4531
9578 17.4543
9579 17.4557
9580 17.4575
9581 17.4594
9582 17.4615
9583 17.4636
9584 17.4658
9585 17.4679
9586 17.47
9587 17.4722
9588 17.4743
9589 17.4765
9590 17.4788
9591 17.4811
9592 17.4835
9593 17.4859
9594 17.4883
9595 17.4909
9596 17.4934
9597 17.496
9598 17.4986
9599 17.5011
9600 17.5035
9601 17.5059
9602 17.5081
9603 17.5104
9604 17.5127
9605 17.5151
9606 17.5176
9607 17.5202
9608 17.5227
9609 17.5252
9610 17.5275
9611 17.5296
9612 17.5315
9613 17.5332
9614 17.5348
9615 17.5362
9616 17.5376
9617 17.5389
9618 17.5403
9619 17.5417
9620 17.5433
9621 17.545
9622 17.5468
9623 17.5487
9624 17.5506
9625 17.5524
9626 17.5541
9627 17.5556
9628 17.557
9629 17.5581
9630 17.5593
9631 17.5605
9632 17.5618
9633 17.5633
9634 17.565
9635 17.567
9636 17.5691
9637 17.5715
9638 17.5739
9639 17.5763
9640 17.5786
9641 17.5808
9642 17.5829
9643 17.5848
9644 17.5868
9645 17.5888
9646 17.591
9647 17.5934
9648 17.5963
9649 17.5994
9650 17.6027
9651 17.6061
9652 17.6094
9653 17.6124
9654 17.6151
9655 17.6175
9656 17.6197
9657 17.6217
9658 17.6239
9659 17.6262
9660 17.6288
9661 17.6317
9662 17.6349
9663 17.6383
9664 17.6417
9665 17.6449
9666 17.6479
9667 17.6506
9668 17.653
9669 17.6552
9670 17.6572
9671 17.6591
9672 17.6611
9673 17.6631
9674 17.6653
9675 17.6676
9676 17.67
9677 17.6724
9678 17.6748
9679 17.6771
9680 17.6793
9681 17.6814
9682 17.6833
9683 17.6851
9684 17.6867
9685 17.6882
9686 17.6895
9687 17.6908
9688 17.6921
9689 17.6935
9690 17.6949
9691 17.6965
9692 17.6981
9693 17.6997
9694 17.7013
9695 17.7029
9696 17.7043
9697 17.7057
9698 17.7072
9699 17.7086
9700 17.7101
9701 17.7117
9702 17.7133
9703 17.7148
9704 17.7163
9705 17.7177
9706 17.7191
9707 17.7203
9708 17.7217
9709 17.7231
9710 17.7246
9711 17.7262
9712 17.728
9713 17.7299
9714 17.732
9715 17.7341
9716 17.7362
9717 17.7384
9718 17.7405
9719 17.7426
9720 17.7445
9721 17.7464
9722 17.7482
9723 17.7501
9724 17.752
9725 17.7541
9726 17.7564
9727 17.759
9728 17.7618
9729 17.7648
9730 17.7676
9731 17.7704
9732 17.7729
9733 17.7752
9734 17.7773
9735 17.7793
9736 17.7812
9737 17.7833
9738 17.7855
9739 17.7879
9740 17.7905
9741 17.7934
9742 17.7963
9743 17.7993
9744 17.8021
9745 17.8048
9746 17.8074
9747 17.8097
9748 17.8119
9749 17.8139
9750 17.8159
9751 17.8178
9752 17.8198
9753 17.8218
9754 17.824
9755 17.8263
9756 17.8288
9757 17.8315
9758 17.8341
9759 17.8367
9760 17.8391
9761 17.8413
9762 17.8433
9763 17.845
9764 17.8465
9765 17.848
9766 17.8496
9767 17.8512
9768 17.853
9769 17.8549
9770 17.857
9771 17.8591
9772 17.8612
9773 17.8632
9774 17.8651
9775 17.8668
9776 17.8684
9777 17.8699
9778 17.8713
9779 17.8728
9780 17.8742
9781 17.8758
9782 17.8775
9783 17.8794
9784 17.8814
9785 17.8835
9786 17.8855
9787 17.8875
9788 17.8892
9789 17.8908
9790 17.8922
9791 17.8935
9792 17.8949
9793 17.8965
9794 17.8983
9795 17.9002
9796 17.902
9797 17.9037
9798 17.9052
9799 17.9065
9800 17.9076
9801 17.9088
9802 17.9102
9803 17.9118
9804 17.9137
9805 17.9159
9806 17.9182
9807 17.9205
9808 17.9229
9809 17.925
9810 17.927
9811 17.9289
9812 17.9307
9813 17.9325
9814 17.9344
9815 17.9364
9816 17.9384
9817 17.9405
9818 17.9427
9819 17.9449
9820 17.9471
9821 17.9494
9822 17.9518
9823 17.9541
9824 17.9564
9825 17.9587
9826 17.9609
9827 17.963
9828 17.9651
9829 17.9672
9830 17.9694
9831 17.9716
9832 17.9739
9833 17.9762
9834 17.9784
9835 17.9807
9836 17.983
9837 17.9853
9838 17.9876
9839 17.99
9840 17.9924
9841 17.9948
9842 17.9971
9843 17.9994
9844 18.0016
9845 18.0037
9846 18.0059
9847 18.008
9848 18.0103
9849 18.0125
9850 18.0149
9851 18.0172
9852 18.0194
9853 18.0216
9854 18.0236
9855 18.0256
9856 18.0276
9857 18.0295
9858 18.0316
9859 18.0338
9860 18.036
9861 18.0382
9862 18.0404
9863 18.0423
9864 18.0441
9865 18.0457
9866 18.0474
9867 18.049
9868 18.0508
9869 18.0525
9870 18.0544
9871 18.0562
9872 18.0579
9873 18.0596
9874 18.0612
9875 18.0627
9876 18.0642
9877 18.0657
9878 18.0671
9879 18.0685
9880 18.0699
9881 18.0712
9882 18.0727
9883 18.0742
9884 18.0759
9885 18.0776
9886 18.0794
9887 18.0812
9888 18.0829
9889 18.0845
9890 18.0859
9891 18.0872
9892 18.0884
9893 18.0896
9894 18.0908
9895 18.0921
9896 18.0935
9897 18.0951
9898 18.0966
9899 18.0982
9900 18.0998
9901 18.1013
9902 18.1028
9903 18.1042
9904 18.1057
9905 18.1071
9906 18.1085
9907 18.11
9908 18.1115
9909 18.1132
9910 18.115
9911 18.1169
9912 18.1188
9913 18.1207
9914 18.1225
9915 18.1242
9916 18.1257
9917 18.1272
9918 18.1287
9919 18.1303
9920 18.1321
9921 18.1341
9922 18.1363
9923 18.1387
9924 18.1413
9925 18.1439
9926 18.1464
9927 18.1488
9928 18.151
9929 18.1531
9930 18.1549
9931 18.1568
9932 18.1587
9933 18.1607
9934 18.163
9935 18.1655
9936 18.1682
9937 18.171
9938 18.1737
9939 18.1762
9940 18.1785
9941 18.1806
9942 18.1825
9943 18.1843
9944 18.1861
9945 18.188
9946 18.19
9947 18.1921
9948 18.1944
9949 18.1968
9950 18.1993
9951 18.2017
9952 18.2041
9953 18.2063
9954 18.2083
9955 18.2099
9956 18.2113
9957 18.2124
9958 18.2134
9959 18.2144
9960 18.2154
9961 18.2167
9962 18.2181
9963 18.2198
9964 18.2217
9965 18.2236
9966 18.2255
9967 18.2273
9968 18.2287
9969 18.23
9970 18.231
9971 18.2319
9972 18.2327
9973 18.2336
9974 18.2345
9975 18.2355
9976 18.2366
9977 18.2379
9978 18.2393
9979 18.2408
9980 18.2422
9981 18.2434
9982 18.2446
9983 18.2456
9984 18.2466
9985 18.2476
9986 18.2488
9987 18.2501
9988 18.2516
9989 18.2533
9990 18.255
9991 18.2566
9992 18.2582
9993 18.2596
9994 18.2607
9995 18.2618
9996 18.2627
9997 18.2636
9998 18.2646
9999 18.2657
10000 18.267
10001 18.2685
10002 18.2703
10003 18.2722
10004 18.2741
10005 18.2761
10006 18.2779
10007 18.2795
10008 18.281
10009 18.2825
10010 18.2841
10011 18.2857
10012 18.2876
10013 18.2895
10014 18.2916
10015 18.2937
10016 18.2957
10017 18.2978
10018 18.2997
10019 18.3016
10020 18.3034
10021 18.3052
10022 18.307
10023 18.3089
10024 18.311
10025 18.3131
10026 18.3154
10027 18.3177
10028 18.32
10029 18.3222
10030 18.3243
10031 18.3264
10032 18.3284
10033 18.3304
10034 18.3325
10035 18.3346
10036 18.3367
10037 18.339
10038 18.3413
10039 18.3436
10040 18.3458
10041 18.348
10042 18.3501
10043 18.3521
10044 18.3539
10045 18.3557
10046 18.3574
10047 18.3592
10048 18.3611
10049 18.3631
10050 18.3651
10051 18.3672
10052 18.3692
10053 18.3709
10054 18.3724
10055 18.3737
10056 18.3748
10057 18.3758
10058 18.3768
10059 18.3778
10060 18.3788
10061 18.38
10062 18.3814
10063 18.3829
10064 18.3846
10065 18.3862
10066 18.3877
10067 18.389
10068 18.3902
10069 18.3912
10070 18.3921
10071 18.393
10072 18.3939
10073 18.395
10074 18.3963
10075 18.3977
10076 18.3994
10077 18.4011
10078 18.4028
10079 18.4043
10080 18.4056
10081 18.4068
10082 18.4079
10083 18.4089
10084 18.41
10085 18.4113
10086 18.4128
10087 18.4145
10088 18.4163
10089 18.4182
10090 18.4202
10091 18.4221
10092 18.4239
10093 18.4256
10094 18.4274
10095 18.4291
10096 18.431
10097 18.4331
10098 18.4352
10099 18.4375
10100 18.4397
10101 18.442
10102 18.4443
10103 18.4465
10104 18.4488
10105 18.4511
10106 18.4535
10107 18.4559
10108 18.4584
10109 18.4609
10110 18.4635
10111 18.466
10112 18.4684
10113 18.4707
10114 18.4729
10115 18.4749
10116 18.4768
10117 18.4788
10118 18.4808
10119 18.4828
10120 18.4848
10121 18.4869
10122 18.4891
10123 18.4911
10124 18.4931
10125 18.4949
10126 18.4964
10127 18.4978
10128 18.4991
10129 18.5004
10130 18.5018
10131 18.5034
10132 18.5052
10133 18.507
10134 18.5089
10135 18.5107
10136 18.5124
10137 18.514
10138 18.5156
10139 18.5171
10140 18.5186
10141 18.52
10142 18.5214
10143 18.5226
10144 18.5239
10145 18.5252
10146 18.5265
10147 18.5278
10148 18.5291
10149 18.5304
10150 18.5316
10151 18.5328
10152 18.5338
10153 18.5349
10154 18.5359
10155 18.537
10156 18.5381
10157 18.5394
10158 18.5407
10159 18.5422
10160 18.5436
10161 18.545
10162 18.5463
10163 18.5476
10164 18.5487
10165 18.5499
10166 18.5511
10167 18.5523
10168 18.5536
10169 18.555
10170 18.5562
10171 18.5575
10172 18.5586
10173 18.5598
10174 18.5608
10175 18.5619
10176 18.5631
10177 18.5643
10178 18.5656
10179 18.567
10180 18.5683
10181 18.5697
10182 18.571
10183 18.5725
10184 18.5739
10185 18.5754
10186 18.5769
10187 18.5784
10188 18.5799
10189 18.5813
10190 18.5827
10191 18.5841
10192 18.5856
10193 18.587
10194 18.5884
10195 18.5898
10196 18.5911
10197 18.5924
10198 18.5938
10199 18.5951
10200 18.5966
10201 18.598
10202 18.5995
10203 18.6008
10204 18.6021
10205 18.6032
10206 18.6043
10207 18.6054
10208 18.6064
10209 18.6074
10210 18.6083
10211 18.6092
10212 18.6099
10213 18.6107
10214 18.6117
10215 18.6128
10216 18.6141
10217 18.6156
10218 18.6171
10219 18.6187
10220 18.6203
10221 18.622
10222 18.6236
10223 18.6252
10224 18.6269
10225 18.6287
10226 18.6306
10227 18.6325
10228 18.6345
10229 18.6367
10230 18.6389
10231 18.6413
10232 18.6436
10233 18.6459
10234 18.6481
10235 18.6504
10236 18.6528
10237 18.6553
10238 18.6577
10239 18.6601
10240 18.6626
10241 18.665
10242 18.6676
10243 18.6701
10244 18.6726
10245 18.6749
10246 18.6772
10247 18.6792
10248 18.6811
10249 18.683
10250 18.6851
10251 18.6874
10252 18.6899
10253 18.6926
10254 18.6954
10255 18.6983
10256 18.7009
10257 18.7034
10258 18.7056
10259 18.7076
10260 18.7094
10261 18.7112
10262 18.713
10263 18.7148
10264 18.7168
10265 18.719
10266 18.7213
10267 18.7237
10268 18.7262
10269 18.7286
10270 18.7309
10271 18.7331
10272 18.7351
10273 18.7369
10274 18.7386
10275 18.7401
10276 18.7418
10277 18.7435
10278 18.7454
10279 18.7476
10280 18.7498
10281 18.7522
10282 18.7544
10283 18.7565
10284 18.7584
10285 18.7601
10286 18.7616
10287 18.7631
10288 18.7647
10289 18.7662
10290 18.7678
10291 18.7694
10292 18.7709
10293 18.7724
10294 18.7738
10295 18.7752
10296 18.7766
10297 18.778
10298 18.7795
10299 18.781
10300 18.7824
10301 18.7838
10302 18.7851
10303 18.7861
10304 18.787
10305 18.7879
10306 18.7888
10307 18.7898
10308 18.7909
10309 18.7921
10310 18.7933
10311 18.7946
10312 18.7959
10313 18.7973
10314 18.7986
10315 18.7999
10316 18.8013
10317 18.8025
10318 18.8036
10319 18.8046
10320 18.8056
10321 18.8066
10322 18.8075
10323 18.8084
10324 18.8094
10325 18.8104
10326 18.8116
10327 18.8129
10328 18.8144
10329 18.8159
10330 18.8175
10331 18.8191
10332 18.8208
10333 18.8225
10334 18.8242
10335 18.8259
10336 18.8278
10337 18.8298
10338 18.832
10339 18.8344
10340 18.8369
10341 18.8395
10342 18.842
10343 18.8445
10344 18.847
10345 18.8493
10346 18.8516
10347 18.8538
10348 18.856
10349 18.8583
10350 18.8606
10351 18.863
10352 18.8655
10353 18.8681
10354 18.8708
10355 18.8734
10356 18.8761
10357 18.8788
10358 18.8815
10359 18.8841
10360 18.8866
10361 18.889
10362 18.8913
10363 18.8936
10364 18.8958
10365 18.898
10366 18.9003
10367 18.9027
10368 18.9051
10369 18.9077
10370 18.9103
10371 18.9129
10372 18.9154
10373 18.9179
10374 18.9203
10375 18.9225
10376 18.9247
10377 18.9267
10378 18.9288
10379 18.931
10380 18.9334
10381 18.9358
10382 18.9383
10383 18.9409
10384 18.9434
10385 18.9458
10386 18.9482
10387 18.9505
10388 18.9527
10389 18.9548
10390 18.9569
10391 18.959
10392 18.961
10393 18.9631
10394 18.9651
10395 18.9673
10396 18.9695
10397 18.9718
10398 18.9742
10399 18.9767
10400 18.9791
10401 18.9816
10402 18.984
10403 18.9863
10404 18.9884
10405 18.9903
10406 18.9921
10407 18.9938
10408 18.9955
10409 18.9972
10410 18.9989
10411 19.0007
10412 19.0026
10413 19.0045
10414 19.0065
10415 19.0085
10416 19.0105
10417 19.0125
10418 19.0144
10419 19.0162
10420 19.018
10421 19.0196
10422 19.0211
10423 19.0226
10424 19.0241
10425 19.0258
10426 19.0275
10427 19.0292
10428 19.0309
10429 19.0325
10430 19.034
10431 19.0353
10432 19.0364
10433 19.0374
10434 19.0384
10435 19.0394
10436 19.0407
10437 19.0421
10438 19.0437
10439 19.0455
10440 19.0474
10441 19.0492
10442 19.0509
10443 19.0524
10444 19.0535
10445 19.0545
10446 19.0553
10447 19.056
10448 19.0568
10449 19.0577
10450 19.0588
10451 19.0601
10452 19.0616
10453 19.0633
10454 19.0651
10455 19.0668
10456 19.0685
10457 19.0701
10458 19.0715
10459 19.0729
10460 19.0741
10461 19.0753
10462 19.0766
10463 19.0778
10464 19.0793
10465 19.081
10466 19.083
10467 19.085
10468 19.0871
10469 19.089
10470 19.0906
10471 19.092
10472 19.0933
10473 19.0945
10474 19.0956
10475 19.097
10476 19.0986
10477 19.1005
10478 19.1026
10479 19.1049
10480 19.1072
10481 19.1095
10482 19.1116
10483 19.1136
10484 19.1155
10485 19.1172
10486 19.119
10487 19.1209
10488 19.1229
10489 19.1251
10490 19.1274
10491 19.1299
10492 19.1323
10493 19.1347
10494 19.1371
10495 19.1394
10496 19.1417
10497 19.1438
10498 19.1459
10499 19.1478
10500 19.1497
10501 19.1516
10502 19.1536
10503 19.1554
10504 19.1574
10505 19.1594
10506 19.1614
10507 19.1634
10508 19.1652
10509 19.1669
10510 19.1685
10511 19.17
10512 19.1713
10513 19.1725
10514 19.1737
10515 19.1748
10516 19.1761
10517 19.1775
10518 19.1793
10519 19.1813
10520 19.1835
10521 19.1857
10522 19.1878
10523 19.1896
10524 19.1912
10525 19.1924
10526 19.1932
10527 19.194
10528 19.1947
10529 19.1956
10530 19.1968
10531 19.1982
10532 19.1999
10533 19.2018
10534 19.2037
10535 19.2056
10536 19.2074
10537 19.2091
10538 19.2107
10539 19.2123
10540 19.2137
10541 19.2152
10542 19.2166
10543 19.2181
10544 19.2198
10545 19.2216
10546 19.2237
10547 19.2261
10548 19.2286
10549 19.2313
10550 19.2339
10551 19.2364
10552 19.2387
10553 19.2407
10554 19.2424
10555 19.2439
10556 19.2454
10557 19.2469
10558 19.2487
10559 19.2507
10560 19.253
10561 19.2555
10562 19.2581
10563 19.2608
10564 19.2635
10565 19.2662
10566 19.2687
10567 19.271
10568 19.2731
10569 19.2749
10570 19.2766
10571 19.2783
10572 19.2799
10573 19.2817
10574 19.2838
10575 19.2861
10576 19.2886
10577 19.2912
10578 19.2938
10579 19.2964
10580 19.2986
10581 19.3007
10582 19.3025
10583 19.3041
10584 19.3058
10585 19.3075
10586 19.3094
10587 19.3115
10588 19.3138
10589 19.3161
10590 19.3185
10591 19.3209
10592 19.3232
10593 19.3254
10594 19.3274
10595 19.3292
10596 19.3307
10597 19.3322
10598 19.3335
10599 19.3349
10600 19.3364
10601 19.3382
10602 19.3402
10603 19.3425
10604 19.345
10605 19.3474
10606 19.3498
10607 19.3519
10608 19.3539
10609 19.3556
10610 19.3571
10611 19.3586
10612 19.3601
10613 19.3618
10614 19.3636
10615 19.3655
10616 19.3676
10617 19.3697
10618 19.3716
10619 19.3734
10620 19.375
10621 19.3763
10622 19.3774
10623 19.3785
10624 19.3795
10625 19.3807
10626 19.382
10627 19.3835
10628 19.385
10629 19.3865
10630 19.3877
10631 19.3887
10632 19.3894
10633 19.3898
10634 19.3902
10635 19.3905
10636 19.3909
10637 19.3915
10638 19.3923
10639 19.3932
10640 19.3943
10641 19.3953
10642 19.3963
10643 19.3972
10644 19.3979
10645 19.3984
10646 19.3987
10647 19.399
10648 19.3992
10649 19.3994
10650 19.3998
10651 19.4004
10652 19.4011
10653 19.4019
10654 19.4029
10655 19.404
10656 19.4052
10657 19.4064
10658 19.4077
10659 19.4089
10660 19.4101
10661 19.4113
10662 19.4125
10663 19.4139
10664 19.4154
10665 19.4171
10666 19.4188
10667 19.4206
10668 19.4224
10669 19.4243
10670 19.4262
10671 19.4281
10672 19.4301
10673 19.432
10674 19.4339
10675 19.4359
10676 19.438
10677 19.4401
10678 19.4423
10679 19.4445
10680 19.4467
10681 19.4488
10682 19.4511
10683 19.4534
10684 19.4558
10685 19.4582
10686 19.4605
10687 19.4628
10688 19.465
10689 19.4671
10690 19.4691
10691 19.4711
10692 19.4731
10693 19.4751
10694 19.477
10695 19.479
10696 19.481
10697 19.4829
10698 19.485
10699 19.487
10700 19.489
10701 19.4911
10702 19.493
10703 19.4949
10704 19.4967
10705 19.4984
10706 19.5001
10707 19.5019
10708 19.5036
10709 19.5053
10710 19.5071
10711 19.509
10712 19.511
10713 19.5131
10714 19.5151
10715 19.517
10716 19.5188
10717 19.5205
10718 19.5219
10719 19.5233
10720 19.5245
10721 19.5258
10722 19.5271
10723 19.5284
10724 19.5297
10725 19.5312
10726 19.5327
10727 19.5344
10728 19.536
10729 19.5375
10730 19.539
10731 19.5403
10732 19.5414
10733 19.5425
10734 19.5435
10735 19.5446
10736 19.5457
10737 19.547
10738 19.5485
10739 19.5502
10740 19.552
10741 19.5539
10742 19.5558
10743 19.5576
10744 19.5594
10745 19.5611
10746 19.5627
10747 19.5641
10748 19.5656
10749 19.567
10750 19.5684
10751 19.5698
10752 19.5714
10753 19.573
10754 19.5748
10755 19.5767
10756 19.5788
10757 19.581
10758 19.5833
10759 19.5854
10760 19.5875
10761 19.5894
10762 19.5913
10763 19.593
10764 19.5948
10765 19.5965
10766 19.5983
10767 19.6002
10768 19.6024
10769 19.6048
10770 19.6074
10771 19.61
10772 19.6126
10773 19.6152
10774 19.6178
10775 19.6202
10776 19.6224
10777 19.6245
10778 19.6265
10779 19.6284
10780 19.6304
10781 19.6325
10782 19.6349
10783 19.6376
10784 19.6404
10785 19.6434
10786 19.6463
10787 19.6489
10788 19.6512
10789 19.6532
10790 19.6549
10791 19.6564
10792 19.6578
10793 19.6593
10794 19.661
10795 19.6629
10796 19.6651
10797 19.6674
10798 19.6699
10799 19.6723
10800 19.6745
10801 19.6765
10802 19.6783
10803 19.6799
10804 19.6813
10805 19.6826
10806 19.684
10807 19.6853
10808 19.6868
10809 19.6883
10810 19.6899
10811 19.6917
10812 19.6936
10813 19.6955
10814 19.6973
10815 19.699
10816 19.7005
10817 19.7018
10818 19.7029
10819 19.7037
10820 19.7046
10821 19.7056
10822 19.707
10823 19.7086
10824 19.7105
10825 19.7127
10826 19.715
10827 19.7173
10828 19.7195
10829 19.7216
10830 19.7236
10831 19.7253
10832 19.7271
10833 19.7288
10834 19.7304
10835 19.7321
10836 19.7339
10837 19.7357
10838 19.7375
10839 19.7394
10840 19.7412
10841 19.743
10842 19.7448
10843 19.7465
10844 19.748
10845 19.7494
10846 19.7505
10847 19.7513
10848 19.7519
10849 19.7525
10850 19.7529
10851 19.7534
10852 19.7539
10853 19.7545
10854 19.7553
10855 19.7562
10856 19.7572
10857 19.7582
10858 19.7592
10859 19.7599
10860 19.7604
10861 19.7609
10862 19.7613
10863 19.7617
10864 19.762
10865 19.7625
10866 19.7632
10867 19.7641
10868 19.7651
10869 19.7662
10870 19.7673
10871 19.7683
10872 19.7691
10873 19.7698
10874 19.7702
10875 19.7706
10876 19.7712
10877 19.7719
10878 19.7728
10879 19.7739
10880 19.7752
10881 19.7767
10882 19.7782
10883 19.7797
10884 19.781
10885 19.7823
10886 19.7835
10887 19.7847
10888 19.7858
10889 19.7871
10890 19.7886
10891 19.7903
10892 19.7924
10893 19.7947
10894 19.7972
10895 19.8
10896 19.8028
10897 19.8054
10898 19.8078
10899 19.81
10900 19.812
10901 19.8139
10902 19.816
10903 19.8181
10904 19.8205
10905 19.8231
10906 19.8257
10907 19.8284
10908 19.8309
10909 19.8333
10910 19.8357
10911 19.838
10912 19.8404
10913 19.8428
10914 19.8454
10915 19.8479
10916 19.8504
10917 19.853
10918 19.8556
10919 19.8582
10920 19.8605
10921 19.8626
10922 19.8645
10923 19.8663
10924 19.868
10925 19.8698
10926 19.8717
10927 19.8737
10928 19.8757
10929 19.8776
10930 19.8792
10931 19.8806
10932 19.8818
10933 19.8828
10934 19.8839
10935 19.8851
10936 19.8864
10937 19.8879
10938 19.8895
10939 19.891
10940 19.8925
10941 19.8939
10942 19.895
10943 19.8959
10944 19.8966
10945 19.8972
10946 19.8976
10947 19.898
10948 19.8985
10949 19.899
10950 19.8996
10951 19.9005
10952 19.9014
10953 19.9025
10954 19.9036
10955 19.9048
10956 19.9059
10957 19.907
10958 19.908
10959 19.9088
10960 19.9095
10961 19.9101
10962 19.9109
10963 19.9117
10964 19.9128
10965 19.914
10966 19.9153
10967 19.9168
10968 19.9183
10969 19.9198
10970 19.9213
10971 19.9228
10972 19.9245
10973 19.9262
10974 19.9278
10975 19.9294
10976 19.9309
10977 19.9324
10978 19.9338
10979 19.9353
10980 19.9369
10981 19.9386
10982 19.9405
10983 19.9424
10984 19.9444
10985 19.9464
10986 19.9481
10987 19.9497
10988 19.9512
10989 19.9527
10990 19.9543
10991 19.956
10992 19.9577
10993 19.9596
10994 19.9614
10995 19.9632
10996 19.965
10997 19.9667
10998 19.9683
10999 19.9699
11000 19.9715
11001 19.973
11002 19.9744
11003 19.9758
11004 19.9773
11005 19.9788
11006 19.9803
11007 19.9819
11008 19.9836
11009 19.9853
11010 19.987
11011 19.9887
11012 19.9903
11013 19.9919
11014 19.9935
11015 19.995
11016 19.9964
11017 19.9976
11018 19.9988
11019 20
11020 20.0012
11021 20.0026
11022 20.0041
11023 20.0058
11024 20.0076
11025 20.0095
11026 20.0113
11027 20.013
11028 20.0146
11029 20.0161
11030 20.0174
11031 20.0186
11032 20.0199
11033 20.0213
11034 20.0228
11035 20.0245
11036 20.0263
11037 20.0282
11038 20.0301
11039 20.032
11040 20.0338
11041 20.0354
11042 20.0368
11043 20.0383
11044 20.0398
11045 20.0414
11046 20.0431
11047 20.045
11048 20.047
11049 20.0492
11050 20.0514
11051 20.0536
11052 20.0556
11053 20.0575
11054 20.0592
11055 20.0607
11056 20.0622
11057 20.0636
11058 20.065
11059 20.0664
11060 20.0678
11061 20.0692
11062 20.0705
11063 20.0719
11064 20.0733
11065 20.0746
11066 20.0761
11067 20.0776
11068 20.0792
11069 20.0809
11070 20.0827
11071 20.0843
11072 20.0859
11073 20.0875
11074 20.0891
11075 20.0906
11076 20.0921
11077 20.0935
11078 20.0949
11079 20.0961
11080 20.0974
11081 20.0986
11082 20.0999
11083 20.1014
11084 20.103
11085 20.1047
11086 20.1066
11087 20.1086
11088 20.1106
11089 20.1125
11090 20.1142
11091 20.1158
11092 20.1171
11093 20.1183
11094 20.1195
11095 20.1207
11096 20.1221
11097 20.1237
11098 20.1255
11099 20.1272
11100 20.1291
11101 20.1309
11102 20.1327
11103 20.1345
11104 20.1361
11105 20.1376
11106 20.139
11107 20.1404
11108 20.1416
11109 20.143
11110 20.1446
11111 20.1465
11112 20.1484
11113 20.1503
11114 20.1523
11115 20.1541
11116 20.1558
11117 20.1571
11118 20.1583
11119 20.1593
11120 20.1603
11121 20.1614
11122 20.1626
11123 20.1637
11124 20.1651
11125 20.1666
11126 20.1682
11127 20.1698
11128 20.1714
11129 20.1727
11130 20.174
11131 20.175
11132 20.176
11133 20.1769
11134 20.1778
11135 20.1787
11136 20.1798
11137 20.1811
11138 20.1825
11139 20.1841
11140 20.1858
11141 20.1874
11142 20.189
11143 20.1905
11144 20.1917
11145 20.1926
11146 20.1935
11147 20.1943
11148 20.195
11149 20.1959
11150 20.1969
11151 20.1984
11152 20.2001
11153 20.202
11154 20.2039
11155 20.2057
11156 20.2074
11157 20.2089
11158 20.2102
11159 20.2116
11160 20.2129
11161 20.2144
11162 20.2161
11163 20.2181
11164 20.2203
11165 20.2227
11166 20.2252
11167 20.2277
11168 20.2302
11169 20.2325
11170 20.2346
11171 20.2364
11172 20.238
11173 20.2395
11174 20.241
11175 20.2427
11176 20.2447
11177 20.2471
11178 20.2497
11179 20.2525
11180 20.2553
11181 20.258
11182 20.2603
11183 20.2624
11184 20.2642
11185 20.2658
11186 20.2674
11187 20.269
11188 20.2708
11189 20.2726
11190 20.2746
11191 20.2767
11192 20.2788
11193 20.2809
11194 20.2828
11195 20.2847
11196 20.2863
11197 20.2878
11198 20.2892
11199 20.2904
11200 20.2916
11201 20.2929
11202 20.2941
11203 20.2952
11204 20.2962
11205 20.2972
11206 20.298
11207 20.2988
11208 20.2995
11209 20.3001
11210 20.3007
11211 20.3013
11212 20.3021
11213 20.3029
11214 20.3039
11215 20.305
11216 20.3062
11217 20.3071
11218 20.3078
11219 20.3084
11220 20.3089
11221 20.3094
11222 20.3099
11223 20.3105
11224 20.3112
11225 20.3121
11226 20.3133
11227 20.3145
11228 20.3158
11229 20.3169
11230 20.3181
11231 20.3191
11232 20.32
11233 20.3209
11234 20.3217
11235 20.3225
11236 20.3233
11237 20.3242
11238 20.3252
11239 20.3265
11240 20.3279
11241 20.3296
11242 20.3313
11243 20.3331
11244 20.3348
11245 20.3364
11246 20.3379
11247 20.3393
11248 20.3405
11249 20.3418
11250 20.343
11251 20.3445
11252 20.346
11253 20.3478
11254 20.3497
11255 20.3517
11256 20.3539
11257 20.3561
11258 20.3582
11259 20.3604
11260 20.3624
11261 20.3642
11262 20.366
11263 20.3676
11264 20.3691
11265 20.3708
11266 20.3725
11267 20.3745
11268 20.3766
11269 20.379
11270 20.3815
11271 20.384
11272 20.3865
11273 20.3888
11274 20.3909
11275 20.3926
11276 20.3942
11277 20.3957
11278 20.3973
11279 20.3991
11280 20.4012
11281 20.4036
11282 20.4061
11283 20.4087
11284 20.4112
11285 20.4136
11286 20.4157
11287 20.4174
11288 20.4189
11289 20.4202
11290 20.4215
11291 20.4227
11292 20.4241
11293 20.4258
11294 20.4276
11295 20.4297
11296 20.4318
11297 20.4339
11298 20.4358
11299 20.4376
11300 20.4391
11301 20.4403
11302 20.4414
11303 20.4424
11304 20.4434
11305 20.4445
11306 20.4459
11307 20.4475
11308 20.4495
11309 20.4516
11310 20.4537
11311 20.4557
11312 20.4575
11313 20.459
11314 20.4603
11315 20.4615
11316 20.4625
11317 20.4637
11318 20.465
11319 20.4666
11320 20.4684
11321 20.4704
11322 20.4724
11323 20.4744
11324 20.4764
11325 20.4782
11326 20.4799
11327 20.4815
11328 20.4829
11329 20.4843
11330 20.4856
11331 20.4872
11332 20.4889
11333 20.4909
11334 20.493
11335 20.4952
11336 20.4974
11337 20.4995
11338 20.5015
11339 20.5035
11340 20.5053
11341 20.5071
11342 20.5089
11343 20.5107
11344 20.5126
11345 20.5144
11346 20.5163
11347 20.5181
11348 20.52
11349 20.5219
11350 20.5238
11351 20.5258
11352 20.5278
11353 20.5299
11354 20.532
11355 20.5341
11356 20.536
11357 20.5379
11358 20.5395
11359 20.5409
11360 20.5422
11361 20.5434
11362 20.5447
11363 20.546
11364 20.5476
11365 20.5493
11366 20.5513
11367 20.5534
11368 20.5556
11369 20.5576
11370 20.5594
11371 20.5609
11372 20.5622
11373 20.5632
11374 20.5641
11375 20.5651
11376 20.5662
11377 20.5676
11378 20.5692
11379 20.5711
11380 20.5732
11381 20.5753
11382 20.5773
11383 20.5792
11384 20.5808
11385 20.5822
11386 20.5836
11387 20.5846
11388 20.5855
11389 20.5864
11390 20.5874
11391 20.5886
11392 20.5901
11393 20.5918
11394 20.5938
11395 20.5961
11396 20.5984
11397 20.6006
11398 20.6027
11399 20.6045
11400 20.6061
11401 20.6075
11402 20.6086
11403 20.6097
11404 20.6109
11405 20.6122
11406 20.6137
11407 20.6156
11408 20.6176
11409 20.6197
11410 20.6219
11411 20.624
11412 20.6259
11413 20.6276
11414 20.6291
11415 20.6305
11416 20.6317
11417 20.6329
11418 20.6343
11419 20.6358
11420 20.6375
11421 20.6393
11422 20.6413
11423 20.6435
11424 20.6458
11425 20.6482
11426 20.6504
11427 20.6523
11428 20.6539
11429 20.6553
11430 20.6564
11431 20.6574
11432 20.6585
11433 20.6596
11434 20.661
11435 20.6626
11436 20.6645
11437 20.6665
11438 20.6684
11439 20.6701
11440 20.6717
11441 20.6729
11442 20.674
11443 20.6748
11444 20.6756
11445 20.6764
11446 20.6772
11447 20.6783
11448 20.6797
11449 20.6813
11450 20.6832
11451 20.6852
11452 20.6872
11453 20.6891
11454 20.6908
11455 20.6922
11456 20.6932
11457 20.6941
11458 20.6949
11459 20.6958
11460 20.697
11461 20.6985
11462 20.7002
11463 20.702
11464 20.7041
11465 20.7061
11466 20.7079
11467 20.7096
11468 20.711
11469 20.7123
11470 20.7135
11471 20.7146
11472 20.7158
11473 20.7171
11474 20.7186
11475 20.7203
11476 20.7221
11477 20.7241
11478 20.7262
11479 20.7283
11480 20.7302
11481 20.7318
11482 20.7334
11483 20.7348
11484 20.7361
11485 20.7375
11486 20.7391
11487 20.7408
11488 20.7427
11489 20.7447
11490 20.7468
11491 20.749
11492 20.7511
11493 20.7533
11494 20.7554
11495 20.7576
11496 20.7597
11497 20.7618
11498 20.764
11499 20.7663
11500 20.7687
11501 20.7712
11502 20.7739
11503 20.7766
11504 20.7793
11505 20.7821
11506 20.7848
11507 20.7876
11508 20.7904
11509 20.7932
11510 20.7959
11511 20.7987
11512 20.8015
11513 20.8044
11514 20.8074
11515 20.8105
11516 20.8137
11517 20.8169
11518 20.8199
11519 20.8228
11520 20.8255
11521 20.8282
11522 20.8307
11523 20.8332
11524 20.8355
11525 20.8378
11526 20.8401
11527 20.8424
11528 20.8446
11529 20.8469
11530 20.8491
11531 20.8512
11532 20.8532
11533 20.855
11534 20.8567
11535 20.8583
11536 20.8598
11537 20.8611
11538 20.8623
11539 20.8633
11540 20.8642
11541 20.8649
11542 20.8656
11543 20.8662
11544 20.8666
11545 20.867
11546 20.8673
11547 20.8676
11548 20.8677
11549 20.8677
11550 20.8676
11551 20.8673
11552 20.8667
11553 20.8661
11554 20.8654
11555 20.8646
11556 20.864
11557 20.8635
11558 20.8632
11559 20.8629
11560 20.8628
11561 20.8628
11562 20.8628
11563 20.8628
11564 20.8627
11565 20.8625
11566 20.8622
11567 20.8618
11568 20.8615
11569 20.8614
11570 20.8614
11571 20.8618
11572 20.8625
11573 20.8636
11574 20.8649
11575 20.8661
11576 20.8673
11577 20.8684
11578 20.8694
11579 20.8705
11580 20.8717
11581 20.873
11582 20.8746
11583 20.8765
11584 20.8785
11585 20.8808
11586 20.8832
11587 20.8857
11588 20.8882
11589 20.8907
11590 20.893
11591 20.8951
11592 20.8971
11593 20.899
11594 20.9011
11595 20.9032
11596 20.9057
11597 20.9085
11598 20.9116
11599 20.9149
11600 20.9183
11601 20.9215
11602 20.9245
11603 20.9271
11604 20.9293
11605 20.9313
11606 20.9331
11607 20.935
11608 20.9371
11609 20.9395
11610 20.9422
11611 20.9451
11612 20.9481
11613 20.951
11614 20.9538
11615 20.9562
11616 20.9582
11617 20.96
11618 20.9614
11619 20.9628
11620 20.9643
11621 20.9659
11622 20.9679
11623 20.9701
11624 20.9725
11625 20.9751
11626 20.9777
11627 20.9801
11628 20.9823
11629 20.9843
11630 20.9859
11631 20.9875
11632 20.9889
11633 20.9903
11634 20.9918
11635 20.9933
11636 20.9949
11637 20.9965
11638 20.9982
11639 20.9998
11640 21.0013
11641 21.0027
11642 21.0039
11643 21.0048
11644 21.0056
11645 21.0064
11646 21.007
11647 21.0078
11648 21.0086
11649 21.0097
11650 21.0108
11651 21.0121
11652 21.0135
11653 21.015
11654 21.0164
11655 21.0178
11656 21.0191
11657 21.0202
11658 21.0214
11659 21.0225
11660 21.0237
11661 21.025
11662 21.0265
11663 21.028
11664 21.0295
11665 21.0311
11666 21.0325
11667 21.0338
11668 21.0349
11669 21.0359
11670 21.037
11671 21.0381
11672 21.0394
11673 21.0409
11674 21.0425
11675 21.0441
11676 21.0456
11677 21.0472
11678 21.0488
11679 21.0504
11680 21.0518
11681 21.0529
11682 21.0539
11683 21.0548
11684 21.0558
11685 21.0569
11686 21.0583
11687 21.06
11688 21.0618
11689 21.0638
11690 21.0659
11691 21.068
11692 21.07
11693 21.0717
11694 21.0733
11695 21.0747
11696 21.0761
11697 21.0775
11698 21.079
11699 21.0807
11700 21.0826
11701 21.0846
11702 21.0869
11703 21.0894
11704 21.0919
11705 21.0945
11706 21.0971
11707 21.0997
11708 21.1022
11709 21.1047
11710 21.1071
11711 21.1096
11712 21.1123
11713 21.1151
11714 21.118
11715 21.1209
11716 21.1239
11717 21.1269
11718 21.1295
11719 21.132
11720 21.1342
11721 21.1362
11722 21.138
11723 21.1397
11724 21.1415
11725 21.1433
11726 21.1452
11727 21.1472
11728 21.1491
11729 21.1509
11730 21.1525
11731 21.154
11732 21.1553
11733 21.1565
11734 21.1577
11735 21.1589
11736 21.16
11737 21.1613
11738 21.1626
11739 21.164
11740 21.1654
11741 21.1667
11742 21.1678
11743 21.1687
11744 21.1692
11745 21.1695
11746 21.1696
11747 21.1697
11748 21.1698
11749 21.1701
11750 21.1708
11751 21.1718
11752 21.1729
11753 21.1741
11754 21.1753
11755 21.1765
11756 21.1775
11757 21.1783
11758 21.179
11759 21.1795
11760 21.1798
11761 21.1803
11762 21.1809
11763 21.1817
11764 21.1827
11765 21.184
11766 21.1857
11767 21.1877
11768 21.1898
11769 21.1921
11770 21.1942
11771 21.1963
11772 21.1981
11773 21.1998
11774 21.2016
11775 21.2034
11776 21.2053
11777 21.2073
11778 21.2095
11779 21.2121
11780 21.215
11781 21.218
11782 21.2211
11783 21.2243
11784 21.2275
11785 21.2304
11786 21.2333
11787 21.2358
11788 21.238
11789 21.2403
11790 21.2427
11791 21.2453
11792 21.248
11793 21.251
11794 21.2541
11795 21.2573
11796 21.2606
11797 21.2638
11798 21.267
11799 21.2698
11800 21.2722
11801 21.2744
11802 21.2764
11803 21.2784
11804 21.2804
11805 21.2824
11806 21.2846
11807 21.2867
11808 21.2887
11809 21.2906
11810 21.2924
11811 21.294
11812 21.2956
11813 21.297
11814 21.2983
11815 21.2996
11816 21.3007
11817 21.3018
11818 21.3026
11819 21.3033
11820 21.3038
11821 21.304
11822 21.3041
11823 21.3041
11824 21.304
11825 21.304
11826 21.3041
11827 21.3043
11828 21.3044
11829 21.3046
11830 21.3047
11831 21.3046
11832 21.3042
11833 21.3036
11834 21.3031
11835 21.3023
11836 21.3016
11837 21.301
11838 21.3005
11839 21.3003
11840 21.3005
11841 21.3011
11842 21.3021
11843 21.3031
11844 21.304
11845 21.3046
11846 21.3049
11847 21.3051
11848 21.3053
11849 21.3054
11850 21.3058
11851 21.3066
11852 21.3078
11853 21.3094
11854 21.3112
11855 21.3132
11856 21.3152
11857 21.317
11858 21.3186
11859 21.32
11860 21.3213
11861 21.3226
11862 21.3241
11863 21.3256
11864 21.3274
11865 21.3294
11866 21.3316
11867 21.334
11868 21.3365
11869 21.3393
11870 21.3421
11871 21.3448
11872 21.3472
11873 21.3494
11874 21.3514
11875 21.353
11876 21.3545
11877 21.3562
11878 21.3581
11879 21.3602
11880 21.3625
11881 21.3649
11882 21.3674
11883 21.3698
11884 21.3721
11885 21.374
11886 21.3756
11887 21.377
11888 21.3781
11889 21.379
11890 21.3797
11891 21.3804
11892 21.3812
11893 21.382
11894 21.3828
11895 21.3837
11896 21.3845
11897 21.3854
11898 21.3862
11899 21.3869
11900 21.3873
11901 21.3876
11902 21.3876
11903 21.3875
11904 21.3872
11905 21.3869
11906 21.3867
11907 21.3866
11908 21.3865
11909 21.3864
11910 21.3862
11911 21.386
11912 21.3858
11913 21.3856
11914 21.3855
11915 21.3856
11916 21.3858
11917 21.386
11918 21.3865
11919 21.3871
11920 21.3877
11921 21.3884
11922 21.3894
11923 21.3905
11924 21.3918
11925 21.3933
11926 21.395
11927 21.3971
11928 21.3994
11929 21.4013
11930 21.403
11931 21.4047
11932 21.4063
11933 21.4081
11934 21.4099
11935 21.4118
11936 21.4138
11937 21.4159
11938 21.4183
11939 21.4211
11940 21.4242
11941 21.4272
11942 21.4302
11943 21.4333
11944 21.4362
11945 21.4391
11946 21.4416
11947 21.444
11948 21.4461
11949 21.4483
11950 21.4508
11951 21.4535
11952 21.4565
11953 21.4597
11954 21.4628
11955 21.4657
11956 21.4686
11957 21.4713
11958 21.4734
11959 21.475
11960 21.4763
11961 21.4776
11962 21.4792
11963 21.4812
11964 21.4837
11965 21.4864
11966 21.489
11967 21.4915
11968 21.4933
11969 21.4947
11970 21.4953
11971 21.4953
11972 21.4949
11973 21.4944
11974 21.4938
11975 21.4935
11976 21.4935
11977 21.4935
11978 21.4937
11979 21.494
11980 21.4942
11981 21.494
11982 21.4936
11983 21.4929
11984 21.4918
11985 21.4906
11986 21.4891
11987 21.4877
11988 21.4863
11989 21.485
11990 21.4839
11991 21.4831
11992 21.4825
11993 21.4821
11994 21.4818
11995 21.4809
11996 21.4799
11997 21.4789
11998 21.4779
11999 21.4768
12000 21.4758
12001 21.4749
12002 21.4743
12003 21.4739
12004 21.4739
12005 21.4741
12006 21.4744
12007 21.4748
12008 21.4751
12009 21.4753
12010 21.4753
12011 21.4752
12012 21.4751
12013 21.4754
12014 21.476
12015 21.4771
12016 21.4786
12017 21.4805
12018 21.4826
12019 21.4848
12020 21.4869
12021 21.4889
12022 21.491
12023 21.4928
12024 21.4944
12025 21.4963
12026 21.4984
12027 21.5008
12028 21.5034
12029 21.5062
12030 21.5093
12031 21.5126
12032 21.5158
12033 21.5191
12034 21.5223
12035 21.5254
12036 21.5285
12037 21.5315
12038 21.5342
12039 21.537
12040 21.5397
12041 21.5426
12042 21.5456
12043 21.5487
12044 21.5519
12045 21.5553
12046 21.5585
12047 21.5614
12048 21.5643
12049 21.5671
12050 21.5699
12051 21.5727
12052 21.5755
12053 21.578
12054 21.5805
12055 21.5831
12056 21.5855
12057 21.5877
12058 21.5898
12059 21.5919
12060 21.5939
12061 21.5956
12062 21.5974
12063 21.5993
12064 21.6012
12065 21.6032
12066 21.6048
12067 21.6062
12068 21.6074
12069 21.6083
12070 21.6091
12071 21.6097
12072 21.6102
12073 21.6105
12074 21.6107
12075 21.6111
12076 21.6113
12077 21.6117
12078 21.6119
12079 21.612
12080 21.612
12081 21.6122
12082 21.6123
12083 21.6122
12084 21.6121
12085 21.612
12086 21.612
12087 21.6119
12088 21.6118
12089 21.6118
12090 21.6118
12091 21.6119
12092 21.6121
12093 21.6123
12094 21.6123
12095 21.6123
12096 21.6124
12097 21.6125
12098 21.6127
12099 21.613
12100 21.6134
12101 21.6139
12102 21.6146
12103 21.6151
12104 21.6152
12105 21.6152
12106 21.6152
12107 21.6155
12108 21.6161
12109 21.6167
12110 21.6174
12111 21.618
12112 21.6188
12113 21.6196
12114 21.6206
12115 21.6217
12116 21.6228
12117 21.6241
12118 21.6254
12119 21.6269
12120 21.6286
12121 21.63
12122 21.6314
12123 21.6327
12124 21.6338
12125 21.635
12126 21.6363
12127 21.6378
12128 21.6395
12129 21.6414
12130 21.6434
12131 21.6453
12132 21.647
12133 21.6485
12134 21.6498
12135 21.651
12136 21.6522
12137 21.6533
12138 21.6547
12139 21.6562
12140 21.658
12141 21.66
12142 21.6623
12143 21.6647
12144 21.6671
12145 21.6692
12146 21.6709
12147 21.6722
12148 21.6731
12149 21.6739
12150 21.6746
12151 21.6754
12152 21.6762
12153 21.6773
12154 21.6788
12155 21.6806
12156 21.6827
12157 21.6849
12158 21.687
12159 21.6888
12160 21.6905
12161 21.692
12162 21.6932
12163 21.6945
12164 21.6957
12165 21.6968
12166 21.6981
12167 21.6996
12168 21.7013
12169 21.7032
12170 21.7054
12171 21.7074
12172 21.7095
12173 21.7116
12174 21.7135
12175 21.7152
12176 21.7166
12177 21.7178
12178 21.7191
12179 21.7203
12180 21.7219
12181 21.7236
12182 21.7257
12183 21.728
12184 21.7303
12185 21.7326
12186 21.7349
12187 21.7369
12188 21.7385
12189 21.7396
12190 21.7405
12191 21.7414
12192 21.7423
12193 21.7434
12194 21.7448
12195 21.7465
12196 21.7484
12197 21.7503
12198 21.752
12199 21.7537
12200 21.7552
12201 21.7563
12202 21.7569
12203 21.7573
12204 21.7579
12205 21.7588
12206 21.7601
12207 21.7615
12208 21.7632
12209 21.7651
12210 21.767
12211 21.7687
12212 21.7701
12213 21.771
12214 21.7716
12215 21.7723
12216 21.7728
12217 21.7735
12218 21.7746
12219 21.776
12220 21.7779
12221 21.7798
12222 21.7821
12223 21.7843
12224 21.7865
12225 21.7887
12226 21.7909
12227 21.7928
12228 21.7946
12229 21.7959
12230 21.7965
12231 21.7973
12232 21.7984
12233 21.7999
12234 21.8019
12235 21.8042
12236 21.8066
12237 21.8091
12238 21.8115
12239 21.8137
12240 21.8159
12241 21.8182
12242 21.8205
12243 21.8223
12244 21.8239
12245 21.8256
12246 21.8274
12247 21.8296
12248 21.8319
12249 21.8343
12250 21.8368
12251 21.8395
12252 21.8421
12253 21.8448
12254 21.8475
12255 21.8499
12256 21.8521
12257 21.8538
12258 21.8551
12259 21.8564
12260 21.8578
12261 21.8593
12262 21.861
12263 21.863
12264 21.8652
12265 21.8674
12266 21.8697
12267 21.8717
12268 21.8739
12269 21.8758
12270 21.8777
12271 21.8793
12272 21.8806
12273 21.8815
12274 21.8825
12275 21.8833
12276 21.8842
12277 21.8851
12278 21.8863
12279 21.8876
12280 21.8891
12281 21.8906
12282 21.8919
12283 21.8931
12284 21.8942
12285 21.8951
12286 21.896
12287 21.8969
12288 21.8979
12289 21.899
12290 21.9002
12291 21.9014
12292 21.9025
12293 21.9037
12294 21.9047
12295 21.9057
12296 21.9065
12297 21.9072
12298 21.9078
12299 21.9085
12300 21.9093
12301 21.9102
12302 21.9111
12303 21.9121
12304 21.9131
12305 21.914
12306 21.9149
12307 21.9154
12308 21.9159
12309 21.9165
12310 21.917
12311 21.9178
12312 21.9187
12313 21.92
12314 21.9215
12315 21.9229
12316 21.9243
12317 21.9256
12318 21.927
12319 21.9282
12320 21.9295
12321 21.9307
12322 21.932
12323 21.9335
12324 21.9351
12325 21.9369
12326 21.939
12327 21.9411
12328 21.9432
12329 21.9452
12330 21.9468
12331 21.9482
12332 21.9494
12333 21.9508
12334 21.9525
12335 21.9547
12336 21.9573
12337 21.9599
12338 21.9626
12339 21.965
12340 21.9674
12341 21.9698
12342 21.9721
12343 21.9741
12344 21.9759
12345 21.9776
12346 21.9794
12347 21.9813
12348 21.9834
12349 21.9857
12350 21.9882
12351 21.9907
12352 21.9933
12353 21.996
12354 21.9989
12355 22.0016
12356 22.0043
12357 22.0067
12358 22.009
12359 22.011
12360 22.0128
12361 22.0147
12362 22.0167
12363 22.0186
12364 22.0204
12365 22.0221
12366 22.0236
12367 22.0251
12368 22.0265
12369 22.0277
12370 22.0289
12371 22.0302
12372 22.0316
12373 22.0331
12374 22.0345
12375 22.0359
12376 22.0372
12377 22.0383
12378 22.0393
12379 22.0403
12380 22.0412
12381 22.0422
12382 22.043
12383 22.0437
12384 22.0446
12385 22.0456
12386 22.0468
12387 22.0479
12388 22.049
12389 22.05
12390 22.0508
12391 22.0517
12392 22.0526
12393 22.0533
12394 22.0538
12395 22.0544
12396 22.0552
12397 22.0561
12398 22.057
12399 22.0582
12400 22.0598
12401 22.0613
12402 22.063
12403 22.0649
12404 22.067
12405 22.069
12406 22.071
12407 22.0728
12408 22.0744
12409 22.0761
12410 22.0779
12411 22.0796
12412 22.0813
12413 22.0831
12414 22.0851
12415 22.0873
12416 22.0899
12417 22.0926
12418 22.0955
12419 22.0985
12420 22.1014
12421 22.1043
12422 22.1071
12423 22.1096
12424 22.1118
12425 22.1134
12426 22.115
12427 22.117
12428 22.1191
12429 22.1213
12430 22.1238
12431 22.1263
12432 22.1287
12433 22.1312
12434 22.1338
12435 22.1364
12436 22.139
12437 22.1412
12438 22.1428
12439 22.144
12440 22.145
12441 22.1457
12442 22.1468
12443 22.1481
12444 22.1496
12445 22.1512
12446 22.1529
12447 22.1547
12448 22.1564
12449 22.158
12450 22.1596
12451 22.1607
12452 22.1617
12453 22.1627
12454 22.1637
12455 22.1647
12456 22.1655
12457 22.1659
12458 22.1662
12459 22.1667
12460 22.1673
12461 22.1681
12462 22.1691
12463 22.1704
12464 22.1719
12465 22.1734
12466 22.1747
12467 22.1758
12468 22.1769
12469 22.1781
12470 22.1792
12471 22.1799
12472 22.1801
12473 22.1802
12474 22.1805
12475 22.1812
12476 22.1824
12477 22.1837
12478 22.185
12479 22.1866
12480 22.1879
12481 22.189
12482 22.1901
12483 22.191
12484 22.1915
12485 22.1917
12486 22.1916
12487 22.1914
12488 22.1914
12489 22.1916
12490 22.1922
12491 22.193
12492 22.1941
12493 22.1955
12494 22.1971
12495 22.1986
12496 22.1999
12497 22.201
12498 22.202
12499 22.203
12500 22.2041
12501 22.2051
12502 22.2058
12503 22.2066
12504 22.2072
12505 22.2077
12506 22.2085
12507 22.2095
12508 22.2105
12509 22.2114
12510 22.2125
12511 22.2135
12512 22.2146
12513 22.2156
12514 22.2167
12515 22.2177
12516 22.2186
12517 22.2195
12518 22.2204
12519 22.2213
12520 22.2224
12521 22.2238
12522 22.2254
12523 22.227
12524 22.2284
12525 22.2295
12526 22.2306
12527 22.2314
12528 22.2322
12529 22.2333
12530 22.2342
12531 22.2355
12532 22.2371
12533 22.2391
12534 22.2415
12535 22.244
12536 22.2466
12537 22.2488
12538 22.2506
12539 22.2523
12540 22.2537
12541 22.2553
12542 22.257
12543 22.2589
12544 22.2611
12545 22.2634
12546 22.2658
12547 22.2679
12548 22.2697
12549 22.2713
12550 22.2728
12551 22.2747
12552 22.2769
12553 22.279
12554 22.281
12555 22.283
12556 22.2851
12557 22.2872
12558 22.2893
12559 22.2914
12560 22.2932
12561 22.2948
12562 22.2959
12563 22.297
12564 22.2983
12565 22.2997
12566 22.3014
12567 22.3033
12568 22.3054
12569 22.3075
12570 22.3095
12571 22.3106
12572 22.3115
12573 22.3124
12574 22.3132
12575 22.3139
12576 22.3149
12577 22.3161
12578 22.3176
12579 22.3191
12580 22.3206
12581 22.3219
12582 22.3233
12583 22.3245
12584 22.3259
12585 22.3273
12586 22.3284
12587 22.3295
12588 22.3304
12589 22.3313
12590 22.3324
12591 22.3337
12592 22.3349
12593 22.3359
12594 22.3371
12595 22.3383
12596 22.3396
12597 22.3409
12598 22.3419
12599 22.3428
12600 22.3436
12601 22.3442
12602 22.3448
12603 22.3452
12604 22.3457
12605 22.3465
12606 22.3473
12607 22.3481
12608 22.349
12609 22.3497
12610 22.3508
12611 22.3519
12612 22.3533
12613 22.3545
12614 22.3555
12615 22.3563
12616 22.3568
12617 22.3573
12618 22.3581
12619 22.359
12620 22.3599
12621 22.3609
12622 22.362
12623 22.3628
12624 22.3634
12625 22.3638
12626 22.3643
12627 22.3647
12628 22.3649
12629 22.3655
12630 22.3661
12631 22.3671
12632 22.368
12633 22.3687
12634 22.3692
12635 22.3698
12636 22.3703
12637 22.3706
12638 22.3711
12639 22.3714
12640 22.3713
12641 22.3713
12642 22.3713
12643 22.3714
12644 22.3716
12645 22.372
12646 22.3723
12647 22.3726
12648 22.3727
12649 22.3726
12650 22.3727
12651 22.373
12652 22.3734
12653 22.3738
12654 22.3745
12655 22.3754
12656 22.3765
12657 22.3773
12658 22.3785
12659 22.3798
12660 22.3812
12661 22.3822
12662 22.3832
12663 22.3839
12664 22.3849
12665 22.3859
12666 22.387
12667 22.3883
12668 22.3897
12669 22.3911
12670 22.3925
12671 22.3939
12672 22.3957
12673 22.3976
12674 22.3994
12675 22.401
12676 22.4026
12677 22.4045
12678 22.4065
12679 22.4087
12680 22.4108
12681 22.4125
12682 22.4139
12683 22.4155
12684 22.4176
12685 22.42
12686 22.4229
12687 22.4263
12688 22.4298
12689 22.4333
12690 22.4365
12691 22.4395
12692 22.4425
12693 22.4452
12694 22.4477
12695 22.4498
12696 22.4517
12697 22.4535
12698 22.4553
12699 22.4573
12700 22.4593
12701 22.4612
12702 22.463
12703 22.4652
12704 22.4677
12705 22.4702
12706 22.4723
12707 22.4744
12708 22.4764
12709 22.4784
12710 22.4802
12711 22.4817
12712 22.4828
12713 22.4835
12714 22.4838
12715 22.4845
12716 22.4851
12717 22.4863
12718 22.4874
12719 22.4885
12720 22.4895
12721 22.4903
12722 22.4911
12723 22.4919
12724 22.4923
12725 22.4926
12726 22.4929
12727 22.4928
12728 22.493
12729 22.4935
12730 22.494
12731 22.4948
12732 22.4961
12733 22.4973
12734 22.4986
12735 22.4998
12736 22.5005
12737 22.5012
12738 22.5014
12739 22.5011
12740 22.5007
12741 22.5005
12742 22.5005
12743 22.5005
12744 22.5007
12745 22.5013
12746 22.5019
12747 22.5028
12748 22.5038
12749 22.5051
12750 22.5063
12751 22.5075
12752 22.5085
12753 22.5092
12754 22.5099
12755 22.5107
12756 22.5119
12757 22.5134
12758 22.5152
12759 22.5174
12760 22.5196
12761 22.5223
12762 22.5252
12763 22.5279
12764 22.5305
12765 22.5325
12766 22.5343
12767 22.5359
12768 22.5377
12769 22.5398
12770 22.5422
12771 22.5449
12772 22.5481
12773 22.5518
12774 22.556
12775 22.5604
12776 22.5647
12777 22.5687
12778 22.572
12779 22.575
12780 22.5776
12781 22.5797
12782 22.5817
12783 22.5839
12784 22.5864
12785 22.5894
12786 22.5928
12787 22.5964
12788 22.6002
12789 22.604
12790 22.6068
12791 22.6085
12792 22.6098
12793 22.6108
12794 22.6118
12795 22.613
12796 22.6143
12797 22.6161
12798 22.6181
12799 22.6202
12800 22.6222
12801 22.6241
12802 22.6259
12803 22.6275
12804 22.6282
12805 22.6285
12806 22.6288
12807 22.6293
12808 22.6298
12809 22.6301
12810 22.6304
12811 22.6309
12812 22.6319
12813 22.6332
12814 22.6348
12815 22.6359
12816 22.6362
12817 22.636
12818 22.6354
12819 22.6348
12820 22.6343
12821 22.6338
12822 22.6337
12823 22.6338
12824 22.6341
12825 22.6347
12826 22.6357
12827 22.6371
12828 22.6389
12829 22.6408
12830 22.6425
12831 22.644
12832 22.6456
12833 22.6469
12834 22.6479
12835 22.6485
12836 22.6494
12837 22.6506
12838 22.6522
12839 22.6544
12840 22.657
12841 22.66
12842 22.6631
12843 22.6665
12844 22.6699
12845 22.673
12846 22.6758
12847 22.6781
12848 22.6797
12849 22.6814
12850 22.6834
12851 22.6859
12852 22.6889
12853 22.6924
12854 22.6964
12855 22.7004
12856 22.7043
12857 22.7081
12858 22.7119
12859 22.715
12860 22.7172
12861 22.719
12862 22.7207
12863 22.7224
12864 22.7245
12865 22.727
12866 22.7299
12867 22.7327
12868 22.7358
12869 22.7388
12870 22.7419
12871 22.7449
12872 22.7476
12873 22.7494
12874 22.7507
12875 22.7516
12876 22.7527
12877 22.7538
12878 22.7547
12879 22.7559
12880 22.7572
12881 22.7586
12882 22.7599
12883 22.7613
12884 22.7625
12885 22.7634
12886 22.7643
12887 22.7651
12888 22.7659
12889 22.7669
12890 22.768
12891 22.7693
12892 22.7711
12893 22.773
12894 22.7748
12895 22.7763
12896 22.7774
12897 22.7785
12898 22.7794
12899 22.7804
12900 22.7812
12901 22.7817
12902 22.7823
12903 22.7831
12904 22.7845
12905 22.7861
12906 22.788
12907 22.7896
12908 22.7911
12909 22.7926
12910 22.7935
12911 22.7941
12912 22.7947
12913 22.7951
12914 22.7953
12915 22.7957
12916 22.7963
12917 22.7968
12918 22.7975
12919 22.7982
12920 22.7988
12921 22.7995
12922 22.8002
12923 22.8008
12924 22.8011
12925 22.8015
12926 22.8019
12927 22.8025
12928 22.8032
12929 22.8041
12930 22.8052
12931 22.8066
12932 22.8082
12933 22.8098
12934 22.8115
12935 22.8133
12936 22.8148
12937 22.8164
12938 22.8178
12939 22.8191
12940 22.8206
12941 22.8223
12942 22.824
12943 22.8258
12944 22.8275
12945 22.8292
12946 22.8311
12947 22.8334
12948 22.8359
12949 22.8387
12950 22.8417
12951 22.8445
12952 22.8475
12953 22.8504
12954 22.8533
12955 22.8562
12956 22.8588
12957 22.8611
12958 22.8634
12959 22.8659
12960 22.8686
12961 22.8713
12962 22.8741
12963 22.877
12964 22.8802
12965 22.8835
12966 22.8866
12967 22.8893
12968 22.8915
12969 22.8937
12970 22.8953
12971 22.8968
12972 22.8986
12973 22.9004
12974 22.9023
12975 22.9044
12976 22.9067
12977 22.9096
12978 22.9125
12979 22.915
12980 22.9173
12981 22.9195
12982 22.9218
12983 22.9241
12984 22.9265
12985 22.9293
12986 22.9322
12987 22.9353
12988 22.9386
12989 22.9423
12990 22.9459
12991 22.9494
12992 22.9529
12993 22.9562
12994 22.9593
12995 22.962
12996 22.9642
12997 22.9663
12998 22.9688
12999 22.9714
13000 22.9742
13001 22.9772
13002 22.9805
13003 22.9837
13004 22.9871
13005 22.9903
13006 22.9934
13007 22.9964
13008 22.9988
13009 23.0008
13010 23.0029
13011 23.0047
13012 23.0067
13013 23.0094
13014 23.0122
13015 23.0155
13016 23.0189
13017 23.0219
13018 23.0242
13019 23.0262
13020 23.0278
13021 23.029
13022 23.03
13023 23.031
13024 23.0322
13025 23.0334
13026 23.0349
13027 23.0368
13028 23.039
13029 23.0412
13030 23.0434
13031 23.0451
13032 23.0465
13033 23.0475
13034 23.0481
13035 23.0487
13036 23.0494
13037 23.0502
13038 23.0514
13039 23.0528
13040 23.0546
13041 23.0566
13042 23.0585
13043 23.0598
13044 23.0606
13045 23.0608
13046 23.0606
13047 23.0604
13048 23.0602
13049 23.0601
13050 23.06
13051 23.0601
13052 23.0603
13053 23.0606
13054 23.0612
13055 23.062
13056 23.0627
13057 23.0632
13058 23.0635
13059 23.0638
13060 23.064
13061 23.0644
13062 23.0649
13063 23.0658
13064 23.0668
13065 23.0679
13066 23.0691
13067 23.0703
13068 23.0716
13069 23.0727
13070 23.0742
13071 23.0756
13072 23.077
13073 23.0781
13074 23.0791
13075 23.0801
13076 23.0815
13077 23.0827
13078 23.084
13079 23.0859
13080 23.0881
13081 23.0905
13082 23.0931
13083 23.0957
13084 23.098
13085 23.1
13086 23.1018
13087 23.1032
13088 23.1045
13089 23.1057
13090 23.1074
13091 23.1094
13092 23.1117
13093 23.114
13094 23.1165
13095 23.1189
13096 23.1209
13097 23.1227
13098 23.1243
13099 23.1261
13100 23.1279
13101 23.1295
13102 23.1313
13103 23.1332
13104 23.1353
13105 23.1375
13106 23.1398
13107 23.1421
13108 23.1444
13109 23.147
13110 23.1494
13111 23.1516
13112 23.1541
13113 23.1566
13114 23.1589
13115 23.1607
13116 23.1622
13117 23.1633
13118 23.1644
13119 23.1655
13120 23.1667
13121 23.1683
13122 23.1702
13123 23.1726
13124 23.175
13125 23.1772
13126 23.1794
13127 23.1815
13128 23.1832
13129 23.1844
13130 23.1851
13131 23.1854
13132 23.1857
13133 23.1861
13134 23.1866
13135 23.1874
13136 23.1887
13137 23.1904
13138 23.1919
13139 23.1934
13140 23.1948
13141 23.1958
13142 23.1967
13143 23.1975
13144 23.1981
13145 23.1983
13146 23.1982
13147 23.1978
13148 23.1979
13149 23.1984
13150 23.1995
13151 23.2011
13152 23.2032
13153 23.2057
13154 23.2081
13155 23.2105
13156 23.2124
13157 23.214
13158 23.2145
13159 23.2141
13160 23.2134
13161 23.2128
13162 23.2127
13163 23.2131
13164 23.2143
13165 23.2163
13166 23.2187
13167 23.2214
13168 23.224
13169 23.2263
13170 23.2285
13171 23.2305
13172 23.2321
13173 23.2332
13174 23.2339
13175 23.2345
13176 23.2351
13177 23.2357
13178 23.2368
13179 23.2381
13180 23.2397
13181 23.2417
13182 23.2439
13183 23.2461
13184 23.2482
13185 23.2501
13186 23.2515
13187 23.2527
13188 23.2538
13189 23.2547
13190 23.2557
13191 23.2566
13192 23.2577
13193 23.2592
13194 23.2611
13195 23.263
13196 23.2651
13197 23.2672
13198 23.2693
13199 23.2709
13200 23.2721
13201 23.273
13202 23.2739
13203 23.275
13204 23.2764
13205 23.2776
13206 23.2788
13207 23.2798
13208 23.2805
13209 23.2811
13210 23.2815
13211 23.2822
13212 23.2833
13213 23.2849
13214 23.2871
13215 23.2895
13216 23.292
13217 23.2945
13218 23.2968
13219 23.2988
13220 23.3006
13221 23.3019
13222 23.3022
13223 23.3023
13224 23.3024
13225 23.3029
13226 23.3041
13227 23.3059
13228 23.3083
13229 23.3113
13230 23.3146
13231 23.3179
13232 23.3209
13233 23.3234
13234 23.325
13235 23.3264
13236 23.3276
13237 23.3285
13238 23.3297
13239 23.3312
13240 23.3335
13241 23.3363
13242 23.3394
13243 23.3425
13244 23.3457
13245 23.3489
13246 23.3518
13247 23.3539
13248 23.3558
13249 23.357
13250 23.3578
13251 23.3583
13252 23.3587
13253 23.359
13254 23.3598
13255 23.3612
13256 23.3633
13257 23.3659
13258 23.3689
13259 23.3719
13260 23.3745
13261 23.3763
13262 23.3775
13263 23.3783
13264 23.379
13265 23.3797
13266 23.3802
13267 23.381
13268 23.3821
13269 23.3838
13270 23.3856
13271 23.3877
13272 23.39
13273 23.3918
13274 23.3931
13275 23.3942
13276 23.3952
13277 23.396
13278 23.3969
13279 23.3976
13280 23.3983
13281 23.3991
13282 23.4002
13283 23.4016
13284 23.4031
13285 23.4044
13286 23.4056
13287 23.4065
13288 23.4074
13289 23.4082
13290 23.4092
13291 23.4104
13292 23.4119
13293 23.4135
13294 23.4149
13295 23.4165
13296 23.4181
13297 23.4201
13298 23.4219
13299 23.4235
13300 23.425
13301 23.4262
13302 23.4275
13303 23.4291
13304 23.4307
13305 23.4327
13306 23.4348
13307 23.4368
13308 23.4389
13309 23.441
13310 23.4433
13311 23.4453
13312 23.447
13313 23.4487
13314 23.4505
13315 23.4524
13316 23.4544
13317 23.4563
13318 23.4583
13319 23.4604
13320 23.4628
13321 23.4652
13322 23.4674
13323 23.4693
13324 23.4709
13325 23.472
13326 23.4729
13327 23.4733
13328 23.4739
13329 23.4747
13330 23.4755
13331 23.4768
13332 23.4785
13333 23.4804
13334 23.4825
13335 23.4841
13336 23.485
13337 23.4853
13338 23.4853
13339 23.4853
13340 23.485
13341 23.4847
13342 23.4846
13343 23.4845
13344 23.4845
13345 23.4848
13346 23.4853
13347 23.4863
13348 23.4872
13349 23.4882
13350 23.4887
13351 23.4892
13352 23.4895
13353 23.4894
13354 23.4892
13355 23.4891
13356 23.4893
13357 23.4896
13358 23.49
13359 23.4907
13360 23.4918
13361 23.4933
13362 23.4948
13363 23.4962
13364 23.4971
13365 23.4977
13366 23.4982
13367 23.4986
13368 23.4986
13369 23.4987
13370 23.4991
13371 23.4997
13372 23.5001
13373 23.5007
13374 23.5016
13375 23.5027
13376 23.5038
13377 23.5049
13378 23.5061
13379 23.5076
13380 23.5094
13381 23.5113
13382 23.5129
13383 23.5141
13384 23.5154
13385 23.5168
13386 23.5182
13387 23.5196
13388 23.521
13389 23.5228
13390 23.5252
13391 23.5277
13392 23.5307
13393 23.5337
13394 23.5368
13395 23.5396
13396 23.5418
13397 23.5435
13398 23.5453
13399 23.5471
13400 23.5491
13401 23.5514
13402 23.5539
13403 23.5566
13404 23.5598
13405 23.5629
13406 23.5663
13407 23.5697
13408 23.5725
13409 23.5747
13410 23.5765
13411 23.5784
13412 23.5803
13413 23.582
13414 23.5837
13415 23.5853
13416 23.5869
13417 23.5885
13418 23.5905
13419 23.5926
13420 23.5947
13421 23.5967
13422 23.5985
13423 23.5999
13424 23.6015
13425 23.6031
13426 23.6047
13427 23.6059
13428 23.6065
13429 23.6073
13430 23.6083
13431 23.6093
13432 23.6105
13433 23.6121
13434 23.614
13435 23.6163
13436 23.6186
13437 23.6202
13438 23.6211
13439 23.6219
13440 23.6227
13441 23.6235
13442 23.624
13443 23.6243
13444 23.6247
13445 23.6254
13446 23.6263
13447 23.6275
13448 23.6291
13449 23.631
13450 23.6331
13451 23.635
13452 23.6365
13453 23.6373
13454 23.638
13455 23.6386
13456 23.6394
13457 23.6404
13458 23.6417
13459 23.6433
13460 23.645
13461 23.6467
13462 23.6488
13463 23.6509
13464 23.6529
13465 23.6547
13466 23.6565
13467 23.6583
13468 23.6602
13469 23.6626
13470 23.665
13471 23.6675
13472 23.6696
13473 23.672
13474 23.6746
13475 23.6771
13476 23.6796
13477 23.6819
13478 23.6839
13479 23.686
13480 23.6878
13481 23.6894
13482 23.6912
13483 23.6932
13484 23.6954
13485 23.6978
13486 23.7005
13487 23.703
13488 23.7055
13489 23.7078
13490 23.7097
13491 23.711
13492 23.7121
13493 23.7133
13494 23.7148
13495 23.7161
13496 23.7173
13497 23.7185
13498 23.7197
13499 23.7212
13500 23.7228
13501 23.7242
13502 23.7252
13503 23.7263
13504 23.7273
13505 23.728
13506 23.7282
13507 23.728
13508 23.7273
13509 23.7269
13510 23.7269
13511 23.7274
13512 23.7284
13513 23.7292
13514 23.7301
13515 23.7309
13516 23.7318
13517 23.7323
13518 23.7327
13519 23.7326
13520 23.7323
13521 23.7319
13522 23.7314
13523 23.7311
13524 23.7311
13525 23.7314
13526 23.732
13527 23.7326
13528 23.7334
13529 23.7338
13530 23.734
13531 23.7339
13532 23.7341
13533 23.7343
13534 23.7347
13535 23.7347
13536 23.7348
13537 23.7351
13538 23.7354
13539 23.7358
13540 23.7363
13541 23.7369
13542 23.7376
13543 23.7386
13544 23.7397
13545 23.7406
13546 23.7414
13547 23.7424
13548 23.7436
13549 23.7446
13550 23.7459
13551 23.7472
13552 23.7488
13553 23.7508
13554 23.7529
13555 23.7548
13556 23.757
13557 23.7593
13558 23.7615
13559 23.7631
13560 23.7645
13561 23.7656
13562 23.7665
13563 23.7674
13564 23.7686
13565 23.7705
13566 23.7728
13567 23.7756
13568 23.7783
13569 23.7809
13570 23.7833
13571 23.7853
13572 23.7867
13573 23.7873
13574 23.7875
13575 23.7877
13576 23.7879
13577 23.7884
13578 23.7895
13579 23.7913
13580 23.7936
13581 23.7963
13582 23.799
13583 23.8015
13584 23.8035
13585 23.8048
13586 23.806
13587 23.8069
13588 23.8076
13589 23.8085
13590 23.8098
13591 23.8115
13592 23.8138
13593 23.8166
13594 23.8196
13595 23.8224
13596 23.8253
13597 23.8278
13598 23.8301
13599 23.8325
13600 23.8346
13601 23.8366
13602 23.8384
13603 23.8406
13604 23.8431
13605 23.8464
13606 23.8501
13607 23.8533
13608 23.8564
13609 23.8591
13610 23.8614
13611 23.8636
13612 23.866
13613 23.8683
13614 23.8702
13615 23.8718
13616 23.8735
13617 23.8751
13618 23.8772
13619 23.8796
13620 23.8821
13621 23.8848
13622 23.8874
13623 23.8897
13624 23.8911
13625 23.8918
13626 23.8925
13627 23.8933
13628 23.8942
13629 23.8951
13630 23.8964
13631 23.898
13632 23.8997
13633 23.9016
13634 23.9038
13635 23.9057
13636 23.9075
13637 23.9088
13638 23.9099
13639 23.9108
13640 23.9114
13641 23.9119
13642 23.9124
13643 23.9128
13644 23.9131
13645 23.9136
13646 23.9144
13647 23.9152
13648 23.916
13649 23.9167
13650 23.9173
13651 23.9176
13652 23.9176
13653 23.9173
13654 23.917
13655 23.9172
13656 23.9179
13657 23.919
13658 23.9202
13659 23.9219
13660 23.9238
13661 23.9255
13662 23.9271
13663 23.9284
13664 23.9297
13665 23.9309
13666 23.932
13667 23.933
13668 23.9339
13669 23.935
13670 23.9363
13671 23.9377
13672 23.9391
13673 23.9405
13674 23.9422
13675 23.9439
13676 23.9455
13677 23.9474
13678 23.9497
13679 23.9525
13680 23.9553
13681 23.9579
13682 23.9604
13683 23.9629
13684 23.9653
13685 23.9677
13686 23.9703
13687 23.9727
13688 23.9751
13689 23.9771
13690 23.9791
13691 23.9811
13692 23.9833
13693 23.9855
13694 23.9877
13695 23.9895
13696 23.9914
13697 23.9937
13698 23.996
13699 23.9979
13700 23.9998
13701 24.0015
13702 24.0035
13703 24.0057
13704 24.0082
13705 24.0103
13706 24.0124
13707 24.0144
13708 24.0163
13709 24.0178
13710 24.019
13711 24.0202
13712 24.0216
13713 24.0233
13714 24.025
13715 24.0266
13716 24.0279
13717 24.0288
13718 24.0296
13719 24.0303
13720 24.0312
13721 24.0321
13722 24.033
13723 24.0339
13724 24.0344
13725 24.0352
13726 24.0359
13727 24.0367
13728 24.0374
13729 24.0382
13730 24.039
13731 24.0399
13732 24.0409
13733 24.0417
13734 24.0424
13735 24.0429
13736 24.0435
13737 24.0444
13738 24.0453
13739 24.0466
13740 24.0481
13741 24.0498
13742 24.0514
13743 24.0531
13744 24.0549
13745 24.0564
13746 24.0578
13747 24.0588
13748 24.0596
13749 24.0604
13750 24.0617
13751 24.0637
13752 24.0659
13753 24.0682
13754 24.0704
13755 24.0722
13756 24.0737
13757 24.0751
13758 24.0761
13759 24.0771
13760 24.0782
13761 24.0796
13762 24.0814
13763 24.0837
13764 24.0863
13765 24.0892
13766 24.0921
13767 24.095
13768 24.0978
13769 24.1004
13770 24.1029
13771 24.105
13772 24.107
13773 24.1094
13774 24.1122
13775 24.1152
13776 24.118
13777 24.1205
13778 24.123
13779 24.1257
13780 24.1282
13781 24.1307
13782 24.1327
13783 24.1345
13784 24.1363
13785 24.1383
13786 24.1403
13787 24.1426
13788 24.1453
13789 24.1479
13790 24.1505
13791 24.153
13792 24.1554
13793 24.1571
13794 24.1583
13795 24.1592
13796 24.1602
13797 24.161
13798 24.1617
13799 24.1622
13800 24.1623
13801 24.1623
13802 24.1623
13803 24.1626
13804 24.163
13805 24.1635
13806 24.1641
13807 24.1642
13808 24.1645
13809 24.1647
13810 24.1651
13811 24.1654
13812 24.166
13813 24.1664
13814 24.1665
13815 24.1663
13816 24.1662
13817 24.1661
13818 24.1662
13819 24.1665
13820 24.1668
13821 24.1674
13822 24.1679
13823 24.1685
13824 24.169
13825 24.1693
13826 24.1694
13827 24.1697
13828 24.17
13829 24.1702
13830 24.1705
13831 24.1709
13832 24.1718
13833 24.1732
13834 24.1746
13835 24.1758
13836 24.177
13837 24.1784
13838 24.1798
13839 24.1815
13840 24.1834
13841 24.1854
13842 24.1876
13843 24.1898
13844 24.1918
13845 24.1934
13846 24.1953
13847 24.1973
13848 24.1994
13849 24.2017
13850 24.2039
13851 24.2062
13852 24.2086
13853 24.2109
13854 24.2125
13855 24.2135
13856 24.214
13857 24.2144
13858 24.2148
13859 24.2157
13860 24.2171
13861 24.2191
13862 24.2212
13863 24.2233
13864 24.2253
13865 24.2269
13866 24.2281
13867 24.2289
13868 24.2292
13869 24.2296
13870 24.2303
13871 24.2313
13872 24.2324
13873 24.2334
13874 24.2351
13875 24.2374
13876 24.2398
13877 24.242
13878 24.2434
13879 24.244
13880 24.2441
13881 24.244
13882 24.2439
13883 24.2438
13884 24.2437
13885 24.2437
13886 24.244
13887 24.2447
13888 24.2459
13889 24.2475
13890 24.2492
13891 24.2504
13892 24.251
13893 24.2516
13894 24.2518
13895 24.2521
13896 24.2522
13897 24.2519
13898 24.2513
13899 24.2505
13900 24.25
13901 24.2499
13902 24.2502
13903 24.2507
13904 24.2515
13905 24.2524
13906 24.2536
13907 24.2549
13908 24.2557
13909 24.256
13910 24.2561
13911 24.2558
13912 24.255
13913 24.2539
13914 24.2531
13915 24.2526
13916 24.2523
13917 24.2522
13918 24.2525
13919 24.2532
13920 24.2541
13921 24.2547
13922 24.2553
13923 24.2561
13924 24.2567
13925 24.257
13926 24.2574
13927 24.2583
13928 24.2598
13929 24.2617
13930 24.2632
13931 24.2646
13932 24.2663
13933 24.268
13934 24.2695
13935 24.2709
13936 24.2721
13937 24.2732
13938 24.2745
13939 24.2757
13940 24.2773
13941 24.2791
13942 24.2809
13943 24.2827
13944 24.2846
13945 24.2867
13946 24.289
13947 24.2912
13948 24.2932
13949 24.295
13950 24.2964
13951 24.2977
13952 24.2988
13953 24.3001
13954 24.3017
13955 24.3033
13956 24.3052
13957 24.3073
13958 24.3094
13959 24.3112
13960 24.3127
13961 24.3139
13962 24.3152
13963 24.3164
13964 24.3182
13965 24.3203
13966 24.3228
13967 24.3253
13968 24.3277
13969 24.3298
13970 24.3316
13971 24.3329
13972 24.3335
13973 24.3334
13974 24.3336
13975 24.3343
13976 24.3355
13977 24.3369
13978 24.3384
13979 24.3402
13980 24.3422
13981 24.3438
13982 24.3453
13983 24.3467
13984 24.3475
13985 24.348
13986 24.3484
13987 24.3493
13988 24.3507
13989 24.3528
13990 24.3551
13991 24.3577
13992 24.3601
13993 24.3622
13994 24.3645
13995 24.3669
13996 24.3691
13997 24.3708
13998 24.3723
13999 24.3738
14000 24.3748
14001 24.3761
14002 24.3777
14003 24.3797
14004 24.382
14005 24.3846
14006 24.3868
14007 24.3887
14008 24.3903
14009 24.3919
14010 24.3934
14011 24.3948
14012 24.3958
14013 24.3965
14014 24.397
14015 24.3979
14016 24.3993
14017 24.401
14018 24.4028
14019 24.405
14020 24.4075
14021 24.4101
14022 24.4124
14023 24.4144
14024 24.416
14025 24.4173
14026 24.4183
14027 24.4192
14028 24.4205
14029 24.4219
14030 24.4232
14031 24.4246
14032 24.4267
14033 24.429
14034 24.4313
14035 24.4333
14036 24.435
14037 24.4363
14038 24.4379
14039 24.4393
14040 24.4404
14041 24.4416
14042 24.4425
14043 24.4436
14044 24.4447
14045 24.4459
14046 24.4472
14047 24.4485
14048 24.4497
14049 24.451
14050 24.4522
14051 24.4533
14052 24.4545
14053 24.4556
14054 24.4566
14055 24.4576
14056 24.4583
14057 24.4589
14058 24.4592
14059 24.4594
14060 24.4599
14061 24.4603
14062 24.4605
14063 24.4605
14064 24.4604
14065 24.4603
14066 24.4603
14067 24.4605
14068 24.4612
14069 24.462
14070 24.4629
14071 24.4637
14072 24.4644
14073 24.4649
14074 24.4652
14075 24.4655
14076 24.4655
14077 24.4652
14078 24.465
14079 24.4654
14080 24.4665
14081 24.4681
14082 24.4701
14083 24.4721
14084 24.4739
14085 24.4756
14086 24.4772
14087 24.4788
14088 24.4802
14089 24.4815
14090 24.4824
14091 24.4835
14092 24.4848
14093 24.4862
14094 24.488
14095 24.4897
14096 24.4916
14097 24.4939
14098 24.4963
14099 24.4986
14100 24.501
14101 24.503
14102 24.5045
14103 24.5057
14104 24.5072
14105 24.5091
14106 24.5115
14107 24.514
14108 24.5164
14109 24.5186
14110 24.5208
14111 24.5231
14112 24.5254
14113 24.5278
14114 24.5302
14115 24.5325
14116 24.5345
14117 24.5366
14118 24.5389
14119 24.5414
14120 24.5434
14121 24.5451
14122 24.5464
14123 24.5472
14124 24.5483
14125 24.5495
14126 24.5508
14127 24.5521
14128 24.5539
14129 24.5557
14130 24.5573
14131 24.5582
14132 24.5584
14133 24.5586
14134 24.5587
14135 24.5588
14136 24.5589
14137 24.5593
14138 24.5599
14139 24.5608
14140 24.562
14141 24.5631
14142 24.5644
14143 24.5659
14144 24.5673
14145 24.5685
14146 24.5691
14147 24.5696
14148 24.5701
14149 24.5704
14150 24.5709
14151 24.5717
14152 24.572
14153 24.5724
14154 24.5732
14155 24.5738
14156 24.5742
14157 24.5748
14158 24.5757
14159 24.577
14160 24.5784
14161 24.5797
14162 24.5805
14163 24.5806
14164 24.5804
14165 24.58
14166 24.5794
14167 24.579
14168 24.5787
14169 24.5785
14170 24.5787
14171 24.5792
14172 24.5799
14173 24.5808
14174 24.5813
14175 24.5819
14176 24.5826
14177 24.5832
14178 24.5837
14179 24.5843
14180 24.585
14181 24.5857
14182 24.5865
14183 24.587
14184 24.587
14185 24.587
14186 24.587
14187 24.587
14188 24.5871
14189 24.5872
14190 24.5873
14191 24.5872
14192 24.5873
14193 24.5878
14194 24.5887
14195 24.5899
14196 24.5909
14197 24.5919
14198 24.5928
14199 24.5938
14200 24.595
14201 24.5964
14202 24.5974
14203 24.5981
14204 24.5989
14205 24.5998
14206 24.601
14207 24.6023
14208 24.604
14209 24.6061
14210 24.6083
14211 24.6105
14212 24.6129
14213 24.6152
14214 24.6177
14215 24.62
14216 24.6222
14217 24.6241
14218 24.6259
14219 24.6277
14220 24.6295
14221 24.6312
14222 24.633
14223 24.6349
14224 24.6369
14225 24.6388
14226 24.6408
14227 24.6428
14228 24.6445
14229 24.646
14230 24.6473
14231 24.6487
14232 24.6507
14233 24.653
14234 24.6555
14235 24.6585
14236 24.6617
14237 24.6648
14238 24.6678
14239 24.6705
14240 24.6725
14241 24.6743
14242 24.6757
14243 24.6767
14244 24.6776
14245 24.6788
14246 24.6804
14247 24.6822
14248 24.6845
14249 24.6872
14250 24.69
14251 24.6924
14252 24.6948
14253 24.6972
14254 24.6992
14255 24.7007
14256 24.7014
14257 24.7021
14258 24.7031
14259 24.7047
14260 24.7067
14261 24.7088
14262 24.7112
14263 24.714
14264 24.7171
14265 24.7199
14266 24.7217
14267 24.723
14268 24.7239
14269 24.7247
14270 24.7254
14271 24.7262
14272 24.7271
14273 24.7283
14274 24.7295
14275 24.731
14276 24.7328
14277 24.7348
14278 24.7372
14279 24.7389
14280 24.74
14281 24.7406
14282 24.741
14283 24.7414
14284 24.7418
14285 24.7421
14286 24.7423
14287 24.7427
14288 24.7434
14289 24.744
14290 24.7448
14291 24.7459
14292 24.7467
14293 24.7472
14294 24.7472
14295 24.7468
14296 24.7461
14297 24.7456
14298 24.7454
14299 24.7457
14300 24.7459
14301 24.7462
14302 24.7465
14303 24.7465
14304 24.7465
14305 24.7463
14306 24.7458
14307 24.745
14308 24.7442
14309 24.7437
14310 24.7434
14311 24.7433
14312 24.7435
14313 24.744
14314 24.7447
14315 24.7454
14316 24.7465
14317 24.7474
14318 24.748
14319 24.7486
14320 24.7489
14321 24.7494
14322 24.75
14323 24.7507
14324 24.7515
14325 24.752
14326 24.7527
14327 24.7538
14328 24.7555
14329 24.7573
14330 24.7593
14331 24.7612
14332 24.7627
14333 24.7642
14334 24.7657
14335 24.7667
14336 24.7675
14337 24.7683
14338 24.7693
14339 24.7706
14340 24.7721
14341 24.7739
14342 24.7757
14343 24.7777
14344 24.7793
14345 24.7807
14346 24.7821
14347 24.7836
14348 24.785
14349 24.7862
14350 24.7873
14351 24.788
14352 24.7886
14353 24.7893
14354 24.7904
14355 24.7916
14356 24.793
14357 24.7949
14358 24.7975
14359 24.8001
14360 24.8021
14361 24.8038
14362 24.8051
14363 24.8055
14364 24.8055
14365 24.8054
14366 24.8058
14367 24.8068
14368 24.8077
14369 24.8086
14370 24.8101
14371 24.8116
14372 24.813
14373 24.8141
14374 24.8151
14375 24.8161
14376 24.8174
14377 24.819
14378 24.8209
14379 24.8233
14380 24.8258
14381 24.8282
14382 24.8302
14383 24.8319
14384 24.8336
14385 24.8357
14386 24.8383
14387 24.841
14388 24.8435
14389 24.8457
14390 24.8475
14391 24.8495
14392 24.8511
14393 24.8525
14394 24.8539
14395 24.8555
14396 24.8572
14397 24.8589
14398 24.8609
14399 24.8627
14400 24.8644
14401 24.8661
14402 24.8673
14403 24.8683
14404 24.869
14405 24.8694
14406 24.8698
14407 24.8705
14408 24.8716
14409 24.8729
14410 24.874
14411 24.8748
14412 24.8754
14413 24.8763
14414 24.8769
14415 24.8772
14416 24.8769
14417 24.8763
14418 24.876
14419 24.8761
14420 24.8766
14421 24.8774
14422 24.8782
14423 24.8789
14424 24.8793
14425 24.8795
14426 24.8793
14427 24.8788
14428 24.8779
14429 24.8767
14430 24.8755
14431 24.8747
14432 24.8741
14433 24.8736
14434 24.8737
14435 24.8742
14436 24.875
14437 24.876
14438 24.8765
14439 24.8767
14440 24.8768
14441 24.8765
14442 24.8758
14443 24.8752
14444 24.8746
14445 24.8744
14446 24.8747
14447 24.8756
14448 24.8768
14449 24.878
14450 24.8793
14451 24.8805
14452 24.8819
14453 24.8831
14454 24.884
14455 24.8845
14456 24.885
14457 24.8856
14458 24.8866
14459 24.888
14460 24.8896
14461 24.8913
14462 24.8933
14463 24.8954
14464 24.8973
14465 24.8993
14466 24.9008
14467 24.902
14468 24.9032
14469 24.9046
14470 24.9062
14471 24.9082
14472 24.9108
14473 24.9136
14474 24.9166
14475 24.9196
14476 24.9227
14477 24.9257
14478 24.9284
14479 24.9307
14480 24.9327
14481 24.9343
14482 24.9357
14483 24.9373
14484 24.9389
14485 24.9409
14486 24.9433
14487 24.9464
14488 24.9497
14489 24.953
14490 24.956
14491 24.9584
14492 24.96
14493 24.9611
14494 24.9613
14495 24.9612
14496 24.9614
14497 24.9619
14498 24.9628
14499 24.9643
14500 24.9661
14501 24.9678
14502 24.9692
14503 24.97
14504 24.9706
14505 24.9712
14506 24.9719
14507 24.9726
14508 24.9733
14509 24.9742
14510 24.975
14511 24.976
14512 24.9769
14513 24.9779
14514 24.9788
14515 24.9798
14516 24.9808
14517 24.9813
14518 24.9815
14519 24.9814
14520 24.9812
14521 24.9812
14522 24.9813
14523 24.9817
14524 24.9824
14525 24.9833
14526 24.9841
14527 24.9848
14528 24.9856
14529 24.9862
14530 24.9864
14531 24.9863
14532 24.9856
14533 24.9849
14534 24.9846
14535 24.9849
14536 24.9858
14537 24.9868
14538 24.9877
14539 24.9886
14540 24.9894
14541 24.9901
14542 24.9907
14543 24.9913
14544 24.9917
14545 24.9923
14546 24.9934
14547 24.9946
14548 24.9962
14549 24.9981
14550 24.9998
14551 25.0013
14552 25.0026
14553 25.0038
14554 25.0046
14555 25.0049
14556 25.0049
14557 25.0047
14558 25.0046
14559 25.0047
14560 25.0054
14561 25.0065
14562 25.0079
14563 25.0096
14564 25.0113
14565 25.0129
14566 25.0141
14567 25.0149
14568 25.0154
14569 25.0156
14570 25.0157
14571 25.0162
14572 25.0171
14573 25.0182
14574 25.0193
14575 25.0204
14576 25.0214
14577 25.0225
14578 25.0239
14579 25.0253
14580 25.0266
14581 25.0278
14582 25.0292
14583 25.0304
14584 25.0315
14585 25.0326
14586 25.0336
14587 25.035
14588 25.0364
14589 25.0377
14590 25.039
14591 25.0401
14592 25.0414
14593 25.0426
14594 25.044
14595 25.0453
14596 25.0465
14597 25.0479
14598 25.0493
14599 25.0508
14600 25.0521
14601 25.0532
14602 25.0541
14603 25.0551
14604 25.0562
14605 25.0577
14606 25.0594
14607 25.0613
14608 25.0632
14609 25.0653
14610 25.0671
14611 25.069
14612 25.0712
14613 25.0733
14614 25.0754
14615 25.0773
14616 25.0791
14617 25.0809
14618 25.0828
14619 25.0848
14620 25.0871
14621 25.0897
14622 25.0926
14623 25.0959
14624 25.0993
14625 25.103
14626 25.1067
14627 25.11
14628 25.1129
14629 25.1157
14630 25.1185
14631 25.1211
14632 25.1236
14633 25.1261
14634 25.1287
14635 25.1312
14636 25.1342
14637 25.1376
14638 25.1414
14639 25.1453
14640 25.1492
14641 25.1528
14642 25.1563
14643 25.1593
14644 25.162
14645 25.1638
14646 25.1653
14647 25.1668
14648 25.1682
14649 25.1701
14650 25.1721
14651 25.1743
14652 25.1767
14653 25.1793
14654 25.1818
14655 25.184
14656 25.1858
14657 25.1872
14658 25.1886
14659 25.1897
14660 25.1909
14661 25.1922
14662 25.1936
14663 25.195
14664 25.1962
14665 25.1971
14666 25.1976
14667 25.1981
14668 25.1988
14669 25.1996
14670 25.2004
14671 25.201
14672 25.2018
14673 25.2026
14674 25.2034
14675 25.204
14676 25.2042
14677 25.2044
14678 25.2044
14679 25.2043
14680 25.2041
14681 25.2042
14682 25.2043
14683 25.2044
14684 25.2048
14685 25.2052
14686 25.2056
14687 25.2057
14688 25.2057
14689 25.2054
14690 25.2048
14691 25.2042
14692 25.2038
14693 25.2039
14694 25.2045
14695 25.2055
14696 25.2065
14697 25.2076
14698 25.2082
14699 25.2088
14700 25.2095
14701 25.2108
14702 25.2119
14703 25.2133
14704 25.2146
14705 25.2157
14706 25.2167
14707 25.2177
14708 25.2182
14709 25.2183
14710 25.2184
14711 25.2186
14712 25.219
14713 25.2196
14714 25.2204
14715 25.2213
14716 25.2219
14717 25.2223
14718 25.2226
14719 25.2228
14720 25.2232
14721 25.2236
14722 25.2239
14723 25.2245
14724 25.2253
14725 25.2265
14726 25.2281
14727 25.2293
14728 25.2306
14729 25.232
14730 25.2333
14731 25.2347
14732 25.2363
14733 25.238
14734 25.2393
14735 25.2408
14736 25.2427
14737 25.2448
14738 25.2468
14739 25.2484
14740 25.2498
14741 25.2513
14742 25.2529
14743 25.2544
14744 25.2561
14745 25.2582
14746 25.2603
14747 25.2625
14748 25.2646
14749 25.266
14750 25.2673
14751 25.2687
14752 25.2698
14753 25.2711
14754 25.2725
14755 25.2736
14756 25.2749
14757 25.2769
14758 25.2793
14759 25.2818
14760 25.2843
14761 25.2868
14762 25.2892
14763 25.2911
14764 25.2928
14765 25.2939
14766 25.2947
14767 25.2953
14768 25.2961
14769 25.297
14770 25.2983
14771 25.3003
14772 25.3027
14773 25.3052
14774 25.3077
14775 25.3097
14776 25.311
14777 25.312
14778 25.3122
14779 25.3116
14780 25.3109
14781 25.3108
14782 25.3111
14783 25.3123
14784 25.3141
14785 25.316
14786 25.3179
14787 25.3193
14788 25.3202
14789 25.3206
14790 25.3203
14791 25.3194
14792 25.3184
14793 25.3172
14794 25.3161
14795 25.3155
14796 25.3152
14797 25.316
14798 25.3175
14799 25.3191
14800 25.3208
14801 25.3218
14802 25.3224
14803 25.3227
14804 25.3221
14805 25.3213
14806 25.3204
14807 25.3197
14808 25.3193
14809 25.3196
14810 25.3204
14811 25.3216
14812 25.3229
14813 25.3242
14814 25.3252
14815 25.3258
14816 25.3257
14817 25.3253
14818 25.3249
14819 25.3243
14820 25.3242
14821 25.3249
14822 25.3263
14823 25.3284
14824 25.3308
14825 25.3334
14826 25.3358
14827 25.3377
14828 25.3387
14829 25.3392
14830 25.3395
14831 25.3398
14832 25.3405
14833 25.3418
14834 25.344
14835 25.3465
14836 25.3495
14837 25.3525
14838 25.3552
14839 25.3572
14840 25.3587
14841 25.36
14842 25.3611
14843 25.3621
14844 25.363
14845 25.3634
14846 25.3643
14847 25.3657
14848 25.3672
14849 25.369
14850 25.3708
14851 25.3726
14852 25.3743
14853 25.3757
14854 25.3768
14855 25.3777
14856 25.3783
14857 25.3785
14858 25.3788
14859 25.3789
14860 25.379
14861 25.3791
14862 25.3801
14863 25.3817
14864 25.3836
14865 25.3852
14866 25.3863
14867 25.3869
14868 25.3869
14869 25.386
14870 25.385
14871 25.3836
14872 25.3819
14873 25.3803
14874 25.3792
14875 25.3786
14876 25.3786
14877 25.379
14878 25.3796
14879 25.3801
14880 25.3801
14881 25.3801
14882 25.3799
14883 25.3795
14884 25.3789
14885 25.3784
14886 25.3778
14887 25.3771
14888 25.3767
14889 25.3766
14890 25.3771
14891 25.3779
14892 25.3789
14893 25.3799
14894 25.3809
14895 25.3816
14896 25.3821
14897 25.3826
14898 25.3829
14899 25.3835
14900 25.3843
14901 25.385
14902 25.3859
14903 25.3869
14904 25.388
14905 25.3892
14906 25.3905
14907 25.3919
14908 25.3934
14909 25.3948
14910 25.396
14911 25.3972
14912 25.3985
14913 25.4
14914 25.4018
14915 25.404
14916 25.4065
14917 25.4093
14918 25.4122
14919 25.4152
14920 25.4182
14921 25.4212
14922 25.4242
14923 25.4267
14924 25.4287
14925 25.4304
14926 25.4317
14927 25.4325
14928 25.4332
14929 25.4339
14930 25.435
14931 25.4363
14932 25.4378
14933 25.4393
14934 25.4407
14935 25.442
14936 25.4434
14937 25.4448
14938 25.4462
14939 25.4474
14940 25.4484
14941 25.4492
14942 25.4501
14943 25.4512
14944 25.4527
14945 25.4543
14946 25.4557
14947 25.4568
14948 25.4576
14949 25.4581
14950 25.4583
14951 25.4587
14952 25.4596
14953 25.4605
14954 25.4616
14955 25.4629
14956 25.4641
14957 25.4655
14958 25.4668
14959 25.4676
14960 25.4679
14961 25.4678
14962 25.4676
14963 25.4675
14964 25.4676
14965 25.4682
14966 25.4688
14967 25.4692
14968 25.4697
14969 25.4699
14970 25.4705
14971 25.4716
14972 25.473
14973 25.4744
14974 25.4757
14975 25.4768
14976 25.4775
14977 25.4779
14978 25.478
14979 25.4784
14980 25.4791
14981 25.4803
14982 25.4818
14983 25.4831
14984 25.4842
14985 25.4852
14986 25.486
14987 25.487
14988 25.4879
14989 25.4886
14990 25.4892
14991 25.4895
14992 25.4899
14993 25.4908
14994 25.4919
14995 25.4932
14996 25.4948
14997 25.4965
14998 25.4982
14999 25.4993
15000 25.5
15001 25.5008
15002 25.5015
15003 25.502
15004 25.5025
15005 25.5031
15006 25.5041
15007 25.5054
15008 25.5067
15009 25.508
15010 25.5094
15011 25.511
15012 25.5127
15013 25.5145
15014 25.5162
15015 25.5178
15016 25.5189
15017 25.5199
15018 25.5207
15019 25.5216
15020 25.5227
15021 25.5236
15022 25.525
15023 25.5266
15024 25.5288
15025 25.5309
15026 25.5322
15027 25.5331
15028 25.5335
15029 25.534
15030 25.5334
15031 25.5325
15032 25.5319
15033 25.532
15034 25.5327
15035 25.5339
15036 25.5356
15037 25.5375
15038 25.5394
15039 25.5404
15040 25.5403
15041 25.5398
15042 25.5395
15043 25.5394
15044 25.539
15045 25.5389
15046 25.5391
15047 25.5398
15048 25.5406
15049 25.5414
15050 25.5424
15051 25.5431
15052 25.5434
15053 25.5437
15054 25.5443
15055 25.545
15056 25.5455
15057 25.5462
15058 25.5473
15059 25.5488
15060 25.5502
15061 25.5512
15062 25.5522
15063 25.5527
15064 25.5529
15065 25.5528
15066 25.553
15067 25.5534
15068 25.5542
15069 25.5556
15070 25.5574
15071 25.5593
15072 25.5607
15073 25.5619
15074 25.5629
15075 25.5637
15076 25.5645
15077 25.5653
15078 25.5661
15079 25.567
15080 25.5679
15081 25.5687
15082 25.5696
15083 25.5705
15084 25.5717
15085 25.5732
15086 25.575
15087 25.5772
15088 25.5795
15089 25.582
15090 25.5844
15091 25.5867
15092 25.5888
15093 25.5906
15094 25.5923
15095 25.594
15096 25.5959
15097 25.5979
15098 25.5999
15099 25.602
15100 25.604
15101 25.6063
15102 25.6087
15103 25.6111
15104 25.6135
15105 25.6158
15106 25.618
15107 25.62
15108 25.6221
15109 25.6239
15110 25.626
15111 25.6283
15112 25.6309
15113 25.6336
15114 25.6363
15115 25.6388
15116 25.6411
15117 25.6432
15118 25.6453
15119 25.6471
15120 25.649
15121 25.651
15122 25.6529
15123 25.6552
15124 25.6575
15125 25.6601
15126 25.663
15127 25.6661
15128 25.6693
15129 25.6722
15130 25.6751
15131 25.678
15132 25.681
15133 25.6839
15134 25.6867
15135 25.6897
15136 25.6924
15137 25.6947
15138 25.697
15139 25.6994
15140 25.702
15141 25.7046
15142 25.7073
15143 25.7102
15144 25.7133
15145 25.7157
15146 25.7173
15147 25.7183
15148 25.7189
15149 25.719
15150 25.719
15151 25.7194
15152 25.7198
15153 25.7206
15154 25.7218
15155 25.7227
15156 25.7238
15157 25.7244
15158 25.725
15159 25.725
15160 25.7245
15161 25.7238
15162 25.7231
15163 25.7226
15164 25.7221
15165 25.722
15166 25.7221
15167 25.7225
15168 25.723
15169 25.7234
15170 25.7233
15171 25.7231
15172 25.723
15173 25.7224
15174 25.7215
15175 25.72
15176 25.7185
15177 25.7175
15178 25.7169
15179 25.7166
15180 25.7163
15181 25.7161
15182 25.7162
15183 25.7164
15184 25.7168
15185 25.7172
15186 25.7176
15187 25.718
15188 25.7182
15189 25.7184
15190 25.7188
15191 25.7196
15192 25.7209
15193 25.7227
15194 25.7249
15195 25.7277
15196 25.7304
15197 25.7332
15198 25.7358
15199 25.7381
15200 25.7405
15201 25.7428
15202 25.7452
15203 25.7477
15204 25.7503
15205 25.7529
15206 25.7557
15207 25.7588
15208 25.7622
15209 25.7659
15210 25.7698
15211 25.7736
15212 25.7775
15213 25.781
15214 25.7841
15215 25.7873
15216 25.7911
15217 25.7951
15218 25.7991
15219 25.8029
15220 25.8067
15221 25.8103
15222 25.814
15223 25.8179
15224 25.8216
15225 25.8253
15226 25.8288
15227 25.8321
15228 25.835
15229 25.8374
15230 25.8394
15231 25.841
15232 25.842
15233 25.8429
15234 25.8442
15235 25.8456
15236 25.847
15237 25.8482
15238 25.8492
15239 25.8498
15240 25.8498
15241 25.8493
15242 25.8487
15243 25.8481
15244 25.8475
15245 25.8472
15246 25.8467
15247 25.8462
15248 25.8454
15249 25.8445
15250 25.8434
15251 25.8416
15252 25.84
15253 25.8387
15254 25.8375
15255 25.8363
15256 25.835
15257 25.8339
15258 25.8332
15259 25.8326
15260 25.8318
15261 25.8303
15262 25.8284
15263 25.8267
15264 25.8255
15265 25.8249
15266 25.8251
15267 25.826
15268 25.8271
15269 25.828
15270 25.8287
15271 25.8294
15272 25.8298
15273 25.8302
15274 25.8306
15275 25.8308
15276 25.8312
15277 25.8321
15278 25.8335
15279 25.8354
15280 25.8375
15281 25.8396
15282 25.8417
15283 25.8441
15284 25.8465
15285 25.8488
15286 25.8505
15287 25.8516
15288 25.8527
15289 25.8539
15290 25.8552
15291 25.8566
15292 25.8585
15293 25.8607
15294 25.863
15295 25.8653
15296 25.8678
15297 25.8697
15298 25.8713
15299 25.873
15300 25.8745
15301 25.8755
15302 25.8764
15303 25.8778
15304 25.8796
15305 25.8819
15306 25.8846
15307 25.8869
15308 25.8892
15309 25.8914
15310 25.893
15311 25.894
15312 25.8948
15313 25.8955
15314 25.8964
15315 25.8973
15316 25.8982
15317 25.8994
15318 25.9007
15319 25.9022
15320 25.9036
15321 25.9044
15322 25.9045
15323 25.9042
15324 25.9035
15325 25.9027
15326 25.9018
15327 25.901
15328 25.9005
15329 25.9
15330 25.9001
15331 25.9007
15332 25.9018
15333 25.9029
15334 25.9038
15335 25.9046
15336 25.9051
15337 25.9053
15338 25.9049
15339 25.9041
15340 25.903
15341 25.9026
15342 25.9027
15343 25.9037
15344 25.905
15345 25.9064
15346 25.9073
15347 25.908
15348 25.9082
15349 25.9081
15350 25.9079
15351 25.908
15352 25.9082
15353 25.9089
15354 25.91
15355 25.9115
15356 25.9135
15357 25.9161
15358 25.9185
15359 25.9206
15360 25.9221
15361 25.9237
15362 25.9249
15363 25.9254
15364 25.9256
15365 25.9259
15366 25.9266
15367 25.9277
15368 25.9289
15369 25.931
15370 25.9335
15371 25.9366
15372 25.9401
15373 25.9436
15374 25.9463
15375 25.9479
15376 25.9489
15377 25.9499
15378 25.9509
15379 25.9519
15380 25.953
15381 25.9539
15382 25.9548
15383 25.9561
15384 25.9579
15385 25.9595
15386 25.9609
15387 25.962
15388 25.9631
15389 25.964
15390 25.965
15391 25.9661
15392 25.9672
15393 25.9683
15394 25.9694
15395 25.9703
15396 25.9714
15397 25.9728
15398 25.9748
15399 25.9768
15400 25.9789
15401 25.9808
15402 25.9822
15403 25.9833
15404 25.9843
15405 25.9853
15406 25.9865
15407 25.988
15408 25.9899
15409 25.9915
15410 25.993
15411 25.9943
15412 25.9952
15413 25.9957
15414 25.9961
15415 25.9966
15416 25.9971
15417 25.9976
15418 25.9981
15419 25.9986
15420 25.9989
15421 25.9991
15422 25.9989
15423 25.9989
15424 25.9988
15425 25.9989
15426 25.9992
15427 25.9996
15428 26.0002
15429 26.0011
15430 26.0021
15431 26.0031
15432 26.0034
15433 26.003
15434 26.0026
15435 26.0021
15436 26.0018
15437 26.002
15438 26.0022
15439 26.0025
15440 26.0031
15441 26.0038
15442 26.0044
15443 26.0052
15444 26.0056
15445 26.0056
15446 26.0054
15447 26.0059
15448 26.0066
15449 26.0072
15450 26.0079
15451 26.0089
15452 26.0102
15453 26.0115
15454 26.0122
15455 26.0129
15456 26.0135
15457 26.0147
15458 26.0162
15459 26.0179
15460 26.0197
15461 26.0212
15462 26.0227
15463 26.0245
15464 26.0266
15465 26.029
15466 26.0319
15467 26.0348
15468 26.0376
15469 26.0402
15470 26.0425
15471 26.0444
15472 26.0462
15473 26.0482
15474 26.0502
15475 26.0525
15476 26.055
15477 26.0574
15478 26.0599
15479 26.0626
15480 26.065
15481 26.0671
15482 26.0691
15483 26.071
15484 26.0728
15485 26.0748
15486 26.0769
15487 26.0793
15488 26.0817
15489 26.084
15490 26.0863
15491 26.0884
15492 26.0902
15493 26.0921
15494 26.094
15495 26.0959
15496 26.098
15497 26.1003
15498 26.1029
15499 26.1057
15500 26.1078
15501 26.1097
15502 26.1114
15503 26.1129
15504 26.114
15505 26.1146
15506 26.1153
15507 26.1161
15508 26.1173
15509 26.1185
15510 26.1197
15511 26.1212
15512 26.1229
15513 26.1247
15514 26.1269
15515 26.1293
15516 26.1318
15517 26.1337
15518 26.1352
15519 26.1361
15520 26.137
15521 26.1382
15522 26.1399
15523 26.142
15524 26.1442
15525 26.1464
15526 26.1484
15527 26.1506
15528 26.1527
15529 26.1549
15530 26.1569
15531 26.1586
15532 26.1602
15533 26.1618
15534 26.1638
15535 26.1656
15536 26.1673
15537 26.1688
15538 26.1704
15539 26.1724
15540 26.1746
15541 26.177
15542 26.1795
15543 26.1815
15544 26.1834
15545 26.1851
15546 26.1863
15547 26.1874
15548 26.1884
15549 26.1886
15550 26.1887
15551 26.1888
15552 26.1894
15553 26.1906
15554 26.1924
15555 26.1946
15556 26.1969
15557 26.1991
15558 26.2012
15559 26.2025
15560 26.2031
15561 26.2029
15562 26.2022
15563 26.2017
15564 26.2013
15565 26.2017
15566 26.2024
15567 26.2037
15568 26.2054
15569 26.2074
15570 26.2094
15571 26.2111
15572 26.2126
15573 26.2134
15574 26.2139
15575 26.2141
15576 26.2143
15577 26.215
15578 26.2163
15579 26.2179
15580 26.2195
15581 26.2208
15582 26.222
15583 26.2234
15584 26.2244
15585 26.2254
15586 26.2262
15587 26.227
15588 26.2276
15589 26.2281
15590 26.2283
15591 26.2287
15592 26.2291
15593 26.2297
15594 26.2308
15595 26.232
15596 26.2334
15597 26.2345
15598 26.2357
15599 26.2367
15600 26.2375
15601 26.2378
15602 26.238
15603 26.2385
15604 26.2392
15605 26.2403
15606 26.2416
15607 26.2432
15608 26.245
15609 26.247
15610 26.249
15611 26.2509
15612 26.2522
15613 26.2532
15614 26.2543
15615 26.2554
15616 26.2564
15617 26.2575
15618 26.2594
15619 26.2618
15620 26.2647
15621 26.2678
15622 26.2708
15623 26.2736
15624 26.2757
15625 26.2774
15626 26.279
15627 26.281
15628 26.2835
15629 26.2862
15630 26.289
15631 26.2922
15632 26.2955
15633 26.2988
15634 26.3022
15635 26.3053
15636 26.3082
15637 26.3107
15638 26.3133
15639 26.316
15640 26.3187
15641 26.3215
15642 26.3246
15643 26.3277
15644 26.331
15645 26.3344
15646 26.3381
15647 26.3411
15648 26.3439
15649 26.3459
15650 26.3471
15651 26.3477
15652 26.3483
15653 26.3485
15654 26.3486
15655 26.3489
15656 26.3499
15657 26.3516
15658 26.354
15659 26.3565
15660 26.3587
15661 26.3607
15662 26.3621
15663 26.3629
15664 26.3632
15665 26.363
15666 26.3625
15667 26.3619
15668 26.3619
15669 26.3624
15670 26.3627
15671 26.3629
15672 26.3628
15673 26.3626
15674 26.3622
15675 26.3617
15676 26.3611
15677 26.3609
15678 26.3609
15679 26.3608
15680 26.3611
15681 26.3614
15682 26.3621
15683 26.3628
15684 26.3633
15685 26.3636
15686 26.3636
15687 26.3638
15688 26.3641
15689 26.3646
15690 26.3655
15691 26.3664
15692 26.3673
15693 26.3679
15694 26.3686
15695 26.3691
15696 26.3696
15697 26.3701
15698 26.371
15699 26.3721
15700 26.3734
15701 26.3747
15702 26.3759
15703 26.3767
15704 26.3768
15705 26.3768
15706 26.3773
15707 26.3785
15708 26.3799
15709 26.3814
15710 26.3827
15711 26.3842
15712 26.3858
15713 26.3871
15714 26.388
15715 26.3886
15716 26.3893
15717 26.3903
15718 26.3918
15719 26.3934
15720 26.3949
15721 26.3964
15722 26.3976
15723 26.399
15724 26.4004
15725 26.4016
15726 26.4021
15727 26.4026
15728 26.4028
15729 26.4034
15730 26.4043
15731 26.4052
15732 26.4069
15733 26.409
15734 26.4108
15735 26.4124
15736 26.4141
15737 26.416
15738 26.4177
15739 26.4194
15740 26.4208
15741 26.4223
15742 26.4237
15743 26.4249
15744 26.4261
15745 26.4273
15746 26.4288
15747 26.4308
15748 26.4331
15749 26.4355
15750 26.4382
15751 26.4409
15752 26.4433
15753 26.4454
15754 26.4471
15755 26.4483
15756 26.4494
15757 26.4504
15758 26.4514
15759 26.4524
15760 26.4534
15761 26.4547
15762 26.4561
15763 26.4576
15764 26.4591
15765 26.4607
15766 26.4617
15767 26.4624
15768 26.4627
15769 26.4628
15770 26.4629
15771 26.4631
15772 26.4638
15773 26.4647
15774 26.4659
15775 26.4671
15776 26.4685
15777 26.47
15778 26.4714
15779 26.4728
15780 26.4739
15781 26.4748
15782 26.4757
15783 26.4766
15784 26.4774
15785 26.478
15786 26.4787
15787 26.4797
15788 26.4809
15789 26.4825
15790 26.4841
15791 26.4857
15792 26.4873
15793 26.4889
15794 26.4906
15795 26.4919
15796 26.4928
15797 26.4934
15798 26.4938
15799 26.4943
15800 26.4949
15801 26.4959
15802 26.4968
15803 26.4979
15804 26.4992
15805 26.5
15806 26.5005
15807 26.5007
15808 26.5009
15809 26.5015
15810 26.5024
15811 26.5036
15812 26.5048
15813 26.5062
15814 26.5077
15815 26.5092
15816 26.5108
15817 26.5118
15818 26.5126
15819 26.5133
15820 26.5138
15821 26.5144
15822 26.5155
15823 26.5172
15824 26.5189
15825 26.5207
15826 26.5227
15827 26.5242
15828 26.5253
15829 26.5263
15830 26.5272
15831 26.5279
15832 26.5289
15833 26.5298
15834 26.5304
15835 26.5311
15836 26.5324
15837 26.5343
15838 26.5364
15839 26.5387
15840 26.5409
15841 26.5428
15842 26.5442
15843 26.5449
15844 26.5453
15845 26.5453
15846 26.5446
15847 26.544
15848 26.5437
15849 26.5437
15850 26.5445
15851 26.5461
15852 26.5486
15853 26.5516
15854 26.5544
15855 26.5563
15856 26.5572
15857 26.5573
15858 26.5569
15859 26.5562
15860 26.5551
15861 26.5541
15862 26.5533
15863 26.5531
15864 26.5536
15865 26.5546
15866 26.5563
15867 26.5584
15868 26.5605
15869 26.5622
15870 26.5634
15871 26.5639
15872 26.5643
15873 26.5647
15874 26.5652
15875 26.5663
15876 26.568
15877 26.5699
15878 26.5721
15879 26.5749
15880 26.578
15881 26.5807
15882 26.5826
15883 26.584
15884 26.5853
15885 26.5869
15886 26.5888
15887 26.591
15888 26.5936
15889 26.5967
15890 26.6001
15891 26.6033
15892 26.6068
15893 26.6101
15894 26.6134
15895 26.6168
15896 26.6199
15897 26.623
15898 26.6256
15899 26.6281
15900 26.6307
15901 26.6334
15902 26.6364
15903 26.6401
15904 26.6442
15905 26.6485
15906 26.6525
15907 26.656
15908 26.6591
15909 26.6614
15910 26.6634
15911 26.6654
15912 26.6672
15913 26.669
15914 26.6707
15915 26.6725
15916 26.6747
15917 26.6769
15918 26.6791
15919 26.6812
15920 26.6827
15921 26.684
15922 26.6853
15923 26.6868
15924 26.6883
15925 26.6897
15926 26.6911
15927 26.6924
15928 26.6935
15929 26.6947
15930 26.6958
15931 26.6967
15932 26.697
15933 26.6972
15934 26.6973
15935 26.6971
15936 26.6974
15937 26.698
15938 26.6983
15939 26.6986
15940 26.6989
15941 26.6989
15942 26.6986
15943 26.6982
15944 26.6976
15945 26.6971
15946 26.6965
15947 26.6955
15948 26.6946
15949 26.6938
15950 26.6936
15951 26.694
15952 26.6947
15953 26.6958
15954 26.6969
15955 26.6983
15956 26.6996
15957 26.7008
15958 26.7021
15959 26.7033
15960 26.7045
15961 26.7056
15962 26.7064
15963 26.7076
15964 26.7091
15965 26.7106
15966 26.7124
15967 26.7149
15968 26.7174
15969 26.7198
15970 26.7218
15971 26.7233
15972 26.7245
15973 26.7256
15974 26.7263
15975 26.727
15976 26.7279
15977 26.7291
15978 26.7302
15979 26.7317
15980 26.7335
15981 26.7354
15982 26.737
15983 26.7387
15984 26.7404
15985 26.7419
15986 26.7436
15987 26.7456
15988 26.7474
15989 26.7493
15990 26.7512
15991 26.7535
15992 26.7558
15993 26.7582
15994 26.7607
15995 26.7628
15996 26.7647
15997 26.7666
15998 26.7683
15999 26.7705
16000 26.7729
16001 26.7755
16002 26.7782
16003 26.781
16004 26.7838
16005 26.7862
16006 26.7887
16007 26.7909
16008 26.7929
16009 26.7946
16010 26.796
16011 26.7973
16012 26.7988
16013 26.8008
16014 26.8031
16015 26.8056
16016 26.8077
16017 26.8102
16018 26.8127
16019 26.8155
16020 26.8182
16021 26.8205
16022 26.8227
16023 26.8248
16024 26.8266
16025 26.8279
16026 26.8291
16027 26.8307
16028 26.8327
16029 26.8352
16030 26.8376
16031 26.8398
16032 26.8422
16033 26.8445
16034 26.8466
16035 26.8483
16036 26.8496
16037 26.8508
16038 26.852
16039 26.8531
16040 26.8543
16041 26.8559
16042 26.858
16043 26.8604
16044 26.8628
16045 26.8648
16046 26.8664
16047 26.8677
16048 26.8687
16049 26.8695
16050 26.87
16051 26.8706
16052 26.8716
16053 26.8729
16054 26.8744
16055 26.8761
16056 26.8778
16057 26.8792
16058 26.8804
16059 26.8816
16060 26.8824
16061 26.8834
16062 26.8844
16063 26.8856
16064 26.8868
16065 26.8882
16066 26.8898
16067 26.8914
16068 26.893
16069 26.8944
16070 26.8957
16071 26.8973
16072 26.8992
16073 26.9014
16074 26.9038
16075 26.9064
16076 26.9093
16077 26.9124
16078 26.9156
16079 26.9188
16080 26.9219
16081 26.9251
16082 26.9282
16083 26.931
16084 26.9338
16085 26.9365
16086 26.939
16087 26.9414
16088 26.9435
16089 26.9455
16090 26.9476
16091 26.9499
16092 26.9523
16093 26.9551
16094 26.9581
16095 26.9609
16096 26.9638
16097 26.9666
16098 26.9694
16099 26.9721
16100 26.9744
16101 26.9768
16102 26.9791
16103 26.9815
16104 26.9842
16105 26.9869
16106 26.9897
16107 26.9928
16108 26.996
16109 26.9995
16110 27.0027
16111 27.006
16112 27.009
16113 27.0123
16114 27.0154
16115 27.0186
16116 27.0217
16117 27.0248
16118 27.0278
16119 27.0305
16120 27.0329
16121 27.0353
16122 27.0378
16123 27.0408
16124 27.044
16125 27.0471
16126 27.0499
16127 27.0522
16128 27.054
16129 27.0555
16130 27.0567
16131 27.0577
16132 27.0589
16133 27.06
16134 27.0618
16135 27.0638
16136 27.066
16137 27.0683
16138 27.0704
16139 27.0726
16140 27.0744
16141 27.0755
16142 27.0761
16143 27.0764
16144 27.0765
16145 27.0768
16146 27.0773
16147 27.0777
16148 27.0783
16149 27.0791
16150 27.0801
16151 27.0811
16152 27.0819
16153 27.0825
16154 27.0828
16155 27.0829
16156 27.0827
16157 27.0823
16158 27.0819
16159 27.0818
16160 27.082
16161 27.0823
16162 27.0826
16163 27.0828
16164 27.083
16165 27.0829
16166 27.0831
16167 27.0834
16168 27.0836
16169 27.0841
16170 27.0847
16171 27.0856
16172 27.0866
16173 27.0875
16174 27.0884
16175 27.0893
16176 27.09
16177 27.0908
16178 27.092
16179 27.0932
16180 27.0945
16181 27.0956
16182 27.0965
16183 27.0973
16184 27.0984
16185 27.0998
16186 27.1012
16187 27.1029
16188 27.1047
16189 27.1064
16190 27.1081
16191 27.11
16192 27.1115
16193 27.1132
16194 27.1153
16195 27.1178
16196 27.1207
16197 27.124
16198 27.1273
16199 27.1306
16200 27.1338
16201 27.1371
16202 27.1403
16203 27.1435
16204 27.1466
16205 27.1496
16206 27.1525
16207 27.1555
16208 27.1588
16209 27.1624
16210 27.1663
16211 27.1703
16212 27.1742
16213 27.1781
16214 27.1816
16215 27.185
16216 27.1887
16217 27.1927
16218 27.1968
16219 27.201
16220 27.2052
16221 27.2091
16222 27.2129
16223 27.2166
16224 27.2202
16225 27.2236
16226 27.2268
16227 27.2303
16228 27.2338
16229 27.2375
16230 27.241
16231 27.2442
16232 27.2471
16233 27.2497
16234 27.2521
16235 27.2547
16236 27.2573
16237 27.2598
16238 27.2621
16239 27.2641
16240 27.2657
16241 27.2672
16242 27.269
16243 27.2709
16244 27.2729
16245 27.2749
16246 27.2765
16247 27.2779
16248 27.2794
16249 27.2809
16250 27.2824
16251 27.2839
16252 27.2856
16253 27.2874
16254 27.2892
16255 27.291
16256 27.2929
16257 27.2946
16258 27.2959
16259 27.2969
16260 27.2977
16261 27.2986
16262 27.2993
16263 27.3001
16264 27.3011
16265 27.3023
16266 27.3033
16267 27.3045
16268 27.3056
16269 27.3067
16270 27.3079
16271 27.3093
16272 27.311
16273 27.3128
16274 27.3147
16275 27.3166
16276 27.3184
16277 27.3202
16278 27.3222
16279 27.3244
16280 27.3268
16281 27.3292
16282 27.3317
16283 27.3345
16284 27.3374
16285 27.3402
16286 27.3428
16287 27.3454
16288 27.3482
16289 27.3512
16290 27.3543
16291 27.357
16292 27.3596
16293 27.3621
16294 27.3643
16295 27.3665
16296 27.3684
16297 27.3699
16298 27.3715
16299 27.3734
16300 27.3751
16301 27.3764
16302 27.378
16303 27.3797
16304 27.3819
16305 27.384
16306 27.3863
16307 27.3886
16308 27.3906
16309 27.3925
16310 27.3938
16311 27.3948
16312 27.3959
16313 27.3969
16314 27.398
16315 27.3995
16316 27.4012
16317 27.4035
16318 27.4061
16319 27.4084
16320 27.4107
16321 27.413
16322 27.4148
16323 27.4162
16324 27.4171
16325 27.418
16326 27.4191
16327 27.4204
16328 27.4222
16329 27.4248
16330 27.4281
16331 27.4318
16332 27.4355
16333 27.4391
16334 27.4422
16335 27.4451
16336 27.4478
16337 27.4503
16338 27.4529
16339 27.4558
16340 27.4589
16341 27.4621
16342 27.4656
16343 27.4694
16344 27.473
16345 27.4766
16346 27.4805
16347 27.4848
16348 27.4892
16349 27.4932
16350 27.497
16351 27.5003
16352 27.5034
16353 27.5064
16354 27.5089
16355 27.5108
16356 27.5128
16357 27.5155
16358 27.5183
16359 27.5212
16360 27.524
16361 27.5265
16362 27.5292
16363 27.5316
16364 27.5337
16365 27.5359
16366 27.538
16367 27.5399
16368 27.5424
16369 27.5448
16370 27.5474
16371 27.5503
16372 27.5531
16373 27.5558
16374 27.5581
16375 27.5607
16376 27.5628
16377 27.5644
16378 27.5659
16379 27.567
16380 27.5689
16381 27.5716
16382 27.5744
16383 27.5772
16384 27.5801
16385 27.583
16386 27.5855
16387 27.588
16388 27.5905
16389 27.5925
16390 27.594
16391 27.5954
16392 27.597
16393 27.599
16394 27.601
16395 27.6027
16396 27.6045
16397 27.6066
16398 27.6089
16399 27.611
16400 27.6122
16401 27.613
16402 27.6138
16403 27.6144
16404 27.6149
16405 27.6154
16406 27.6159
16407 27.6165
16408 27.6175
16409 27.6183
16410 27.6192
16411 27.6199
16412 27.6204
16413 27.6205
16414 27.6203
16415 27.6201
16416 27.6199
16417 27.62
16418 27.6202
16419 27.6206
16420 27.6211
16421 27.6217
16422 27.6225
16423 27.623
16424 27.6232
16425 27.623
16426 27.6227
16427 27.6224
16428 27.6226
16429 27.6233
16430 27.6244
16431 27.6252
16432 27.6255
16433 27.6254
16434 27.6256
16435 27.6259
16436 27.626
16437 27.6263
16438 27.6265
16439 27.6268
16440 27.6268
16441 27.6272
16442 27.6278
16443 27.6289
16444 27.6302
16445 27.6313
16446 27.6322
16447 27.6334
16448 27.6346
16449 27.6358
16450 27.6369
16451 27.6381
16452 27.6396
16453 27.6411
16454 27.6428
16455 27.6449
16456 27.647
16457 27.6492
16458 27.6512
16459 27.6532
16460 27.6552
16461 27.6572
16462 27.6591
16463 27.661
16464 27.6627
16465 27.6643
16466 27.6659
16467 27.6677
16468 27.6697
16469 27.672
16470 27.6744
16471 27.6773
16472 27.6805
16473 27.6838
16474 27.6867
16475 27.6889
16476 27.6907
16477 27.6921
16478 27.6937
16479 27.6956
16480 27.6975
16481 27.6998
16482 27.7019
16483 27.7044
16484 27.7068
16485 27.7091
16486 27.7112
16487 27.713
16488 27.7148
16489 27.7162
16490 27.7172
16491 27.718
16492 27.7191
16493 27.7206
16494 27.7226
16495 27.7248
16496 27.727
16497 27.7289
16498 27.7308
16499 27.7321
16500 27.7332
16501 27.7341
16502 27.7351
16503 27.7359
16504 27.7364
16505 27.7372
16506 27.7384
16507 27.74
16508 27.7417
16509 27.7436
16510 27.745
16511 27.7459
16512 27.7463
16513 27.7472
16514 27.7487
16515 27.7506
16516 27.7527
16517 27.7551
16518 27.7575
16519 27.7598
16520 27.762
16521 27.7638
16522 27.7653
16523 27.7667
16524 27.7683
16525 27.7701
16526 27.7723
16527 27.7749
16528 27.7773
16529 27.7796
16530 27.7817
16531 27.7832
16532 27.7844
16533 27.7852
16534 27.7862
16535 27.7874
16536 27.7892
16537 27.7914
16538 27.7939
16539 27.7962
16540 27.7979
16541 27.799
16542 27.7999
16543 27.8007
16544 27.8018
16545 27.8036
16546 27.806
16547 27.8086
16548 27.8108
16549 27.8127
16550 27.8141
16551 27.8154
16552 27.8163
16553 27.8171
16554 27.8182
16555 27.8197
16556 27.8215
16557 27.8231
16558 27.8246
16559 27.8262
16560 27.8278
16561 27.829
16562 27.8303
16563 27.831
16564 27.8319
16565 27.8329
16566 27.8341
16567 27.8347
16568 27.8353
16569 27.8359
16570 27.8364
16571 27.8371
16572 27.8379
16573 27.8388
16574 27.8397
16575 27.8408
16576 27.8423
16577 27.8437
16578 27.8453
16579 27.8468
16580 27.848
16581 27.8486
16582 27.849
16583 27.8496
16584 27.8507
16585 27.8522
16586 27.8541
16587 27.856
16588 27.8574
16589 27.8589
16590 27.8607
16591 27.8624
16592 27.8641
16593 27.8655
16594 27.8669
16595 27.8683
16596 27.8697
16597 27.8714
16598 27.8731
16599 27.8749
16600 27.8765
16601 27.8784
16602 27.8806
16603 27.8828
16604 27.8848
16605 27.8867
16606 27.8884
16607 27.8902
16608 27.8918
16609 27.8936
16610 27.8957
16611 27.8975
16612 27.8996
16613 27.902
16614 27.9045
16615 27.9073
16616 27.9097
16617 27.912
16618 27.9139
16619 27.9159
16620 27.9183
16621 27.9207
16622 27.9229
16623 27.9251
16624 27.9271
16625 27.9289
16626 27.9305
16627 27.9319
16628 27.9334
16629 27.9349
16630 27.9363
16631 27.9376
16632 27.9393
16633 27.9409
16634 27.9426
16635 27.9445
16636 27.9467
16637 27.9492
16638 27.9519
16639 27.9547
16640 27.9567
16641 27.9582
16642 27.9593
16643 27.9604
16644 27.9614
16645 27.9624
16646 27.9636
16647 27.9653
16648 27.9678
16649 27.9704
16650 27.9733
16651 27.9758
16652 27.9781
16653 27.9803
16654 27.9821
16655 27.983
16656 27.9836
16657 27.9841
16658 27.985
16659 27.9861
16660 27.9876
16661 27.9893
16662 27.9917
16663 27.9943
16664 27.9971
16665 27.9995
16666 28.0013
16667 28.0023
16668 28.003
16669 28.0032
16670 28.003
16671 28.0026
16672 28.0022
16673 28.0021
16674 28.0028
16675 28.0038
16676 28.005
16677 28.006
16678 28.0071
16679 28.0081
16680 28.009
16681 28.0097
16682 28.0102
16683 28.0103
16684 28.0105
16685 28.0108
16686 28.0117
16687 28.0129
16688 28.0142
16689 28.0157
16690 28.0172
16691 28.0187
16692 28.02
16693 28.0214
16694 28.0225
16695 28.0233
16696 28.0245
16697 28.0258
16698 28.027
16699 28.0284
16700 28.0302
16701 28.0324
16702 28.0348
16703 28.0371
16704 28.0391
16705 28.0411
16706 28.0428
16707 28.0446
16708 28.0462
16709 28.0473
16710 28.0488
16711 28.0506
16712 28.0529
16713 28.0553
16714 28.0583
16715 28.0617
16716 28.0647
16717 28.0679
16718 28.071
16719 28.0738
16720 28.0765
16721 28.079
16722 28.0817
16723 28.0844
16724 28.0875
16725 28.0911
16726 28.0949
16727 28.0988
16728 28.1022
16729 28.1057
16730 28.109
16731 28.1124
16732 28.116
16733 28.1192
16734 28.1219
16735 28.1243
16736 28.1261
16737 28.1277
16738 28.1294
16739 28.1312
16740 28.1334
16741 28.1358
16742 28.1383
16743 28.1408
16744 28.1432
16745 28.1451
16746 28.1469
16747 28.1484
16748 28.1496
16749 28.1507
16750 28.1515
16751 28.1522
16752 28.1528
16753 28.1537
16754 28.1551
16755 28.1564
16756 28.1577
16757 28.1591
16758 28.1602
16759 28.1608
16760 28.1608
16761 28.1606
16762 28.1603
16763 28.16
16764 28.1599
16765 28.16
16766 28.1605
16767 28.1613
16768 28.1621
16769 28.163
16770 28.1639
16771 28.1644
16772 28.1645
16773 28.1644
16774 28.1641
16775 28.1637
16776 28.1636
16777 28.1638
16778 28.1645
16779 28.1658
16780 28.1675
16781 28.1692
16782 28.1705
16783 28.1714
16784 28.1719
16785 28.1723
16786 28.1728
16787 28.1737
16788 28.1751
16789 28.1769
16790 28.1789
16791 28.1812
16792 28.1831
16793 28.185
16794 28.1873
16795 28.1899
16796 28.1924
16797 28.1948
16798 28.1971
16799 28.1992
16800 28.2014
16801 28.2038
16802 28.2067
16803 28.2099
16804 28.2133
16805 28.2166
16806 28.2202
16807 28.2236
16808 28.2268
16809 28.2297
16810 28.2327
16811 28.2358
16812 28.2392
16813 28.2428
16814 28.2463
16815 28.2492
16816 28.2514
16817 28.2535
16818 28.2559
16819 28.2585
16820 28.2615
16821 28.2646
16822 28.2676
16823 28.2704
16824 28.2729
16825 28.275
16826 28.2766
16827 28.2774
16828 28.2781
16829 28.2786
16830 28.2795
16831 28.2808
16832 28.2822
16833 28.2838
16834 28.2853
16835 28.2866
16836 28.2878
16837 28.2889
16838 28.2895
16839 28.2897
16840 28.2899
16841 28.2899
16842 28.2896
16843 28.2894
16844 28.2895
16845 28.2901
16846 28.2908
16847 28.2911
16848 28.2909
16849 28.2906
16850 28.2904
16851 28.2905
16852 28.2904
16853 28.2905
16854 28.2906
16855 28.2904
16856 28.2899
16857 28.2894
16858 28.2887
16859 28.2879
16860 28.2871
16861 28.2865
16862 28.2865
16863 28.2868
16864 28.2868
16865 28.2868
16866 28.2868
16867 28.2867
16868 28.2863
16869 28.2856
16870 28.2846
16871 28.2831
16872 28.2816
16873 28.2804
16874 28.2799
16875 28.2796
16876 28.2797
16877 28.2799
16878 28.2802
16879 28.2804
16880 28.2802
16881 28.2801
16882 28.2801
16883 28.28
16884 28.2798
16885 28.2796
16886 28.2791
16887 28.2788
16888 28.2794
16889 28.2803
16890 28.2817
16891 28.2832
16892 28.2848
16893 28.2866
16894 28.2882
16895 28.2901
16896 28.2919
16897 28.2938
16898 28.2959
16899 28.2977
16900 28.2993
16901 28.3014
16902 28.304
16903 28.3073
16904 28.3109
16905 28.3145
16906 28.318
16907 28.3213
16908 28.324
16909 28.3268
16910 28.3301
16911 28.3333
16912 28.3369
16913 28.3402
16914 28.3431
16915 28.3455
16916 28.3477
16917 28.3496
16918 28.3513
16919 28.3527
16920 28.3539
16921 28.3549
16922 28.3555
16923 28.3558
16924 28.356
16925 28.3564
16926 28.3566
16927 28.3573
16928 28.3583
16929 28.3591
16930 28.3601
16931 28.361
16932 28.3611
16933 28.3607
16934 28.3599
16935 28.359
16936 28.3582
16937 28.3572
16938 28.3561
16939 28.3558
16940 28.3562
16941 28.3571
16942 28.3578
16943 28.3586
16944 28.3594
16945 28.3601
16946 28.3606
16947 28.3606
16948 28.3602
16949 28.36
16950 28.3593
16951 28.3591
16952 28.3595
16953 28.3605
16954 28.3621
16955 28.3644
16956 28.3667
16957 28.3692
16958 28.3715
16959 28.3735
16960 28.3753
16961 28.3769
16962 28.3785
16963 28.3803
16964 28.3824
16965 28.3846
16966 28.3872
16967 28.39
16968 28.3931
16969 28.3964
16970 28.4003
16971 28.4043
16972 28.4078
16973 28.4105
16974 28.4128
16975 28.4152
16976 28.4181
16977 28.4212
16978 28.4245
16979 28.4281
16980 28.4321
16981 28.4364
16982 28.4404
16983 28.444
16984 28.4468
16985 28.4492
16986 28.4513
16987 28.4531
16988 28.4549
16989 28.4566
16990 28.4587
16991 28.4611
16992 28.4641
16993 28.4671
16994 28.4697
16995 28.4719
16996 28.4736
16997 28.4745
16998 28.4752
16999 28.4761
17000 28.4772
17001 28.4787
17002 28.48
17003 28.4813
17004 28.4826
17005 28.4843
17006 28.4863
17007 28.488
17008 28.4892
17009 28.4903
17010 28.4912
17011 28.4919
17012 28.4925
17013 28.4927
17014 28.493
17015 28.4935
17016 28.4943
17017 28.4954
17018 28.497
17019 28.4984
17020 28.4998
17021 28.5011
17022 28.5023
17023 28.5036
17024 28.5045
17025 28.5052
17026 28.5057
17027 28.5064
17028 28.5074
17029 28.5085
17030 28.5099
17031 28.5117
17032 28.5133
17033 28.515
17034 28.5168
17035 28.5184
17036 28.5197
17037 28.5207
17038 28.5216
17039 28.5224
17040 28.523
17041 28.5239
17042 28.5252
17043 28.5269
17044 28.5292
17045 28.5319
17046 28.5345
17047 28.5368
17048 28.5385
17049 28.5401
17050 28.541
17051 28.542
17052 28.5429
17053 28.5439
17054 28.5453
17055 28.5475
17056 28.5506
17057 28.554
17058 28.5577
17059 28.561
17060 28.5633
17061 28.5645
17062 28.5653
17063 28.5663
17064 28.5675
17065 28.569
17066 28.5709
17067 28.5733
17068 28.5762
17069 28.5795
17070 28.583
17071 28.5867
17072 28.59
17073 28.5929
17074 28.5953
17075 28.5971
17076 28.5984
17077 28.5996
17078 28.6011
17079 28.6026
17080 28.6044
17081 28.606
17082 28.6077
17083 28.6094
17084 28.6112
17085 28.613
17086 28.6149
17087 28.6169
17088 28.6188
17089 28.6205
17090 28.6221
17091 28.6235
17092 28.6251
17093 28.6267
17094 28.6278
17095 28.6287
17096 28.6298
17097 28.631
17098 28.6321
17099 28.6337
17100 28.6351
17101 28.6367
17102 28.6383
17103 28.6396
17104 28.6404
17105 28.6411
17106 28.6418
17107 28.6427
17108 28.644
17109 28.6458
17110 28.6477
17111 28.6499
17112 28.6524
17113 28.655
17114 28.6577
17115 28.6602
17116 28.6622
17117 28.6641
17118 28.6651
17119 28.6661
17120 28.6671
17121 28.6683
17122 28.6695
17123 28.6709
17124 28.6723
17125 28.6741
17126 28.6759
17127 28.6779
17128 28.6797
17129 28.6811
17130 28.6827
17131 28.6843
17132 28.6857
17133 28.6869
17134 28.6884
17135 28.6899
17136 28.6916
17137 28.6933
17138 28.695
17139 28.6972
17140 28.6996
17141 28.7022
17142 28.7046
17143 28.7068
17144 28.7087
17145 28.7105
17146 28.7121
17147 28.7137
17148 28.7155
17149 28.7174
17150 28.719
17151 28.7206
17152 28.7227
17153 28.7249
17154 28.727
17155 28.7288
17156 28.7307
17157 28.7325
17158 28.7337
17159 28.7342
17160 28.7348
17161 28.7358
17162 28.7369
17163 28.7385
17164 28.7403
17165 28.742
17166 28.7441
17167 28.7463
17168 28.7486
17169 28.7513
17170 28.7535
17171 28.7554
17172 28.7572
17173 28.7586
17174 28.7597
17175 28.7608
17176 28.7615
17177 28.7625
17178 28.7636
17179 28.7654
17180 28.7677
17181 28.7699
17182 28.7717
17183 28.7733
17184 28.7743
17185 28.7746
17186 28.7746
17187 28.7751
17188 28.7761
17189 28.7778
17190 28.7797
17191 28.7817
17192 28.7837
17193 28.7854
17194 28.7869
17195 28.788
17196 28.7884
17197 28.7886
17198 28.7893
17199 28.7907
17200 28.7928
17201 28.7949
17202 28.7972
17203 28.7996
17204 28.802
17205 28.804
17206 28.8057
17207 28.807
17208 28.808
17209 28.8084
17210 28.8087
17211 28.809
17212 28.8097
17213 28.811
17214 28.813
17215 28.8157
17216 28.8186
17217 28.8215
17218 28.8241
17219 28.8263
17220 28.8279
17221 28.8293
17222 28.8304
17223 28.8317
17224 28.8335
17225 28.836
17226 28.8389
17227 28.8417
17228 28.8442
17229 28.847
17230 28.8501
17231 28.8531
17232 28.8556
17233 28.8579
17234 28.8601
17235 28.8615
17236 28.863
17237 28.8648
17238 28.8672
17239 28.8707
17240 28.8745
17241 28.8783
17242 28.8817
17243 28.8849
17244 28.8876
17245 28.8899
17246 28.8915
17247 28.8929
17248 28.8941
17249 28.8955
17250 28.8972
17251 28.8998
17252 28.903
17253 28.9065
17254 28.91
17255 28.9129
17256 28.9159
17257 28.9187
17258 28.921
17259 28.923
17260 28.9248
17261 28.9265
17262 28.9284
17263 28.9304
17264 28.9327
17265 28.9353
17266 28.938
17267 28.9413
17268 28.9446
17269 28.9477
17270 28.9504
17271 28.9529
17272 28.9549
17273 28.9569
17274 28.9584
17275 28.9592
17276 28.9601
17277 28.9613
17278 28.9629
17279 28.9649
17280 28.9668
17281 28.9686
17282 28.9706
17283 28.9724
17284 28.9741
17285 28.9758
17286 28.977
17287 28.9775
17288 28.9778
17289 28.9786
17290 28.9792
17291 28.9796
17292 28.9807
17293 28.982
17294 28.983
17295 28.9841
17296 28.9852
17297 28.9863
17298 28.988
17299 28.9896
17300 28.9911
17301 28.9925
17302 28.9938
17303 28.9948
17304 28.9947
17305 28.9943
17306 28.994
17307 28.9942
17308 28.995
17309 28.9963
17310 28.9983
17311 29.0008
17312 29.0034
17313 29.0058
17314 29.0079
17315 29.0098
17316 29.0109
17317 29.0114
17318 29.0112
17319 29.011
17320 29.0115
17321 29.0124
17322 29.0136
17323 29.0151
17324 29.0164
17325 29.0179
17326 29.0194
17327 29.0205
17328 29.0214
17329 29.0224
17330 29.0238
17331 29.0254
17332 29.0271
17333 29.0286
17334 29.0304
17335 29.0323
17336 29.0338
17337 29.0351
17338 29.0365
17339 29.0376
17340 29.0388
17341 29.04
17342 29.0416
17343 29.0432
17344 29.0449
17345 29.0467
17346 29.0486
17347 29.0508
17348 29.0528
17349 29.0544
17350 29.0559
17351 29.0571
17352 29.0586
17353 29.0604
17354 29.0628
17355 29.0654
17356 29.0685
17357 29.0717
17358 29.0743
17359 29.0764
17360 29.0781
17361 29.0797
17362 29.0817
17363 29.0832
17364 29.0848
17365 29.0863
17366 29.0882
17367 29.0906
17368 29.0932
17369 29.0956
17370 29.098
17371 29.1003
17372 29.1028
17373 29.1048
17374 29.1061
17375 29.1069
17376 29.1079
17377 29.1093
17378 29.1112
17379 29.1135
17380 29.1158
17381 29.1185
17382 29.121
17383 29.1232
17384 29.1252
17385 29.1264
17386 29.1272
17387 29.1276
17388 29.1282
17389 29.1294
17390 29.1308
17391 29.1328
17392 29.135
17393 29.1372
17394 29.1395
17395 29.1412
17396 29.1425
17397 29.144
17398 29.145
17399 29.1459
17400 29.1465
17401 29.1476
17402 29.1491
17403 29.1506
17404 29.1521
17405 29.1536
17406 29.1548
17407 29.1561
17408 29.1567
17409 29.1566
17410 29.1565
17411 29.1569
17412 29.1576
17413 29.1587
17414 29.1601
17415 29.1617
17416 29.1634
17417 29.1655
17418 29.1679
17419 29.1695
17420 29.1704
17421 29.1709
17422 29.1708
17423 29.1701
17424 29.1693
17425 29.169
17426 29.169
17427 29.1699
17428 29.1713
17429 29.1733
17430 29.1754
17431 29.1772
17432 29.1784
17433 29.1795
17434 29.1805
17435 29.1812
17436 29.1818
17437 29.1823
17438 29.1832
17439 29.1847
17440 29.1867
17441 29.1891
17442 29.1916
17443 29.1938
17444 29.1957
17445 29.197
17446 29.1981
17447 29.1995
17448 29.2007
17449 29.202
17450 29.2033
17451 29.2046
17452 29.2059
17453 29.2077
17454 29.2101
17455 29.2132
17456 29.2166
17457 29.2199
17458 29.2227
17459 29.2249
17460 29.2264
17461 29.2275
17462 29.2286
17463 29.2299
17464 29.2316
17465 29.2339
17466 29.2367
17467 29.2399
17468 29.243
17469 29.2462
17470 29.2492
17471 29.252
17472 29.254
17473 29.256
17474 29.2584
17475 29.2612
17476 29.264
17477 29.2666
17478 29.2687
17479 29.2702
17480 29.2713
17481 29.2718
17482 29.2722
17483 29.2727
17484 29.2733
17485 29.2739
17486 29.2745
17487 29.2752
17488 29.2758
17489 29.2761
17490 29.2759
17491 29.2754
17492 29.2746
17493 29.274
17494 29.2734
17495 29.2726
17496 29.2715
17497 29.2706
17498 29.2694
17499 29.2681
17500 29.267
17501 29.2662
17502 29.2652
17503 29.2644
17504 29.2639
17505 29.2634
17506 29.2628
17507 29.2623
17508 29.2619
17509 29.2614
17510 29.261
17511 29.2606
17512 29.2602
17513 29.2601
17514 29.26
17515 29.26
17516 29.2604
17517 29.2612
17518 29.2623
17519 29.2636
17520 29.2648
17521 29.2665
17522 29.2684
17523 29.2703
17524 29.2719
17525 29.273
17526 29.2734
17527 29.2741
17528 29.2749
17529 29.2758
17530 29.2768
17531 29.2778
17532 29.2795
17533 29.2817
17534 29.2842
17535 29.2871
17536 29.2898
17537 29.2921
17538 29.2946
17539 29.297
17540 29.299
17541 29.3011
17542 29.3033
17543 29.3058
17544 29.3081
17545 29.3103
17546 29.3125
17547 29.3144
17548 29.3158
17549 29.3177
17550 29.3197
17551 29.3215
17552 29.3231
17553 29.3244
17554 29.3251
17555 29.3257
17556 29.3264
17557 29.3271
17558 29.3279
17559 29.3291
17560 29.3309
17561 29.3331
17562 29.3355
17563 29.3378
17564 29.3394
17565 29.3404
17566 29.341
17567 29.3414
17568 29.3419
17569 29.3421
17570 29.3421
17571 29.3426
17572 29.3439
17573 29.3457
17574 29.3483
17575 29.3513
17576 29.3544
17577 29.3575
17578 29.3603
17579 29.3629
17580 29.365
17581 29.3655
17582 29.3656
17583 29.3659
17584 29.3668
17585 29.3678
17586 29.3694
17587 29.3714
17588 29.3738
17589 29.376
17590 29.3777
17591 29.379
17592 29.3799
17593 29.3802
17594 29.3804
17595 29.3808
17596 29.3816
17597 29.3828
17598 29.3839
17599 29.3855
17600 29.3878
17601 29.3903
17602 29.392
17603 29.3933
17604 29.3941
17605 29.394
17606 29.3932
17607 29.3926
17608 29.392
17609 29.392
17610 29.3932
17611 29.3952
17612 29.3981
17613 29.401
17614 29.4038
17615 29.4062
17616 29.4078
17617 29.4089
17618 29.41
17619 29.4109
17620 29.4124
17621 29.4144
17622 29.4169
17623 29.4198
17624 29.4228
17625 29.4256
17626 29.4277
17627 29.4289
17628 29.4298
17629 29.4313
17630 29.4333
17631 29.4349
17632 29.4368
17633 29.4389
17634 29.4413
17635 29.4437
17636 29.4464
17637 29.4496
17638 29.4527
17639 29.4553
17640 29.4571
17641 29.4578
17642 29.4576
17643 29.4572
17644 29.4574
17645 29.4584
17646 29.4598
17647 29.4614
17648 29.4633
17649 29.4648
17650 29.4661
17651 29.4668
17652 29.4668
17653 29.4663
17654 29.4657
17655 29.4655
17656 29.4655
17657 29.4659
17658 29.4661
17659 29.4666
17660 29.4669
17661 29.4675
17662 29.468
17663 29.4678
17664 29.467
17665 29.4655
17666 29.4642
17667 29.4629
17668 29.4617
17669 29.4604
17670 29.4589
17671 29.4577
17672 29.4575
17673 29.4581
17674 29.4588
17675 29.4596
17676 29.4602
17677 29.4602
17678 29.4599
17679 29.4592
17680 29.4586
17681 29.4582
17682 29.4577
17683 29.4576
17684 29.4583
17685 29.4592
17686 29.4605
17687 29.4621
17688 29.4637
17689 29.4646
17690 29.4645
17691 29.4647
17692 29.4649
17693 29.4649
17694 29.4653
17695 29.466
17696 29.467
17697 29.4679
17698 29.4691
17699 29.4708
17700 29.4724
17701 29.4734
17702 29.4739
17703 29.4744
17704 29.475
17705 29.476
17706 29.4775
17707 29.4786
17708 29.4793
17709 29.4797
17710 29.4804
17711 29.4809
17712 29.4809
17713 29.481
17714 29.4812
17715 29.4817
17716 29.4825
17717 29.484
17718 29.4861
17719 29.4882
17720 29.4896
17721 29.4904
17722 29.4914
17723 29.4924
17724 29.4933
17725 29.4941
17726 29.4947
17727 29.4953
17728 29.4962
17729 29.4975
17730 29.4991
17731 29.5011
17732 29.5038
17733 29.5067
17734 29.5098
17735 29.513
17736 29.516
17737 29.5182
17738 29.5202
17739 29.5218
17740 29.5227
17741 29.5234
17742 29.5247
17743 29.5264
17744 29.5284
17745 29.5309
17746 29.534
17747 29.5376
17748 29.5405
17749 29.5427
17750 29.5449
17751 29.5465
17752 29.5473
17753 29.5475
17754 29.5473
17755 29.5474
17756 29.5477
17757 29.549
17758 29.5513
17759 29.5545
17760 29.5584
17761 29.5621
17762 29.5654
17763 29.5676
17764 29.569
17765 29.5693
17766 29.569
17767 29.5684
17768 29.5682
17769 29.5681
17770 29.5685
17771 29.5692
17772 29.5706
17773 29.5723
17774 29.5741
17775 29.5759
17776 29.5775
17777 29.5779
17778 29.5777
17779 29.5773
17780 29.5765
17781 29.576
17782 29.5758
17783 29.5762
17784 29.5768
17785 29.5773
17786 29.578
17787 29.5784
17788 29.5782
17789 29.5773
17790 29.5759
17791 29.5742
17792 29.5722
17793 29.5709
17794 29.5703
17795 29.5705
17796 29.571
17797 29.5721
17798 29.5728
17799 29.5733
17800 29.5739
17801 29.5741
17802 29.5734
17803 29.572
17804 29.5702
17805 29.5681
17806 29.5661
17807 29.5645
17808 29.5639
17809 29.5646
17810 29.5664
17811 29.5691
17812 29.572
17813 29.5746
17814 29.5763
17815 29.5772
17816 29.5771
17817 29.5762
17818 29.575
17819 29.5742
17820 29.5746
17821 29.5766
17822 29.5802
17823 29.5845
17824 29.5892
17825 29.5931
17826 29.596
17827 29.5986
17828 29.6001
17829 29.6003
17830 29.6003
17831 29.6004
17832 29.6004
17833 29.6009
17834 29.602
17835 29.6041
17836 29.6072
17837 29.6105
17838 29.614
17839 29.6174
17840 29.6212
17841 29.6244
17842 29.627
17843 29.6288
17844 29.6295
17845 29.6301
17846 29.6309
17847 29.6322
17848 29.6342
17849 29.6368
17850 29.6401
17851 29.6435
17852 29.6469
17853 29.6499
17854 29.6527
17855 29.6551
17856 29.6572
17857 29.659
17858 29.6607
17859 29.6624
17860 29.6647
17861 29.667
17862 29.6687
17863 29.6706
17864 29.6725
17865 29.6745
17866 29.6764
17867 29.678
17868 29.6791
17869 29.6801
17870 29.6811
17871 29.6819
17872 29.6829
17873 29.684
17874 29.6851
17875 29.6863
17876 29.6875
17877 29.6885
17878 29.6895
17879 29.6897
17880 29.6893
17881 29.6886
17882 29.6882
17883 29.6884
17884 29.689
17885 29.6905
17886 29.6923
17887 29.6938
17888 29.6952
17889 29.6972
17890 29.6994
17891 29.7012
17892 29.7025
17893 29.7033
17894 29.7029
17895 29.7019
17896 29.7009
17897 29.7007
17898 29.7012
17899 29.7021
17900 29.7033
17901 29.7049
17902 29.7063
17903 29.7076
17904 29.7087
17905 29.7092
17906 29.7097
17907 29.7105
17908 29.7114
17909 29.7124
17910 29.7138
17911 29.715
17912 29.7161
17913 29.7171
17914 29.7178
17915 29.7188
17916 29.719
17917 29.7195
17918 29.7197
17919 29.7196
17920 29.7199
17921 29.7202
17922 29.7205
17923 29.7213
17924 29.7222
17925 29.7236
17926 29.7253
17927 29.7265
17928 29.727
17929 29.7272
17930 29.7269
17931 29.7268
17932 29.7267
17933 29.7266
17934 29.7269
17935 29.7275
17936 29.7285
17937 29.7302
17938 29.7325
17939 29.7355
17940 29.7385
17941 29.7414
17942 29.7439
17943 29.7464
17944 29.7478
17945 29.7487
17946 29.7496
17947 29.751
17948 29.753
17949 29.7553
17950 29.7585
17951 29.7625
17952 29.7666
17953 29.7708
17954 29.7752
17955 29.7791
17956 29.7829
17957 29.7863
17958 29.7895
17959 29.7924
17960 29.796
17961 29.7993
17962 29.8026
17963 29.8059
17964 29.8089
17965 29.8118
17966 29.815
17967 29.8189
17968 29.8231
17969 29.8275
17970 29.8318
17971 29.8362
17972 29.8403
17973 29.844
17974 29.8461
17975 29.8475
17976 29.8489
17977 29.8505
17978 29.8522
17979 29.8541
17980 29.8566
17981 29.8592
17982 29.8612
17983 29.8628
17984 29.8641
17985 29.865
17986 29.8655
17987 29.8657
17988 29.8655
17989 29.865
17990 29.8649
17991 29.8652
17992 29.8655
17993 29.8658
17994 29.8664
17995 29.8674
17996 29.8686
17997 29.8698
17998 29.871
17999 29.8717
18000 29.8726
18001 29.8734
18002 29.8745
18003 29.8754
18004 29.8752
18005 29.8742
18006 29.8733
18007 29.8735
18008 29.8743
18009 29.8748
18010 29.8754
18011 29.8763
18012 29.8767
18013 29.8773
18014 29.878
18015 29.8786
18016 29.8787
18017 29.8783
18018 29.8778
18019 29.877
18020 29.8766
18021 29.8765
18022 29.8768
18023 29.878
18024 29.8796
18025 29.8813
18026 29.8833
18027 29.885
18028 29.8864
18029 29.8873
18030 29.8878
18031 29.8885
18032 29.8896
18033 29.8913
18034 29.8931
18035 29.894
18036 29.8949
18037 29.8956
18038 29.897
18039 29.8981
18040 29.8995
18041 29.9006
18042 29.902
18043 29.9035
18044 29.9049
18045 29.9062
18046 29.908
18047 29.9106
18048 29.9127
18049 29.9146
18050 29.9156
18051 29.9166
18052 29.9174
18053 29.9184
18054 29.9196
18055 29.9215
18056 29.9238
18057 29.9265
18058 29.9293
18059 29.9322
18060 29.9348
18061 29.9374
18062 29.9398
18063 29.9424
18064 29.9454
18065 29.9483
18066 29.9509
18067 29.9535
18068 29.9559
18069 29.9579
18070 29.9602
18071 29.9626
18072 29.9654
18073 29.9687
18074 29.9719
18075 29.975
18076 29.9781
18077 29.9808
18078 29.9825
18079 29.9839
18080 29.9852
18081 29.9858
18082 29.9866
18083 29.9877
18084 29.989
18085 29.9902
18086 29.9915
18087 29.9931
18088 29.9944
18089 29.9953
18090 29.9961
18091 29.9967
18092 29.9967
18093 29.996
18094 29.9949
18095 29.9932
18096 29.9911
18097 29.989
18098 29.9871
18099 29.9854
18100 29.9839
18101 29.9821
18102 29.98
18103 29.9778
18104 29.9758
18105 29.9741
18106 29.9725
18107 29.9712
18108 29.9698
18109 29.9684
18110 29.9672
18111 29.9659
18112 29.9645
18113 29.9633
18114 29.9626
18115 29.9621
18116 29.9619
18117 29.961
18118 29.9602
18119 29.9593
18120 29.9582
18121 29.9573
18122 29.9561
18123 29.9551
18124 29.9545
18125 29.954
18126 29.9541
18127 29.9547
18128 29.9552
18129 29.9559
18130 29.9568
18131 29.9583
18132 29.9598
18133 29.9615
18134 29.9632
18135 29.9651
18136 29.9672
18137 29.9687
18138 29.9696
18139 29.9705
18140 29.9712
18141 29.9718
18142 29.9733
18143 29.9758
18144 29.9794
18145 29.9837
18146 29.9878
18147 29.9919
18148 29.9956
18149 29.9986
18150 30.0012
18151 30.0027
18152 30.0032
18153 30.0035
18154 30.0043
18155 30.0059
18156 30.0081
18157 30.0103
18158 30.0134
18159 30.0168
18160 30.0204
18161 30.0245
18162 30.028
18163 30.0307
18164 30.033
18165 30.0353
18166 30.0373
18167 30.0385
18168 30.0394
18169 30.0408
18170 30.0431
18171 30.046
18172 30.0488
18173 30.0517
18174 30.0541
18175 30.0556
18176 30.0562
18177 30.0563
18178 30.0562
18179 30.0558
18180 30.055
18181 30.0546
18182 30.0549
18183 30.0557
18184 30.0568
18185 30.0572
18186 30.0571
18187 30.0569
18188 30.0563
18189 30.0556
18190 30.0547
18191 30.0536
18192 30.0527
18193 30.0519
18194 30.0519
18195 30.0524
18196 30.0535
18197 30.0545
18198 30.0546
18199 30.0548
18200 30.0542
18201 30.0533
18202 30.0523
18203 30.0515
18204 30.051
18205 30.051
18206 30.0519
18207 30.0527
18208 30.0531
18209 30.0537
18210 30.0546
18211 30.0558
18212 30.0567
18213 30.0573
18214 30.0579
18215 30.0581
18216 30.0581
18217 30.0584
18218 30.0595
18219 30.0613
18220 30.0634
18221 30.066
18222 30.0687
18223 30.0714
18224 30.0737
18225 30.0752
18226 30.0762
18227 30.0766
18228 30.0765
18229 30.0765
18230 30.0768
18231 30.0778
18232 30.0794
18233 30.0814
18234 30.0833
18235 30.0846
18236 30.0859
18237 30.0863
18238 30.0862
18239 30.0856
18240 30.0846
18241 30.0829
18242 30.081
18243 30.0799
18244 30.0791
18245 30.078
18246 30.0772
18247 30.0766
18248 30.0762
18249 30.0754
18250 30.0742
18251 30.0729
18252 30.0718
18253 30.0708
18254 30.0693
18255 30.0678
18256 30.0662
18257 30.0651
18258 30.0649
18259 30.0653
18260 30.0665
18261 30.0676
18262 30.0684
18263 30.0693
18264 30.0697
18265 30.0697
18266 30.0696
18267 30.0695
18268 30.0697
18269 30.0703
18270 30.0703
18271 30.0703
18272 30.0705
18273 30.0712
18274 30.0722
18275 30.0734
18276 30.0739
18277 30.074
18278 30.0741
18279 30.0745
18280 30.0755
18281 30.0771
18282 30.0797
18283 30.0827
18284 30.0859
18285 30.0898
18286 30.0935
18287 30.0966
18288 30.1
18289 30.1033
18290 30.1063
18291 30.1084
18292 30.1099
18293 30.1116
18294 30.1132
18295 30.1153
18296 30.1178
18297 30.1206
18298 30.1238
18299 30.1274
18300 30.1312
18301 30.1343
18302 30.1369
18303 30.139
18304 30.1409
18305 30.1424
18306 30.1436
18307 30.1446
18308 30.1454
18309 30.1457
18310 30.1464
18311 30.1479
18312 30.1498
18313 30.1515
18314 30.1526
18315 30.1523
18316 30.1514
18317 30.1502
18318 30.1487
18319 30.1473
18320 30.1465
18321 30.1462
18322 30.1464
18323 30.1472
18324 30.1483
18325 30.1493
18326 30.1496
18327 30.1498
18328 30.1499
18329 30.1503
18330 30.1503
18331 30.1495
18332 30.1481
18333 30.1472
18334 30.1468
18335 30.1468
18336 30.1473
18337 30.1478
18338 30.1485
18339 30.1497
18340 30.1509
18341 30.1518
18342 30.1531
18343 30.1547
18344 30.1562
18345 30.1578
18346 30.1594
18347 30.1614
18348 30.1625
18349 30.1626
18350 30.1627
18351 30.1625
18352 30.1625
18353 30.1623
18354 30.1623
18355 30.1627
18356 30.1634
18357 30.1643
18358 30.1658
18359 30.1668
18360 30.1683
18361 30.1705
18362 30.1734
18363 30.1761
18364 30.1777
18365 30.1778
18366 30.1774
18367 30.1769
18368 30.1762
18369 30.1754
18370 30.1751
18371 30.1753
18372 30.176
18373 30.1761
18374 30.1761
18375 30.1762
18376 30.1762
18377 30.176
18378 30.1754
18379 30.1749
18380 30.1745
18381 30.1742
18382 30.174
18383 30.1738
18384 30.1735
18385 30.1731
18386 30.1729
18387 30.1726
18388 30.1726
18389 30.1733
18390 30.1747
18391 30.1768
18392 30.1793
18393 30.1817
18394 30.1831
18395 30.1839
18396 30.1843
18397 30.1839
18398 30.1833
18399 30.1827
18400 30.1824
18401 30.1824
18402 30.183
18403 30.184
18404 30.1852
18405 30.1864
18406 30.1879
18407 30.1897
18408 30.1907
18409 30.1914
18410 30.1911
18411 30.19
18412 30.1889
18413 30.1874
18414 30.1871
18415 30.1872
18416 30.1884
18417 30.1907
18418 30.1932
18419 30.196
18420 30.1985
18421 30.2001
18422 30.2012
18423 30.2018
18424 30.2017
18425 30.2014
18426 30.2014
18427 30.202
18428 30.2033
18429 30.205
18430 30.2067
18431 30.2077
18432 30.2089
18433 30.2104
18434 30.2116
18435 30.2125
18436 30.213
18437 30.213
18438 30.2133
18439 30.2134
18440 30.2134
18441 30.2137
18442 30.2146
18443 30.216
18444 30.2176
18445 30.2195
18446 30.2216
18447 30.2235
18448 30.2253
18449 30.2271
18450 30.2283
18451 30.2291
18452 30.2299
18453 30.2312
18454 30.2329
18455 30.234
18456 30.2344
18457 30.2348
18458 30.2354
18459 30.2363
18460 30.2368
18461 30.2369
18462 30.2366
18463 30.2358
18464 30.2349
18465 30.2342
18466 30.234
18467 30.2344
18468 30.2353
18469 30.2365
18470 30.2375
18471 30.2384
18472 30.2383
18473 30.2373
18474 30.2358
18475 30.2343
18476 30.2329
18477 30.2318
18478 30.2311
18479 30.2306
18480 30.2306
18481 30.2312
18482 30.2322
18483 30.2338
18484 30.2348
18485 30.2352
18486 30.2347
18487 30.2336
18488 30.232
18489 30.2302
18490 30.2288
18491 30.228
18492 30.2276
18493 30.228
18494 30.2284
18495 30.229
18496 30.2294
18497 30.2294
18498 30.2289
18499 30.2281
18500 30.2276
18501 30.2266
18502 30.2263
18503 30.2266
18504 30.2272
18505 30.2285
18506 30.2307
18507 30.2328
18508 30.2348
18509 30.237
18510 30.2392
18511 30.2419
18512 30.244
18513 30.245
18514 30.2454
18515 30.2461
18516 30.247
18517 30.2478
18518 30.2484
18519 30.2494
18520 30.2509
18521 30.2526
18522 30.2547
18523 30.2569
18524 30.2592
18525 30.2617
18526 30.2636
18527 30.2647
18528 30.265
18529 30.265
18530 30.2648
18531 30.2645
18532 30.2642
18533 30.2639
18534 30.263
18535 30.2621
18536 30.2611
18537 30.2604
18538 30.2601
18539 30.2601
18540 30.2601
18541 30.2605
18542 30.2607
18543 30.2609
18544 30.261
18545 30.2612
18546 30.2612
18547 30.2608
18548 30.2594
18549 30.2577
18550 30.2561
18551 30.2548
18552 30.2542
18553 30.2533
18554 30.2521
18555 30.2511
18556 30.2504
18557 30.2496
18558 30.249
18559 30.2477
18560 30.2465
18561 30.2458
18562 30.2454
18563 30.2448
18564 30.2439
18565 30.2425
18566 30.2407
18567 30.2393
18568 30.2378
18569 30.2366
18570 30.2361
18571 30.2358
18572 30.236
18573 30.2363
18574 30.2362
18575 30.2361
18576 30.2361
18577 30.2366
18578 30.2373
18579 30.2381
18580 30.2391
18581 30.2404
18582 30.2418
18583 30.2428
18584 30.2444
18585 30.2462
18586 30.248
18587 30.2501
18588 30.2524
18589 30.2548
18590 30.2571
18591 30.2591
18592 30.2615
18593 30.2637
18594 30.2665
18595 30.2697
18596 30.2726
18597 30.2745
18598 30.2754
18599 30.2766
18600 30.2784
18601 30.2807
18602 30.2837
18603 30.2872
18604 30.2908
18605 30.2945
18606 30.2978
18607 30.3005
18608 30.3026
18609 30.3043
18610 30.3053
18611 30.3058
18612 30.3061
18613 30.3067
18614 30.308
18615 30.3099
18616 30.3122
18617 30.3147
18618 30.3174
18619 30.3198
18620 30.3217
18621 30.3228
18622 30.3232
18623 30.3231
18624 30.3226
18625 30.3222
18626 30.3215
18627 30.321
18628 30.3215
18629 30.3222
18630 30.3234
18631 30.3244
18632 30.3246
18633 30.3239
18634 30.3231
18635 30.3225
18636 30.3215
18637 30.3199
18638 30.3181
18639 30.3163
18640 30.3146
18641 30.3133
18642 30.3128
18643 30.313
18644 30.3139
18645 30.3153
18646 30.3164
18647 30.3173
18648 30.3175
18649 30.3167
18650 30.3153
18651 30.3143
18652 30.3138
18653 30.3144
18654 30.3156
18655 30.3166
18656 30.3172
18657 30.3182
18658 30.319
18659 30.3197
18660 30.3199
18661 30.3199
18662 30.3203
18663 30.3209
18664 30.3216
18665 30.3225
18666 30.3228
18667 30.3232
18668 30.3243
18669 30.3252
18670 30.3262
18671 30.3268
18672 30.3278
18673 30.3291
18674 30.3307
18675 30.3326
18676 30.3343
18677 30.3356
18678 30.3363
18679 30.3367
18680 30.3368
18681 30.337
18682 30.3375
18683 30.3389
18684 30.3404
18685 30.3421
18686 30.3435
18687 30.3452
18688 30.3468
18689 30.3477
18690 30.3484
18691 30.3493
18692 30.3508
18693 30.3529
18694 30.3556
18695 30.3584
18696 30.3608
18697 30.3626
18698 30.3643
18699 30.3658
18700 30.3677
18701 30.3695
18702 30.3712
18703 30.3728
18704 30.3751
18705 30.3779
18706 30.381
18707 30.3837
18708 30.3859
18709 30.3881
18710 30.3897
18711 30.3909
18712 30.3922
18713 30.3929
18714 30.3933
18715 30.3935
18716 30.394
18717 30.3954
18718 30.3974
18719 30.3997
18720 30.4019
18721 30.4041
18722 30.4055
18723 30.4065
18724 30.407
18725 30.4073
18726 30.4078
18727 30.4088
18728 30.4108
18729 30.4131
18730 30.4156
18731 30.4185
18732 30.4212
18733 30.4232
18734 30.4245
18735 30.4257
18736 30.4268
18737 30.4279
18738 30.4287
18739 30.4298
18740 30.4312
18741 30.4326
18742 30.4339
18743 30.4349
18744 30.4356
18745 30.437
18746 30.4381
18747 30.4393
18748 30.4404
18749 30.4415
18750 30.4432
18751 30.4454
18752 30.4469
18753 30.4489
18754 30.4513
18755 30.4536
18756 30.455
18757 30.456
18758 30.4569
18759 30.458
18760 30.4595
18761 30.461
18762 30.4627
18763 30.4646
18764 30.4665
18765 30.468
18766 30.469
18767 30.4695
18768 30.4693
18769 30.4687
18770 30.4687
18771 30.4691
18772 30.4699
18773 30.4712
18774 30.4728
18775 30.4746
18776 30.4763
18777 30.478
18778 30.4796
18779 30.4809
18780 30.482
18781 30.4833
18782 30.4846
18783 30.486
18784 30.4876
18785 30.4895
18786 30.4913
18787 30.4928
18788 30.4936
18789 30.494
18790 30.4942
18791 30.495
18792 30.4966
18793 30.4985
18794 30.5009
18795 30.5032
18796 30.5053
18797 30.5076
18798 30.5095
18799 30.5112
18800 30.5127
18801 30.5139
18802 30.5146
18803 30.5153
18804 30.5157
18805 30.5163
18806 30.5169
18807 30.5175
18808 30.5183
18809 30.5193
18810 30.5199
18811 30.5205
18812 30.5207
18813 30.521
18814 30.5213
18815 30.5218
18816 30.5228
18817 30.5243
18818 30.5262
18819 30.528
18820 30.5295
18821 30.5304
18822 30.5308
18823 30.5306
18824 30.53
18825 30.5296
18826 30.5294
18827 30.5298
18828 30.5304
18829 30.5317
18830 30.5334
18831 30.5357
18832 30.5381
18833 30.5402
18834 30.5415
18835 30.5422
18836 30.5432
18837 30.5448
18838 30.5465
18839 30.5487
18840 30.551
18841 30.5539
18842 30.5572
18843 30.5598
18844 30.5617
18845 30.563
18846 30.5636
18847 30.5642
18848 30.5659
18849 30.5676
18850 30.5693
18851 30.5714
18852 30.5732
18853 30.5749
18854 30.5765
18855 30.5777
18856 30.5791
18857 30.5807
18858 30.5816
18859 30.5828
18860 30.584
18861 30.5854
18862 30.587
18863 30.5888
18864 30.5914
18865 30.5948
18866 30.5984
18867 30.6019
18868 30.6047
18869 30.6062
18870 30.6071
18871 30.6077
18872 30.6088
18873 30.6098
18874 30.6112
18875 30.6129
18876 30.6147
18877 30.6164
18878 30.6188
18879 30.6216
18880 30.6249
18881 30.6282
18882 30.6305
18883 30.6316
18884 30.6317
18885 30.6314
18886 30.6311
18887 30.6314
18888 30.6323
18889 30.6329
18890 30.6332
18891 30.6342
18892 30.6357
18893 30.6378
18894 30.64
18895 30.6417
18896 30.6429
18897 30.6435
18898 30.6435
18899 30.643
18900 30.6426
18901 30.642
18902 30.6415
18903 30.6416
18904 30.6419
18905 30.6427
18906 30.6439
18907 30.6454
18908 30.6472
18909 30.6486
18910 30.6496
18911 30.6505
18912 30.6508
18913 30.6516
18914 30.6529
18915 30.6542
18916 30.6555
18917 30.6565
18918 30.6576
18919 30.6587
18920 30.6596
18921 30.6597
18922 30.6591
18923 30.6589
18924 30.6591
18925 30.66
18926 30.6614
18927 30.6634
18928 30.6659
18929 30.6686
18930 30.671
18931 30.6729
18932 30.6737
18933 30.6746
18934 30.6744
18935 30.6747
18936 30.6754
18937 30.6768
18938 30.6792
18939 30.6824
18940 30.6864
18941 30.6901
18942 30.6929
18943 30.6945
18944 30.6943
18945 30.6936
18946 30.6929
18947 30.6922
18948 30.6917
18949 30.6912
18950 30.691
18951 30.6908
18952 30.6912
18953 30.6921
18954 30.6932
18955 30.6942
18956 30.6948
18957 30.6946
18958 30.6942
18959 30.6943
18960 30.695
18961 30.6957
18962 30.6962
18963 30.6965
18964 30.6971
18965 30.6982
18966 30.6995
18967 30.7016
18968 30.7035
18969 30.7056
18970 30.7085
18971 30.7114
18972 30.7145
18973 30.7179
18974 30.7218
18975 30.7263
18976 30.7306
18977 30.7339
18978 30.7367
18979 30.7389
18980 30.7408
18981 30.7428
18982 30.7446
18983 30.747
18984 30.7494
18985 30.7518
18986 30.7538
18987 30.7557
18988 30.7579
18989 30.7607
18990 30.7638
18991 30.7666
18992 30.7687
18993 30.7704
18994 30.7714
18995 30.7714
18996 30.771
18997 30.7701
18998 30.7699
18999 30.7703
19000 30.7717
19001 30.7734
19002 30.7756
19003 30.778
19004 30.7801
19005 30.7816
19006 30.7827
19007 30.7826
19008 30.7826
19009 30.7826
19010 30.7825
19011 30.7827
19012 30.7831
19013 30.7842
19014 30.7855
19015 30.7866
19016 30.7874
19017 30.788
19018 30.7886
19019 30.7891
19020 30.7899
19021 30.7901
19022 30.7896
19023 30.7892
19024 30.7895
19025 30.7901
19026 30.7903
19027 30.7905
19028 30.7898
19029 30.7891
19030 30.7889
19031 30.789
19032 30.7896
19033 30.7906
19034 30.7919
19035 30.7933
19036 30.7946
19037 30.7961
19038 30.7974
19039 30.7983
19040 30.7983
19041 30.7981
19042 30.7986
19043 30.7994
19044 30.8004
19045 30.8008
19046 30.8015
19047 30.8025
19048 30.8039
19049 30.8054
19050 30.8067
19051 30.808
19052 30.8089
19053 30.8093
19054 30.8094
19055 30.8086
19056 30.8076
19057 30.8064
19058 30.8059
19059 30.806
19060 30.8071
19061 30.8085
19062 30.8095
19063 30.8101
19064 30.8105
19065 30.811
19066 30.8119
19067 30.8131
19068 30.8145
19069 30.8156
19070 30.8166
19071 30.8174
19072 30.818
19073 30.8182
19074 30.8177
19075 30.8173
19076 30.8173
19077 30.8181
19078 30.8191
19079 30.8207
19080 30.8231
19081 30.8257
19082 30.8278
19083 30.8298
19084 30.8317
19085 30.8325
19086 30.8331
19087 30.8338
19088 30.8347
19089 30.8362
19090 30.8381
19091 30.84
19092 30.8421
19093 30.8443
19094 30.8466
19095 30.8488
19096 30.8503
19097 30.8513
19098 30.8514
19099 30.8516
19100 30.8521
19101 30.8534
19102 30.8552
19103 30.8575
19104 30.8592
19105 30.8603
19106 30.8611
19107 30.8619
19108 30.8629
19109 30.8637
19110 30.8646
19111 30.8653
19112 30.8659
19113 30.8663
19114 30.8662
19115 30.8661
19116 30.8659
19117 30.8651
19118 30.8643
19119 30.8635
19120 30.8634
19121 30.8634
19122 30.8634
19123 30.8634
19124 30.8636
19125 30.8647
19126 30.8659
19127 30.8672
19128 30.8685
19129 30.8698
19130 30.8713
19131 30.8729
19132 30.8738
19133 30.8745
19134 30.8754
19135 30.8767
19136 30.878
19137 30.8796
19138 30.8812
19139 30.8826
19140 30.8835
19141 30.8838
19142 30.8841
19143 30.885
19144 30.8861
19145 30.8875
19146 30.889
19147 30.8911
19148 30.8934
19149 30.8955
19150 30.8972
19151 30.8987
19152 30.9005
19153 30.902
19154 30.904
19155 30.9056
19156 30.9066
19157 30.9082
19158 30.9093
19159 30.91
19160 30.9111
19161 30.9129
19162 30.915
19163 30.9177
19164 30.9201
19165 30.922
19166 30.9238
19167 30.9254
19168 30.9262
19169 30.9261
19170 30.9257
19171 30.9245
19172 30.9233
19173 30.9223
19174 30.9224
19175 30.9228
19176 30.9239
19177 30.9249
19178 30.9254
19179 30.9255
19180 30.9249
19181 30.9238
19182 30.9228
19183 30.9217
19184 30.9209
19185 30.9207
19186 30.9211
19187 30.9217
19188 30.9229
19189 30.9242
19190 30.9261
19191 30.9283
19192 30.9301
19193 30.931
19194 30.9312
19195 30.9309
19196 30.9304
19197 30.9302
19198 30.9303
19199 30.9308
19200 30.9319
19201 30.9336
19202 30.9351
19203 30.9366
19204 30.9374
19205 30.9377
19206 30.9378
19207 30.9376
19208 30.937
19209 30.9369
19210 30.9371
19211 30.9379
19212 30.9394
19213 30.9417
19214 30.9448
19215 30.9484
19216 30.952
19217 30.9547
19218 30.9569
19219 30.9587
19220 30.9599
19221 30.9608
19222 30.9615
19223 30.9625
19224 30.9639
19225 30.9658
19226 30.9678
19227 30.9697
19228 30.9721
19229 30.975
19230 30.9779
19231 30.9804
19232 30.9822
19233 30.9838
19234 30.9855
19235 30.9868
19236 30.9877
19237 30.9877
19238 30.988
19239 30.9889
19240 30.99
19241 30.9909
19242 30.9918
19243 30.9927
19244 30.994
19245 30.9958
19246 30.9979
19247 31.0001
19248 31.0021
19249 31.0042
19250 31.0059
19251 31.0064
19252 31.006
19253 31.005
19254 31.0031
19255 31.0004
19256 30.9984
19257 30.9973
19258 30.9974
19259 30.9978
19260 30.9986
19261 30.9993
19262 30.9999
19263 31.0002
19264 30.9995
19265 30.9972
19266 30.9939
19267 30.9905
19268 30.9876
19269 30.9852
19270 30.9837
19271 30.9828
19272 30.9825
19273 30.9824
19274 30.9821
19275 30.9814
19276 30.9807
19277 30.9795
19278 30.9784
19279 30.9771
19280 30.9761
19281 30.9748
19282 30.9741
19283 30.9745
19284 30.9759
19285 30.9772
19286 30.978
19287 30.9788
19288 30.9791
19289 30.9786
19290 30.9776
19291 30.9774
19292 30.9777
19293 30.979
19294 30.9813
19295 30.9837
19296 30.9853
19297 30.9876
19298 30.9902
19299 30.9924
19300 30.9941
19301 30.9959
19302 30.9978
19303 31.0002
19304 31.003
19305 31.0065
19306 31.01
19307 31.0137
19308 31.0187
19309 31.0237
19310 31.0284
19311 31.0326
19312 31.0363
19313 31.0391
19314 31.041
19315 31.0427
19316 31.0446
19317 31.046
19318 31.0475
19319 31.0499
19320 31.0532
19321 31.0566
19322 31.0594
19323 31.0619
19324 31.0636
19325 31.0635
19326 31.0629
19327 31.062
19328 31.0612
19329 31.0608
19330 31.0611
19331 31.0612
19332 31.0616
19333 31.0625
19334 31.063
19335 31.0618
19336 31.0595
19337 31.0571
19338 31.0546
19339 31.0525
19340 31.0507
19341 31.0497
19342 31.0491
19343 31.0485
19344 31.048
19345 31.0471
19346 31.0459
19347 31.0444
19348 31.0428
19349 31.0409
19350 31.0386
19351 31.0364
19352 31.0344
19353 31.0327
19354 31.0305
19355 31.0279
19356 31.0257
19357 31.0243
19358 31.0232
19359 31.0221
19360 31.0209
19361 31.0195
19362 31.0185
19363 31.0174
19364 31.0169
19365 31.017
19366 31.0175
19367 31.0185
19368 31.0193
19369 31.02
19370 31.0212
19371 31.0229
19372 31.0248
19373 31.0271
19374 31.0297
19375 31.0319
19376 31.0332
19377 31.0344
19378 31.0363
19379 31.0382
19380 31.0407
19381 31.0435
19382 31.0462
19383 31.0491
19384 31.0526
19385 31.0561
19386 31.0599
19387 31.0638
19388 31.0674
19389 31.0705
19390 31.073
19391 31.0754
19392 31.0782
19393 31.0819
19394 31.0857
19395 31.0893
19396 31.0931
19397 31.0972
19398 31.1011
19399 31.105
19400 31.1088
19401 31.1126
19402 31.1162
19403 31.1195
19404 31.1221
19405 31.1242
19406 31.1256
19407 31.1263
19408 31.1269
19409 31.1281
19410 31.1297
19411 31.1312
19412 31.1323
19413 31.1326
19414 31.1325
19415 31.132
19416 31.1316
19417 31.1307
19418 31.1298
19419 31.1294
19420 31.1291
19421 31.1287
19422 31.1288
19423 31.1288
19424 31.1286
19425 31.1278
19426 31.1265
19427 31.1248
19428 31.1228
19429 31.1211
19430 31.1198
19431 31.1191
19432 31.1183
19433 31.1175
19434 31.117
19435 31.1166
19436 31.1158
19437 31.115
19438 31.1147
19439 31.1145
19440 31.1143
19441 31.1142
19442 31.1141
19443 31.1138
19444 31.1136
19445 31.1134
19446 31.1132
19447 31.1132
19448 31.1134
19449 31.114
19450 31.1153
19451 31.1167
19452 31.1186
19453 31.1203
19454 31.1222
19455 31.1242
19456 31.1261
19457 31.1282
19458 31.1311
19459 31.1346
19460 31.1375
19461 31.1397
19462 31.142
19463 31.144
19464 31.1456
19465 31.1474
19466 31.1496
19467 31.1517
19468 31.1541
19469 31.1561
19470 31.1583
19471 31.1596
19472 31.1611
19473 31.1629
19474 31.1646
19475 31.1659
19476 31.1674
19477 31.169
19478 31.1699
19479 31.1706
19480 31.1712
19481 31.1719
19482 31.1727
19483 31.174
19484 31.176
19485 31.1786
19486 31.181
19487 31.1833
19488 31.1857
19489 31.188
19490 31.1897
19491 31.1919
19492 31.1937
19493 31.1952
19494 31.1965
19495 31.1975
19496 31.1983
19497 31.1988
19498 31.1994
19499 31.2004
19500 31.2019
19501 31.2036
19502 31.2052
19503 31.2062
19504 31.2074
19505 31.2084
19506 31.2088
19507 31.2089
19508 31.2092
19509 31.2104
19510 31.2121
19511 31.2145
19512 31.2169
19513 31.2189
19514 31.2199
19515 31.2196
19516 31.2189
19517 31.2185
19518 31.2189
19519 31.2199
19520 31.2214
19521 31.2231
19522 31.2252
19523 31.2268
19524 31.2282
19525 31.2293
19526 31.2297
19527 31.2291
19528 31.2282
19529 31.2271
19530 31.2262
19531 31.2257
19532 31.2258
19533 31.2262
19534 31.2268
19535 31.2268
19536 31.2265
19537 31.2257
19538 31.225
19539 31.2247
19540 31.2253
19541 31.2254
19542 31.2252
19543 31.2246
19544 31.2238
19545 31.223
19546 31.2218
19547 31.2206
19548 31.2194
19549 31.2186
19550 31.218
19551 31.2185
19552 31.2197
19553 31.2209
19554 31.2218
19555 31.2221
19556 31.2218
19557 31.2212
19558 31.2209
19559 31.2211
19560 31.2218
19561 31.2223
19562 31.2222
19563 31.2216
19564 31.221
19565 31.2205
19566 31.22
19567 31.2197
19568 31.22
19569 31.2209
19570 31.2229
19571 31.2261
19572 31.2294
19573 31.2328
19574 31.2353
19575 31.2376
19576 31.2398
19577 31.2419
19578 31.2444
19579 31.2476
19580 31.251
19581 31.2549
19582 31.2588
19583 31.2628
19584 31.2664
19585 31.2694
19586 31.272
19587 31.2747
19588 31.2781
19589 31.2817
19590 31.2852
19591 31.2879
19592 31.2905
19593 31.2929
19594 31.2955
19595 31.2982
19596 31.3003
19597 31.3013
19598 31.3022
19599 31.3031
19600 31.3042
19601 31.305
19602 31.3062
19603 31.3076
19604 31.3089
19605 31.3098
19606 31.31
19607 31.3102
19608 31.31
19609 31.3098
19610 31.3098
19611 31.3096
19612 31.3092
19613 31.3091
19614 31.309
19615 31.3081
19616 31.3066
19617 31.3047
19618 31.3034
19619 31.3015
19620 31.2992
19621 31.2976
19622 31.2963
19623 31.295
19624 31.294
19625 31.2928
19626 31.2917
19627 31.2904
19628 31.2888
19629 31.2873
19630 31.2858
19631 31.2848
19632 31.2848
19633 31.2856
19634 31.2873
19635 31.2897
19636 31.2922
19637 31.2945
19638 31.2969
19639 31.2994
19640 31.3014
19641 31.3038
19642 31.3062
19643 31.3086
19644 31.3111
19645 31.3139
19646 31.3172
19647 31.32
19648 31.3223
19649 31.3242
19650 31.3262
19651 31.329
19652 31.3319
19653 31.3349
19654 31.3376
19655 31.3409
19656 31.3444
19657 31.3484
19658 31.3518
19659 31.3549
19660 31.3579
19661 31.3608
19662 31.364
19663 31.3675
19664 31.3706
19665 31.3732
19666 31.3754
19667 31.3771
19668 31.3792
19669 31.3814
19670 31.3835
19671 31.386
19672 31.3884
19673 31.3903
19674 31.3922
19675 31.3933
19676 31.3946
19677 31.3958
19678 31.3958
19679 31.3951
19680 31.3933
19681 31.3909
19682 31.3888
19683 31.3871
19684 31.3851
19685 31.3836
19686 31.3827
19687 31.3826
19688 31.3824
19689 31.3814
19690 31.3802
19691 31.3787
19692 31.3774
19693 31.3761
19694 31.3747
19695 31.3737
19696 31.3735
19697 31.3738
19698 31.3738
19699 31.3734
19700 31.3725
19701 31.3718
19702 31.3712
19703 31.3705
19704 31.3703
19705 31.3702
19706 31.3701
19707 31.3695
19708 31.3683
19709 31.3669
19710 31.3656
19711 31.3645
19712 31.364
19713 31.3642
19714 31.365
19715 31.366
19716 31.3678
19717 31.3699
19718 31.372
19719 31.3732
19720 31.3738
19721 31.3741
19722 31.3744
19723 31.3747
19724 31.3753
19725 31.3764
19726 31.3783
19727 31.3806
19728 31.3829
19729 31.3852
19730 31.3868
19731 31.3881
19732 31.3899
19733 31.3921
19734 31.3949
19735 31.3983
19736 31.4018
19737 31.405
19738 31.4084
19739 31.4113
19740 31.4137
19741 31.4154
19742 31.4172
19743 31.4194
19744 31.422
19745 31.4244
19746 31.4262
19747 31.4283
19748 31.4312
19749 31.4341
19750 31.4365
19751 31.4384
19752 31.4398
19753 31.4414
19754 31.443
19755 31.4449
19756 31.4467
19757 31.4481
19758 31.4492
19759 31.4503
19760 31.4515
19761 31.453
19762 31.4549
19763 31.4568
19764 31.4592
19765 31.4615
19766 31.4636
19767 31.4651
19768 31.4664
19769 31.4668
19770 31.4663
19771 31.4652
19772 31.4642
19773 31.4639
19774 31.4641
19775 31.4651
19776 31.4663
19777 31.4677
19778 31.4691
19779 31.4707
19780 31.4718
19781 31.4729
19782 31.4729
19783 31.4718
19784 31.4699
19785 31.4676
19786 31.4652
19787 31.463
19788 31.4611
19789 31.4594
19790 31.4582
19791 31.4569
19792 31.4556
19793 31.4547
19794 31.4544
19795 31.455
19796 31.4559
19797 31.4566
19798 31.4569
19799 31.4565
19800 31.4556
19801 31.4541
19802 31.4527
19803 31.4512
19804 31.4499
19805 31.4484
19806 31.4465
19807 31.4446
19808 31.4433
19809 31.4426
19810 31.4425
19811 31.4432
19812 31.4449
19813 31.4465
19814 31.4469
19815 31.4466
19816 31.4458
19817 31.4443
19818 31.443
19819 31.4417
19820 31.4403
19821 31.4394
19822 31.4386
19823 31.4383
19824 31.4388
19825 31.4398
19826 31.4416
19827 31.4432
19828 31.4446
19829 31.4463
19830 31.4474
19831 31.4476
19832 31.4467
19833 31.4454
19834 31.4442
19835 31.4429
19836 31.4425
19837 31.4432
19838 31.4443
19839 31.4459
19840 31.4476
19841 31.449
19842 31.4502
19843 31.4523
19844 31.4542
19845 31.4557
19846 31.457
19847 31.4581
19848 31.4597
19849 31.4613
19850 31.4631
19851 31.4653
19852 31.4676
19853 31.4704
19854 31.4735
19855 31.4765
19856 31.4793
19857 31.4821
19858 31.4848
19859 31.4875
19860 31.4904
19861 31.4933
19862 31.4964
19863 31.4995
19864 31.503
19865 31.5066
19866 31.5103
19867 31.5137
19868 31.5163
19869 31.5183
19870 31.5204
19871 31.523
19872 31.5254
19873 31.528
19874 31.531
19875 31.5343
19876 31.5375
19877 31.5407
19878 31.5438
19879 31.5466
19880 31.5497
19881 31.5524
19882 31.5541
19883 31.555
19884 31.5557
19885 31.5569
19886 31.5587
19887 31.5611
19888 31.564
19889 31.5671
19890 31.5698
19891 31.5716
19892 31.5728
19893 31.573
19894 31.573
19895 31.5734
19896 31.5736
19897 31.5735
19898 31.574
19899 31.5745
19900 31.5757
19901 31.5766
19902 31.5772
19903 31.5777
19904 31.578
19905 31.5779
19906 31.5776
19907 31.5773
19908 31.577
19909 31.5768
19910 31.5762
19911 31.575
19912 31.5732
19913 31.5722
19914 31.5716
19915 31.5712
19916 31.5704
19917 31.5697
19918 31.5688
19919 31.5678
19920 31.5662
19921 31.5642
19922 31.5626
19923 31.5615
19924 31.5611
19925 31.5616
19926 31.5626
19927 31.5638
19928 31.5648
19929 31.5656
19930 31.5661
19931 31.5658
19932 31.565
19933 31.564
19934 31.5637
19935 31.5638
19936 31.5653
19937 31.5674
19938 31.5703
19939 31.5735
19940 31.5764
19941 31.5784
19942 31.5791
19943 31.5788
19944 31.5791
19945 31.5792
19946 31.5798
19947 31.5811
19948 31.5834
19949 31.586
19950 31.5885
19951 31.5913
19952 31.5945
19953 31.598
19954 31.6018
19955 31.605
19956 31.6076
19957 31.6099
19958 31.6124
19959 31.6141
19960 31.6153
19961 31.617
19962 31.6191
19963 31.6209
19964 31.6233
19965 31.6263
19966 31.6295
19967 31.6329
19968 31.637
19969 31.6411
19970 31.6443
19971 31.646
19972 31.6469
19973 31.6474
19974 31.6479
19975 31.6483
19976 31.6488
19977 31.6498
19978 31.6514
19979 31.6538
19980 31.6566
19981 31.6598
19982 31.6628
19983 31.6654
19984 31.6675
19985 31.6686
19986 31.6682
19987 31.6662
19988 31.6635
19989 31.6608
19990 31.6583
19991 31.657
19992 31.6564
19993 31.6566
19994 31.6571
19995 31.6571
19996 31.6561
19997 31.6547
19998 31.6526
19999 31.6503
20000 31.6479
20001 31.645
20002 31.642
20003 31.6395
20004 31.6382
20005 31.6384
20006 31.6399
20007 31.6419
20008 31.644
20009 31.6456
20010 31.6476
20011 31.6494
20012 31.6502
20013 31.6502
20014 31.6497
20015 31.6496
20016 31.6503
20017 31.6519
20018 31.6546
20019 31.6581
20020 31.6624
20021 31.6673
20022 31.672
20023 31.6756
20024 31.6788
20025 31.6819
20026 31.6838
20027 31.6849
20028 31.686
20029 31.6881
20030 31.6915
20031 31.696
20032 31.7017
20033 31.7075
20034 31.713
20035 31.7175
20036 31.7211
20037 31.7242
20038 31.7272
20039 31.7296
20040 31.7321
20041 31.7346
20042 31.7365
20043 31.7383
20044 31.741
20045 31.7442
20046 31.7479
20047 31.7521
20048 31.7559
20049 31.7592
20050 31.7616
20051 31.7628
20052 31.7628
20053 31.7616
20054 31.7588
20055 31.756
20056 31.7542
20057 31.7529
20058 31.7523
20059 31.7521
20060 31.752
20061 31.7524
20062 31.7527
20063 31.7525
20064 31.7513
20065 31.7495
20066 31.748
20067 31.7461
20068 31.7435
20069 31.7408
20070 31.7382
20071 31.7362
20072 31.7348
20073 31.7343
20074 31.7344
20075 31.7351
20076 31.7358
20077 31.7351
20078 31.7336
20079 31.7318
20080 31.7306
20081 31.7296
20082 31.7291
20083 31.7284
20084 31.7278
20085 31.7273
20086 31.7276
20087 31.7282
20088 31.7292
20089 31.7299
20090 31.7305
20091 31.7314
20092 31.7332
20093 31.7353
20094 31.7375
20095 31.7395
20096 31.7412
20097 31.743
20098 31.7451
20099 31.7476
20100 31.7504
20101 31.7532
20102 31.7562
20103 31.7591
20104 31.762
20105 31.7656
20106 31.7693
20107 31.773
20108 31.7767
20109 31.7806
20110 31.7853
20111 31.7904
20112 31.7944
20113 31.7973
20114 31.7996
20115 31.8017
20116 31.8034
20117 31.8045
20118 31.8062
20119 31.808
20120 31.8105
20121 31.8135
20122 31.8174
20123 31.8213
20124 31.8246
20125 31.827
20126 31.8286
20127 31.8293
20128 31.8293
20129 31.8289
20130 31.8282
20131 31.8274
20132 31.8271
20133 31.828
20134 31.8299
20135 31.8326
20136 31.8358
20137 31.8389
20138 31.8416
20139 31.8436
20140 31.8441
20141 31.8433
20142 31.8416
20143 31.8403
20144 31.8393
20145 31.8383
20146 31.8366
20147 31.8348
20148 31.8341
20149 31.8343
20150 31.8343
20151 31.8342
20152 31.8344
20153 31.8342
20154 31.8335
20155 31.8314
20156 31.8282
20157 31.8239
20158 31.8195
20159 31.816
20160 31.8142
20161 31.814
20162 31.8151
20163 31.8162
20164 31.8175
20165 31.8187
20166 31.8196
20167 31.8194
20168 31.8177
20169 31.8156
20170 31.8141
20171 31.8137
20172 31.8138
20173 31.8139
20174 31.8146
20175 31.8157
20176 31.8173
20177 31.819
20178 31.8208
20179 31.8224
20180 31.8245
20181 31.8269
20182 31.8292
20183 31.831
20184 31.8322
20185 31.8326
20186 31.833
20187 31.8339
20188 31.835
20189 31.8369
20190 31.8396
20191 31.843
20192 31.8464
20193 31.8493
20194 31.8519
20195 31.8542
20196 31.8563
20197 31.8583
20198 31.8604
20199 31.8621
20200 31.8645
20201 31.8674
20202 31.8707
20203 31.8743
20204 31.8778
20205 31.8802
20206 31.882
20207 31.884
20208 31.8856
20209 31.8864
20210 31.8865
20211 31.8865
20212 31.8871
20213 31.8883
20214 31.8893
20215 31.8909
20216 31.8929
20217 31.8957
20218 31.8984
20219 31.9017
20220 31.9046
20221 31.9066
20222 31.9082
20223 31.9099
20224 31.9115
20225 31.9129
20226 31.9139
20227 31.9146
20228 31.9152
20229 31.9154
20230 31.9161
20231 31.9173
20232 31.9192
20233 31.9221
20234 31.9253
20235 31.9281
20236 31.9303
20237 31.9321
20238 31.9333
20239 31.9339
20240 31.9338
20241 31.9332
20242 31.9328
20243 31.9326
20244 31.9329
20245 31.9333
20246 31.9346
20247 31.9369
20248 31.9393
20249 31.9418
20250 31.944
20251 31.9452
20252 31.946
20253 31.9464
20254 31.9469
20255 31.9478
20256 31.9486
20257 31.9497
20258 31.9513
20259 31.953
20260 31.9555
20261 31.9582
20262 31.9607
20263 31.9634
20264 31.966
20265 31.9683
20266 31.9701
20267 31.972
20268 31.974
20269 31.9762
20270 31.9785
20271 31.9812
20272 31.9845
20273 31.9882
20274 31.9917
20275 31.9942
20276 31.9957
20277 31.9966
20278 31.9972
20279 31.9981
20280 31.999
20281 32.0003
20282 32.0024
20283 32.0052
20284 32.0083
20285 32.0114
20286 32.0141
20287 32.0165
20288 32.0185
20289 32.0203
20290 32.022
20291 32.0233
20292 32.0249
20293 32.027
20294 32.0295
20295 32.0328
20296 32.0362
20297 32.0397
20298 32.0426
20299 32.0446
20300 32.0461
20301 32.0469
20302 32.0474
20303 32.0479
20304 32.0477
20305 32.0469
20306 32.0463
20307 32.0459
20308 32.0464
20309 32.0467
20310 32.0469
20311 32.0476
20312 32.0485
20313 32.0494
20314 32.0505
20315 32.0521
20316 32.0536
20317 32.0546
20318 32.0559
20319 32.0566
20320 32.0571
20321 32.0565
20322 32.0553
20323 32.0541
20324 32.0531
20325 32.0519
20326 32.0516
20327 32.0519
20328 32.0527
20329 32.0532
20330 32.0537
20331 32.0543
20332 32.0553
20333 32.0558
20334 32.0556
20335 32.0552
20336 32.0547
20337 32.0539
20338 32.0533
20339 32.0531
20340 32.0531
20341 32.0531
20342 32.053
20343 32.0526
20344 32.0529
20345 32.0539
20346 32.0556
20347 32.0579
20348 32.0609
20349 32.0639
20350 32.0667
20351 32.069
20352 32.0705
20353 32.0714
20354 32.0725
20355 32.0738
20356 32.075
20357 32.0763
20358 32.0784
20359 32.0804
20360 32.0826
20361 32.085
20362 32.0874
20363 32.09
20364 32.0932
20365 32.0963
20366 32.0987
20367 32.1004
20368 32.1018
20369 32.1031
20370 32.1045
20371 32.1068
20372 32.1096
20373 32.1118
20374 32.1136
20375 32.1159
20376 32.1186
20377 32.1219
20378 32.1252
20379 32.1282
20380 32.1318
20381 32.135
20382 32.1372
20383 32.1392
20384 32.1409
20385 32.1422
20386 32.1433
20387 32.1444
20388 32.1457
20389 32.1475
20390 32.1504
20391 32.1538
20392 32.1567
20393 32.159
20394 32.1612
20395 32.1628
20396 32.1643
20397 32.1655
20398 32.167
20399 32.1687
20400 32.1701
20401 32.1714
20402 32.1724
20403 32.1729
20404 32.1738
20405 32.1748
20406 32.1764
20407 32.1776
20408 32.1786
20409 32.1791
20410 32.1791
20411 32.1793
20412 32.1797
20413 32.1804
20414 32.1811
20415 32.1825
20416 32.1837
20417 32.1851
20418 32.1864
20419 32.187
20420 32.1872
20421 32.1872
20422 32.1877
20423 32.188
20424 32.1881
20425 32.1884
20426 32.1891
20427 32.1902
20428 32.1909
20429 32.1912
20430 32.191
20431 32.1904
20432 32.1897
20433 32.1891
20434 32.1891
20435 32.1895
20436 32.19
20437 32.1913
20438 32.1928
20439 32.1942
20440 32.1951
20441 32.1964
20442 32.1977
20443 32.1978
20444 32.1972
20445 32.1958
20446 32.1937
20447 32.191
20448 32.188
20449 32.1856
20450 32.1839
20451 32.1832
20452 32.1833
20453 32.184
20454 32.1855
20455 32.1869
20456 32.1879
20457 32.1886
20458 32.1885
20459 32.1878
20460 32.1867
20461 32.185
20462 32.1835
20463 32.1821
20464 32.1803
20465 32.1792
20466 32.1792
20467 32.18
20468 32.1801
20469 32.1803
20470 32.1806
20471 32.1806
20472 32.1808
20473 32.1814
20474 32.1819
20475 32.1819
20476 32.1816
20477 32.1815
20478 32.1816
20479 32.1814
20480 32.1814
20481 32.1818
20482 32.1823
20483 32.1827
20484 32.1834
20485 32.1842
20486 32.185
20487 32.1865
20488 32.188
20489 32.1893
20490 32.1908
20491 32.1927
20492 32.1946
20493 32.1967
20494 32.1993
20495 32.2024
20496 32.2055
20497 32.2085
20498 32.211
20499 32.2135
20500 32.2157
20501 32.2172
20502 32.2187
20503 32.2204
20504 32.2224
20505 32.2241
20506 32.2259
20507 32.2286
20508 32.2311
20509 32.2337
20510 32.236
20511 32.2375
20512 32.2384
20513 32.2394
20514 32.2404
20515 32.2422
20516 32.2444
20517 32.2467
20518 32.2491
20519 32.2515
20520 32.2542
20521 32.257
20522 32.2596
20523 32.2615
20524 32.2627
20525 32.2626
20526 32.2617
20527 32.2607
20528 32.26
20529 32.2602
20530 32.2615
20531 32.2638
20532 32.2667
20533 32.2694
20534 32.2719
20535 32.274
20536 32.2758
20537 32.2773
20538 32.2782
20539 32.2781
20540 32.2779
20541 32.2769
20542 32.2755
20543 32.2746
20544 32.2741
20545 32.2744
20546 32.2748
20547 32.275
20548 32.2753
20549 32.2748
20550 32.2742
20551 32.274
20552 32.274
20553 32.2739
20554 32.2738
20555 32.2733
20556 32.2729
20557 32.2726
20558 32.2726
20559 32.2729
20560 32.2731
20561 32.2735
20562 32.2737
20563 32.2736
20564 32.2727
20565 32.2713
20566 32.2698
20567 32.2681
20568 32.2666
20569 32.2654
20570 32.2645
20571 32.2634
20572 32.2626
20573 32.262
20574 32.2611
20575 32.2591
20576 32.2563
20577 32.2542
20578 32.2531
20579 32.2529
20580 32.2533
20581 32.2536
20582 32.2546
20583 32.2554
20584 32.2555
20585 32.2555
20586 32.2554
20587 32.2551
20588 32.2548
20589 32.2548
20590 32.2555
20591 32.2569
20592 32.2585
20593 32.2608
20594 32.2636
20595 32.2666
20596 32.2696
20597 32.2718
20598 32.2731
20599 32.2731
20600 32.2729
20601 32.2732
20602 32.274
20603 32.2755
20604 32.2775
20605 32.28
20606 32.2835
20607 32.2876
20608 32.2917
20609 32.2947
20610 32.2963
20611 32.2966
20612 32.2969
20613 32.2973
20614 32.2985
20615 32.2999
20616 32.3018
20617 32.3048
20618 32.3085
20619 32.3122
20620 32.315
20621 32.317
20622 32.3183
20623 32.3191
20624 32.3201
20625 32.3212
20626 32.3222
20627 32.3234
20628 32.3249
20629 32.3268
20630 32.3288
20631 32.331
20632 32.3325
20633 32.3338
20634 32.3355
20635 32.3372
20636 32.3384
20637 32.3396
20638 32.3404
20639 32.3401
20640 32.3385
20641 32.3365
20642 32.3343
20643 32.3326
20644 32.3317
20645 32.3314
20646 32.3311
20647 32.331
20648 32.3314
20649 32.3321
20650 32.3329
20651 32.3331
20652 32.3325
20653 32.3308
20654 32.3278
20655 32.3247
20656 32.322
20657 32.3191
20658 32.3165
20659 32.3147
20660 32.3139
20661 32.3142
20662 32.3152
20663 32.3167
20664 32.3179
20665 32.3185
20666 32.3187
20667 32.3184
20668 32.3172
20669 32.3153
20670 32.3138
20671 32.3136
20672 32.3147
20673 32.3171
20674 32.3203
20675 32.3242
20676 32.3284
20677 32.3321
20678 32.3354
20679 32.3377
20680 32.3392
20681 32.34
20682 32.3404
20683 32.3411
20684 32.3426
20685 32.3448
20686 32.3476
20687 32.351
20688 32.3551
20689 32.359
20690 32.3623
20691 32.3654
20692 32.3689
20693 32.3727
20694 32.377
20695 32.3808
20696 32.3843
20697 32.3881
20698 32.3915
20699 32.3938
20700 32.3949
20701 32.3955
20702 32.3966
20703 32.3978
20704 32.3998
20705 32.4023
20706 32.4051
20707 32.4079
20708 32.4107
20709 32.4133
20710 32.4155
20711 32.4166
20712 32.4165
20713 32.4165
20714 32.4163
20715 32.4156
20716 32.415
20717 32.4147
20718 32.4145
20719 32.4143
20720 32.4144
20721 32.4151
20722 32.4165
20723 32.4176
20724 32.4188
20725 32.42
20726 32.4213
20727 32.4224
20728 32.4226
20729 32.4219
20730 32.4206
20731 32.4198
20732 32.4196
20733 32.4203
20734 32.4221
20735 32.4243
20736 32.4272
20737 32.4301
20738 32.4323
20739 32.4345
20740 32.4359
20741 32.4361
20742 32.4358
20743 32.436
20744 32.4369
20745 32.4388
20746 32.4419
20747 32.4457
20748 32.4502
20749 32.4552
20750 32.4596
20751 32.4632
20752 32.4655
20753 32.4677
20754 32.4702
20755 32.4726
20756 32.4747
20757 32.4769
20758 32.4801
20759 32.4838
20760 32.4878
20761 32.4916
20762 32.4952
20763 32.4986
20764 32.5014
20765 32.5039
20766 32.5056
20767 32.5076
20768 32.5094
20769 32.5111
20770 32.5132
20771 32.5154
20772 32.5177
20773 32.5197
20774 32.5213
20775 32.5235
20776 32.5255
20777 32.5273
20778 32.5287
20779 32.53
20780 32.5308
20781 32.5315
20782 32.532
20783 32.5325
20784 32.5334
20785 32.5343
20786 32.5353
20787 32.5361
20788 32.5362
20789 32.5364
20790 32.5366
20791 32.5372
20792 32.5377
20793 32.538
20794 32.5381
20795 32.5381
20796 32.5381
20797 32.5381
20798 32.5377
20799 32.5369
20800 32.5361
20801 32.5354
20802 32.5351
20803 32.535
20804 32.5356
20805 32.5367
20806 32.5374
20807 32.5371
20808 32.5355
20809 32.5339
20810 32.533
20811 32.5324
20812 32.5313
20813 32.5304
20814 32.529
20815 32.5271
20816 32.525
20817 32.5235
20818 32.5228
20819 32.5223
20820 32.5217
20821 32.5223
20822 32.5233
20823 32.5245
20824 32.5253
20825 32.5256
20826 32.5258
20827 32.5254
20828 32.5251
20829 32.5246
20830 32.5244
20831 32.5245
20832 32.5249
20833 32.5257
20834 32.5272
20835 32.529
20836 32.5305
20837 32.5313
20838 32.5316
20839 32.5318
20840 32.5324
20841 32.5337
20842 32.5356
20843 32.5375
20844 32.5388
20845 32.5397
20846 32.54
20847 32.5403
20848 32.5407
20849 32.5416
20850 32.5434
20851 32.5459
20852 32.5485
20853 32.5513
20854 32.5541
20855 32.5565
20856 32.5584
20857 32.5594
20858 32.5598
20859 32.5602
20860 32.5611
20861 32.5629
20862 32.5651
20863 32.5672
20864 32.5693
20865 32.5715
20866 32.5736
20867 32.5755
20868 32.5781
20869 32.5808
20870 32.5837
20871 32.5864
20872 32.5885
20873 32.5903
20874 32.5917
20875 32.593
20876 32.5941
20877 32.5951
20878 32.5953
20879 32.5955
20880 32.596
20881 32.5967
20882 32.5972
20883 32.5982
20884 32.6
20885 32.602
20886 32.6042
20887 32.6063
20888 32.6081
20889 32.6093
20890 32.6107
20891 32.6119
20892 32.6131
20893 32.6141
20894 32.6149
20895 32.6152
20896 32.6152
20897 32.6149
20898 32.6141
20899 32.6133
20900 32.613
20901 32.6133
20902 32.6137
20903 32.6148
20904 32.6164
20905 32.6175
20906 32.6182
20907 32.6184
20908 32.6182
20909 32.618
20910 32.618
20911 32.6191
20912 32.6204
20913 32.6219
20914 32.623
20915 32.6243
20916 32.6257
20917 32.6278
20918 32.6298
20919 32.631
20920 32.6319
20921 32.6328
20922 32.6341
20923 32.6354
20924 32.6368
20925 32.6381
20926 32.6402
20927 32.6429
20928 32.646
20929 32.6492
20930 32.6528
20931 32.6564
20932 32.6592
20933 32.6621
20934 32.6639
20935 32.6642
20936 32.6645
20937 32.6651
20938 32.6653
20939 32.6652
20940 32.666
20941 32.6673
20942 32.6686
20943 32.6698
20944 32.6709
20945 32.6723
20946 32.6743
20947 32.6764
20948 32.6783
20949 32.6801
20950 32.6815
20951 32.6826
20952 32.6835
20953 32.6845
20954 32.6859
20955 32.6875
20956 32.6896
20957 32.6914
20958 32.6923
20959 32.6927
20960 32.6929
20961 32.6927
20962 32.6924
20963 32.6932
20964 32.6953
20965 32.6986
20966 32.7024
20967 32.7059
20968 32.7093
20969 32.7118
20970 32.7133
20971 32.7142
20972 32.7149
20973 32.7152
20974 32.7158
20975 32.7171
20976 32.7194
20977 32.7226
20978 32.7253
20979 32.7278
20980 32.7304
20981 32.7333
20982 32.7367
20983 32.7397
20984 32.743
20985 32.7456
20986 32.7476
20987 32.7489
20988 32.7498
20989 32.7509
20990 32.7518
20991 32.7534
20992 32.7556
20993 32.7589
20994 32.7626
20995 32.7665
20996 32.7699
20997 32.7726
20998 32.7737
20999 32.7733
21000 32.7721
21001 32.7711
21002 32.7709
21003 32.772
21004 32.7746
21005 32.7783
21006 32.7816
21007 32.7843
21008 32.7861
21009 32.7876
21010 32.7881
21011 32.7879
21012 32.7878
21013 32.7886
21014 32.79
21015 32.7919
21016 32.794
21017 32.7966
21018 32.7987
21019 32.8009
21020 32.8028
21021 32.8043
21022 32.8057
21023 32.8074
21024 32.8088
21025 32.8098
21026 32.8104
21027 32.8111
21028 32.812
21029 32.8132
21030 32.8147
21031 32.8156
21032 32.8163
21033 32.8171
21034 32.818
21035 32.8194
21036 32.8212
21037 32.8224
21038 32.8237
21039 32.8251
21040 32.827
21041 32.829
21042 32.8315
21043 32.834
21044 32.8364
21045 32.8387
21046 32.8405
21047 32.842
21048 32.8432
21049 32.8441
21050 32.8452
21051 32.8463
21052 32.8479
21053 32.8493
21054 32.851
21055 32.8531
21056 32.8553
21057 32.8571
21058 32.8586
21059 32.8605
21060 32.8631
21061 32.8663
21062 32.8693
21063 32.8717
21064 32.8735
21065 32.8747
21066 32.8752
21067 32.8753
21068 32.8759
21069 32.8767
21070 32.8783
21071 32.8804
21072 32.8829
21073 32.8858
21074 32.8885
21075 32.8906
21076 32.8926
21077 32.8943
21078 32.8954
21079 32.896
21080 32.8966
21081 32.8974
21082 32.8978
21083 32.8981
21084 32.8983
21085 32.8987
21086 32.8986
21087 32.8985
21088 32.8982
21089 32.8979
21090 32.8975
21091 32.8969
21092 32.8965
21093 32.896
21094 32.895
21095 32.8932
21096 32.8917
21097 32.8913
21098 32.8916
21099 32.8926
21100 32.8934
21101 32.8944
21102 32.8954
21103 32.8966
21104 32.8981
21105 32.8993
21106 32.8994
21107 32.8992
21108 32.8991
21109 32.8991
21110 32.8995
21111 32.9005
21112 32.9017
21113 32.9033
21114 32.9051
21115 32.9068
21116 32.9086
21117 32.9102
21118 32.9119
21119 32.9136
21120 32.9158
21121 32.9182
21122 32.9201
21123 32.9222
21124 32.9246
21125 32.9273
21126 32.9295
21127 32.9317
21128 32.9339
21129 32.936
21130 32.9388
21131 32.9419
21132 32.9452
21133 32.9485
21134 32.9519
21135 32.9552
21136 32.9581
21137 32.9607
21138 32.9629
21139 32.9646
21140 32.9657
21141 32.967
21142 32.9684
21143 32.97
21144 32.9718
21145 32.974
21146 32.976
21147 32.9772
21148 32.9781
21149 32.9788
21150 32.9795
21151 32.9802
21152 32.9808
21153 32.9811
21154 32.9807
21155 32.9803
21156 32.9795
21157 32.9785
21158 32.9783
21159 32.9784
21160 32.9794
21161 32.9809
21162 32.9825
21163 32.9838
21164 32.9844
21165 32.9849
21166 32.9858
21167 32.9867
21168 32.987
21169 32.9868
21170 32.9863
21171 32.986
21172 32.9862
21173 32.9872
21174 32.9883
21175 32.9897
21176 32.9913
21177 32.9933
21178 32.9957
21179 32.9985
21180 33.0013
21181 33.0041
21182 33.0058
21183 33.0066
21184 33.0065
21185 33.006
21186 33.0053
21187 33.0053
21188 33.0059
21189 33.0076
21190 33.0103
21191 33.0136
21192 33.0168
21193 33.0199
21194 33.0231
21195 33.0259
21196 33.0277
21197 33.0287
21198 33.0291
21199 33.0294
21200 33.0299
21201 33.0305
21202 33.0316
21203 33.0339
21204 33.0368
21205 33.0403
21206 33.0436
21207 33.0465
21208 33.0485
21209 33.0493
21210 33.0499
21211 33.0504
21212 33.0511
21213 33.0522
21214 33.0537
21215 33.0553
21216 33.057
21217 33.0587
21218 33.06
21219 33.0606
21220 33.0608
21221 33.0606
21222 33.0603
21223 33.0603
21224 33.0601
21225 33.0598
21226 33.0594
21227 33.0588
21228 33.0579
21229 33.0568
21230 33.0554
21231 33.0544
21232 33.0533
21233 33.0518
21234 33.0503
21235 33.0487
21236 33.0472
21237 33.0452
21238 33.0432
21239 33.041
21240 33.039
21241 33.0374
21242 33.0362
21243 33.0353
21244 33.0343
21245 33.0332
21246 33.0321
21247 33.0303
21248 33.0283
21249 33.0269
21250 33.0264
21251 33.0262
21252 33.0259
21253 33.0259
21254 33.0257
21255 33.0258
21256 33.0258
21257 33.0259
21258 33.0262
21259 33.0265
21260 33.0272
21261 33.0285
21262 33.0304
21263 33.033
21264 33.0358
21265 33.0392
21266 33.0423
21267 33.0448
21268 33.0468
21269 33.0479
21270 33.0489
21271 33.0503
21272 33.052
21273 33.0537
21274 33.0558
21275 33.0585
21276 33.0617
21277 33.0644
21278 33.0664
21279 33.0679
21280 33.0691
21281 33.0695
21282 33.0694
21283 33.0696
21284 33.0702
21285 33.0718
21286 33.0736
21287 33.0752
21288 33.0767
21289 33.0783
21290 33.0799
21291 33.0813
21292 33.0822
21293 33.0823
21294 33.0821
21295 33.0821
21296 33.0827
21297 33.0836
21298 33.0846
21299 33.0857
21300 33.0874
21301 33.0889
21302 33.0902
21303 33.091
21304 33.091
21305 33.0907
21306 33.0901
21307 33.0893
21308 33.0887
21309 33.0883
21310 33.0881
21311 33.0876
21312 33.0865
21313 33.0857
21314 33.0849
21315 33.0842
21316 33.0838
21317 33.0827
21318 33.0815
21319 33.0803
21320 33.0801
21321 33.0802
21322 33.0811
21323 33.083
21324 33.0851
21325 33.0868
21326 33.0878
21327 33.0888
21328 33.0891
21329 33.0886
21330 33.0879
21331 33.088
21332 33.089
21333 33.0911
21334 33.0934
21335 33.0962
21336 33.099
21337 33.1016
21338 33.1034
21339 33.1047
21340 33.106
21341 33.1074
21342 33.1093
21343 33.1117
21344 33.1143
21345 33.1176
21346 33.1213
21347 33.1244
21348 33.1271
21349 33.1294
21350 33.1319
21351 33.1349
21352 33.1383
21353 33.1417
21354 33.1455
21355 33.1496
21356 33.1542
21357 33.159
21358 33.1637
21359 33.1685
21360 33.1731
21361 33.1777
21362 33.182
21363 33.1863
21364 33.1905
21365 33.1935
21366 33.1954
21367 33.1974
21368 33.1993
21369 33.2014
21370 33.2037
21371 33.2064
21372 33.2097
21373 33.2129
21374 33.2158
21375 33.2182
21376 33.219
21377 33.2187
21378 33.2179
21379 33.2165
21380 33.2151
21381 33.2142
21382 33.2142
21383 33.2146
21384 33.215
21385 33.216
21386 33.2172
21387 33.2184
21388 33.2191
21389 33.2193
21390 33.2194
21391 33.2189
21392 33.2182
21393 33.2166
21394 33.2143
21395 33.2124
21396 33.2106
21397 33.2094
21398 33.2089
21399 33.2087
21400 33.2084
21401 33.2083
21402 33.2079
21403 33.2073
21404 33.2067
21405 33.2057
21406 33.2049
21407 33.2042
21408 33.2034
21409 33.2024
21410 33.2019
21411 33.2023
21412 33.2032
21413 33.2049
21414 33.2071
21415 33.2104
21416 33.2141
21417 33.2175
21418 33.2209
21419 33.2244
21420 33.2278
21421 33.2306
21422 33.2336
21423 33.2367
21424 33.2404
21425 33.2444
21426 33.2483
21427 33.2521
21428 33.2558
21429 33.2586
21430 33.2615
21431 33.2648
21432 33.2686
21433 33.2729
21434 33.2779
21435 33.2825
21436 33.2867
21437 33.2905
21438 33.294
21439 33.2973
21440 33.3003
21441 33.3033
21442 33.3069
21443 33.311
21444 33.3154
21445 33.3191
21446 33.3215
21447 33.3224
21448 33.3232
21449 33.3235
21450 33.3239
21451 33.3247
21452 33.3258
21453 33.327
21454 33.3277
21455 33.3284
21456 33.3287
21457 33.3291
21458 33.3291
21459 33.3283
21460 33.3271
21461 33.3263
21462 33.3259
21463 33.3256
21464 33.3253
21465 33.3247
21466 33.3238
21467 33.3225
21468 33.3206
21469 33.3184
21470 33.3163
21471 33.3144
21472 33.3131
21473 33.3126
21474 33.3128
21475 33.3135
21476 33.3144
21477 33.3161
21478 33.3179
21479 33.3192
21480 33.3204
21481 33.3214
21482 33.3216
21483 33.3212
21484 33.3206
21485 33.32
21486 33.3202
21487 33.3214
21488 33.3234
21489 33.3259
21490 33.3291
21491 33.3323
21492 33.3349
21493 33.3372
21494 33.3391
21495 33.3402
21496 33.3412
21497 33.342
21498 33.3428
21499 33.3447
21500 33.3481
21501 33.3525
21502 33.3572
21503 33.3613
21504 33.3652
21505 33.3687
21506 33.372
21507 33.375
21508 33.378
21509 33.3804
21510 33.3827
21511 33.3847
21512 33.3874
21513 33.3906
21514 33.3936
21515 33.3969
21516 33.4005
21517 33.404
21518 33.4069
21519 33.4094
21520 33.4111
21521 33.4122
21522 33.413
21523 33.4134
21524 33.4141
21525 33.4151
21526 33.4166
21527 33.4184
21528 33.4205
21529 33.4218
21530 33.4217
21531 33.4208
21532 33.4191
21533 33.4172
21534 33.4159
21535 33.4157
21536 33.416
21537 33.4166
21538 33.418
21539 33.42
21540 33.4222
21541 33.424
21542 33.4249
21543 33.4247
21544 33.4239
21545 33.423
21546 33.4224
21547 33.4225
21548 33.4232
21549 33.4242
21550 33.4254
21551 33.4271
21552 33.4286
21553 33.43
21554 33.4316
21555 33.4332
21556 33.4341
21557 33.4347
21558 33.4354
21559 33.4361
21560 33.4367
21561 33.4364
21562 33.4361
21563 33.4366
21564 33.4382
21565 33.4399
21566 33.4421
21567 33.4448
21568 33.448
21569 33.4511
21570 33.4541
21571 33.4569
21572 33.4585
21573 33.4596
21574 33.4607
21575 33.4617
21576 33.4628
21577 33.4638
21578 33.4653
21579 33.4672
21580 33.4693
21581 33.4717
21582 33.4742
21583 33.4771
21584 33.4793
21585 33.4812
21586 33.4826
21587 33.4839
21588 33.4845
21589 33.4846
21590 33.4844
21591 33.4844
21592 33.4843
21593 33.4848
21594 33.4863
21595 33.4888
21596 33.4915
21597 33.4942
21598 33.4968
21599 33.498
21600 33.4981
21601 33.4971
21602 33.4954
21603 33.4932
21604 33.4915
21605 33.4898
21606 33.4889
21607 33.4889
21608 33.4896
21609 33.4908
21610 33.4925
21611 33.4944
21612 33.4957
21613 33.4965
21614 33.4972
21615 33.4972
21616 33.4961
21617 33.495
21618 33.4936
21619 33.4925
21620 33.4916
21621 33.4915
21622 33.4925
21623 33.4941
21624 33.4963
21625 33.4988
21626 33.5014
21627 33.5038
21628 33.5054
21629 33.5062
21630 33.5066
21631 33.5072
21632 33.5078
21633 33.509
21634 33.5105
21635 33.5118
21636 33.5134
21637 33.5155
21638 33.5172
21639 33.5187
21640 33.5201
21641 33.5214
21642 33.5227
21643 33.524
21644 33.5252
21645 33.5264
21646 33.5273
21647 33.5276
21648 33.5276
21649 33.5276
21650 33.5283
21651 33.5294
21652 33.5303
21653 33.5307
21654 33.5308
21655 33.5303
21656 33.5297
21657 33.529
21658 33.5281
21659 33.5273
21660 33.5267
21661 33.5263
21662 33.5263
21663 33.5265
21664 33.5262
21665 33.5257
21666 33.5252
21667 33.5255
21668 33.5261
21669 33.5268
21670 33.5276
21671 33.5284
21672 33.5289
21673 33.5292
21674 33.5298
21675 33.5303
21676 33.5308
21677 33.5316
21678 33.533
21679 33.5344
21680 33.5367
21681 33.5387
21682 33.5406
21683 33.5419
21684 33.5428
21685 33.5439
21686 33.5451
21687 33.5466
21688 33.5481
21689 33.5495
21690 33.5508
21691 33.552
21692 33.5532
21693 33.5538
21694 33.5542
21695 33.5548
21696 33.5557
21697 33.5566
21698 33.5574
21699 33.5579
21700 33.5585
21701 33.5596
21702 33.5608
21703 33.5616
21704 33.562
21705 33.5622
21706 33.5627
21707 33.5635
21708 33.5637
21709 33.5639
21710 33.5632
21711 33.5624
21712 33.5617
21713 33.5611
21714 33.5604
21715 33.5593
21716 33.5587
21717 33.5584
21718 33.5588
21719 33.5591
21720 33.5595
21721 33.5604
21722 33.5616
21723 33.563
21724 33.565
21725 33.5677
21726 33.5702
21727 33.5718
21728 33.5731
21729 33.5742
21730 33.5748
21731 33.5752
21732 33.5758
21733 33.5768
21734 33.5775
21735 33.5789
21736 33.5813
21737 33.5844
21738 33.588
21739 33.592
21740 33.5951
21741 33.5969
21742 33.5978
21743 33.5986
21744 33.5992
21745 33.6
21746 33.6008
21747 33.6022
21748 33.6037
21749 33.6055
21750 33.6075
21751 33.6094
21752 33.611
21753 33.6123
21754 33.6132
21755 33.6143
21756 33.6152
21757 33.6168
21758 33.6189
21759 33.6211
21760 33.6229
21761 33.6244
21762 33.6254
21763 33.6267
21764 33.628
21765 33.6291
21766 33.6303
21767 33.6318
21768 33.6335
21769 33.6348
21770 33.6355
21771 33.6353
21772 33.6346
21773 33.6335
21774 33.6322
21775 33.6306
21776 33.6293
21777 33.6287
21778 33.6284
21779 33.6284
21780 33.6287
21781 33.6288
21782 33.6271
21783 33.6252
21784 33.6235
21785 33.6216
21786 33.6201
21787 33.6192
21788 33.6186
21789 33.6187
21790 33.6194
21791 33.6208
21792 33.6219
21793 33.6227
21794 33.6234
21795 33.6239
21796 33.6246
21797 33.625
21798 33.6253
21799 33.6257
21800 33.6261
21801 33.6269
21802 33.6282
21803 33.6304
21804 33.6332
21805 33.6359
21806 33.6383
21807 33.6406
21808 33.6426
21809 33.644
21810 33.645
21811 33.6458
21812 33.6467
21813 33.648
21814 33.6493
21815 33.6501
21816 33.6511
21817 33.6521
21818 33.6537
21819 33.6553
21820 33.6571
21821 33.6588
21822 33.6608
21823 33.6631
21824 33.6651
21825 33.6668
21826 33.6683
21827 33.6694
21828 33.6708
21829 33.6719
21830 33.6728
21831 33.6739
21832 33.675
21833 33.6763
21834 33.6781
21835 33.68
21836 33.6818
21837 33.6835
21838 33.685
21839 33.6861
21840 33.6865
21841 33.6868
21842 33.6863
21843 33.6859
21844 33.686
21845 33.6869
21846 33.6878
21847 33.6887
21848 33.6896
21849 33.6903
21850 33.6907
21851 33.6905
21852 33.6898
21853 33.6891
21854 33.6884
21855 33.6872
21856 33.6857
21857 33.6842
21858 33.6828
21859 33.682
21860 33.6819
21861 33.6815
21862 33.6811
21863 33.6807
21864 33.6805
21865 33.6796
21866 33.6786
21867 33.6771
21868 33.6752
21869 33.6733
21870 33.6712
21871 33.6692
21872 33.6669
21873 33.6648
21874 33.6628
21875 33.6614
21876 33.6606
21877 33.6603
21878 33.6604
21879 33.6605
21880 33.6603
21881 33.6604
21882 33.6612
21883 33.6623
21884 33.6629
21885 33.6631
21886 33.6632
21887 33.6636
21888 33.6644
21889 33.6652
21890 33.6662
21891 33.6675
21892 33.6691
21893 33.6709
21894 33.673
21895 33.6748
21896 33.6766
21897 33.6787
21898 33.681
21899 33.6828
21900 33.6847
21901 33.6867
21902 33.6892
21903 33.6921
21904 33.6951
21905 33.6982
21906 33.7014
21907 33.7043
21908 33.707
21909 33.7098
21910 33.7122
21911 33.7147
21912 33.7176
21913 33.7209
21914 33.7244
21915 33.7283
21916 33.7323
21917 33.7358
21918 33.739
21919 33.7415
21920 33.7437
21921 33.7457
21922 33.7475
21923 33.7496
21924 33.7519
21925 33.7541
21926 33.756
21927 33.7579
21928 33.759
21929 33.7599
21930 33.7604
21931 33.7611
21932 33.7616
21933 33.7618
21934 33.7615
21935 33.761
21936 33.7606
21937 33.7603
21938 33.7603
21939 33.7601
21940 33.7595
21941 33.7588
21942 33.7578
21943 33.7571
21944 33.7565
21945 33.7559
21946 33.7551
21947 33.754
21948 33.7529
21949 33.7517
21950 33.75
21951 33.7484
21952 33.7465
21953 33.7445
21954 33.7428
21955 33.7412
21956 33.7401
21957 33.7393
21958 33.7384
21959 33.7369
21960 33.7352
21961 33.7334
21962 33.7312
21963 33.7289
21964 33.7261
21965 33.7236
21966 33.7212
21967 33.7192
21968 33.7177
21969 33.717
21970 33.7166
21971 33.7165
21972 33.7159
21973 33.7155
21974 33.715
21975 33.7144
21976 33.714
21977 33.7138
21978 33.714
21979 33.7146
21980 33.7154
21981 33.7166
21982 33.7182
21983 33.7196
21984 33.7213
21985 33.7233
21986 33.7254
21987 33.7279
21988 33.73
21989 33.7317
21990 33.7337
21991 33.7359
21992 33.7385
21993 33.7414
21994 33.7445
21995 33.7478
21996 33.7508
21997 33.7536
21998 33.7563
21999 33.7592
22000 33.7623
22001 33.766
22002 33.7691
22003 33.7718
22004 33.7743
22005 33.7766
22006 33.7786
22007 33.7807
22008 33.7827
22009 33.7844
22010 33.786
22011 33.7872
22012 33.7883
22013 33.7891
22014 33.7895
22015 33.7896
22016 33.7906
22017 33.7923
22018 33.7941
22019 33.7958
22020 33.7977
22021 33.7998
22022 33.8016
22023 33.8026
22024 33.8036
22025 33.8047
22026 33.8054
22027 33.8064
22028 33.8073
22029 33.8085
22030 33.8095
22031 33.8107
22032 33.812
22033 33.8135
22034 33.8147
22035 33.8157
22036 33.8159
22037 33.8159
22038 33.8157
22039 33.8154
22040 33.815
22041 33.8149
22042 33.8154
22043 33.8163
22044 33.8177
22045 33.819
22046 33.8204
22047 33.8216
22048 33.8231
22049 33.8237
22050 33.824
22051 33.8242
22052 33.8241
22053 33.8241
22054 33.8242
22055 33.8245
22056 33.8256
22057 33.827
22058 33.8285
22059 33.8304
22060 33.8318
22061 33.8324
22062 33.8326
22063 33.8323
22064 33.8317
22065 33.8313
22066 33.8313
22067 33.8322
22068 33.8332
22069 33.8351
22070 33.8379
22071 33.8404
22072 33.8428
22073 33.8449
22074 33.8466
22075 33.848
22076 33.8489
22077 33.8491
22078 33.8489
22079 33.849
22080 33.8493
22081 33.85
22082 33.8509
22083 33.852
22084 33.8539
22085 33.8563
22086 33.8584
22087 33.8602
22088 33.8613
22089 33.861
22090 33.8603
22091 33.8597
22092 33.8591
22093 33.8591
22094 33.8597
22095 33.8606
22096 33.8621
22097 33.864
22098 33.8654
22099 33.8662
22100 33.8666
22101 33.8667
22102 33.8669
22103 33.8663
22104 33.8653
22105 33.8643
22106 33.8634
22107 33.8628
22108 33.8628
22109 33.8632
22110 33.8639
22111 33.8645
22112 33.8649
22113 33.8654
22114 33.8661
22115 33.8665
22116 33.8669
22117 33.8673
22118 33.8672
22119 33.8664
22120 33.8657
22121 33.865
22122 33.8644
22123 33.8645
22124 33.8656
22125 33.8675
22126 33.8697
22127 33.8715
22128 33.8729
22129 33.8745
22130 33.8765
22131 33.8778
22132 33.8784
22133 33.8793
22134 33.8809
22135 33.8827
22136 33.8846
22137 33.8866
22138 33.8884
22139 33.8909
22140 33.8937
22141 33.8958
22142 33.8973
22143 33.8987
22144 33.9001
22145 33.9012
22146 33.9026
22147 33.9044
22148 33.9054
22149 33.9067
22150 33.9083
22151 33.9102
22152 33.9125
22153 33.9147
22154 33.9165
22155 33.9173
22156 33.9181
22157 33.9187
22158 33.9196
22159 33.9199
22160 33.9201
22161 33.9209
22162 33.9223
22163 33.9234
22164 33.9238
22165 33.9243
22166 33.9247
22167 33.9253
22168 33.9259
22169 33.9267
22170 33.9276
22171 33.9277
22172 33.928
22173 33.9283
22174 33.9288
22175 33.9291
22176 33.929
22177 33.9286
22178 33.9279
22179 33.9268
22180 33.9265
22181 33.9272
22182 33.9281
22183 33.9295
22184 33.9311
22185 33.9329
22186 33.9341
22187 33.9351
22188 33.936
22189 33.9374
22190 33.9385
22191 33.939
22192 33.9393
22193 33.939
22194 33.9391
22195 33.9394
22196 33.94
22197 33.9412
22198 33.9429
22199 33.9456
22200 33.9485
22201 33.9516
22202 33.9544
22203 33.9559
22204 33.9567
22205 33.957
22206 33.9575
22207 33.9579
22208 33.9587
22209 33.9602
22210 33.9617
22211 33.964
22212 33.9668
22213 33.9696
22214 33.9725
22215 33.975
22216 33.9771
22217 33.9787
22218 33.9798
22219 33.9809
22220 33.9824
22221 33.9839
22222 33.9851
22223 33.986
22224 33.9867
22225 33.9879
22226 33.9896
22227 33.9916
22228 33.9938
22229 33.9962
22230 33.9985
22231 34.0011
22232 34.0029
22233 34.0038
22234 34.0041
22235 34.004
22236 34.0038
22237 34.0035
22238 34.0036
22239 34.004
22240 34.0049
22241 34.0068
22242 34.0095
22243 34.013
22244 34.0169
22245 34.0206
22246 34.0227
22247 34.0239
22248 34.0242
22249 34.0246
22250 34.0253
22251 34.0266
22252 34.0281
22253 34.03
22254 34.0321
22255 34.0343
22256 34.0369
22257 34.0393
22258 34.0414
22259 34.043
22260 34.0444
22261 34.0457
22262 34.0467
22263 34.0476
22264 34.0482
22265 34.0486
22266 34.0483
22267 34.0482
22268 34.0489
22269 34.0501
22270 34.052
22271 34.0545
22272 34.057
22273 34.0588
22274 34.0596
22275 34.0596
22276 34.0587
22277 34.0572
22278 34.0554
22279 34.0538
22280 34.0528
22281 34.0532
22282 34.0554
22283 34.0591
22284 34.0631
22285 34.0663
22286 34.0687
22287 34.0698
22288 34.0696
22289 34.0687
22290 34.0674
22291 34.0662
22292 34.0658
22293 34.066
22294 34.0676
22295 34.0701
22296 34.0726
22297 34.0736
22298 34.0733
22299 34.0715
22300 34.0691
22301 34.0671
22302 34.0654
22303 34.0643
22304 34.0635
22305 34.0636
22306 34.0642
22307 34.0654
22308 34.0669
22309 34.0676
22310 34.0677
22311 34.0671
22312 34.0659
22313 34.0642
22314 34.0622
22315 34.0601
22316 34.0581
22317 34.0567
22318 34.0558
22319 34.0555
22320 34.0558
22321 34.0567
22322 34.0584
22323 34.0601
22324 34.0613
22325 34.062
22326 34.0617
22327 34.0613
22328 34.0604
22329 34.0596
22330 34.0585
22331 34.0574
22332 34.0567
22333 34.0562
22334 34.0558
22335 34.0557
22336 34.0554
22337 34.0558
22338 34.0565
22339 34.0572
22340 34.058
22341 34.0586
22342 34.0588
22343 34.0585
22344 34.0585
22345 34.0585
22346 34.0584
22347 34.0587
22348 34.059
22349 34.0601
22350 34.0612
22351 34.0619
22352 34.0626
22353 34.0639
22354 34.0654
22355 34.0663
22356 34.0672
22357 34.0675
22358 34.0686
22359 34.0699
22360 34.0724
22361 34.0755
22362 34.0788
22363 34.082
22364 34.0844
22365 34.0859
22366 34.0866
22367 34.0873
22368 34.0883
22369 34.0894
22370 34.0905
22371 34.0915
22372 34.0936
22373 34.0959
22374 34.099
22375 34.1017
22376 34.1041
22377 34.1053
22378 34.1055
22379 34.1055
22380 34.1057
22381 34.1066
22382 34.1079
22383 34.1099
22384 34.1122
22385 34.1148
22386 34.1178
22387 34.1208
22388 34.1237
22389 34.1264
22390 34.1287
22391 34.13
22392 34.1304
22393 34.1305
22394 34.1306
22395 34.1312
22396 34.1321
22397 34.1336
22398 34.1351
22399 34.137
22400 34.1392
22401 34.1416
22402 34.1434
22403 34.1443
22404 34.1434
22405 34.1419
22406 34.1398
22407 34.1376
22408 34.1359
22409 34.135
22410 34.1348
22411 34.1347
22412 34.1343
22413 34.1346
22414 34.1356
22415 34.1366
22416 34.1372
22417 34.1376
22418 34.1378
22419 34.138
22420 34.1381
22421 34.1383
22422 34.1385
22423 34.1392
22424 34.1404
22425 34.1417
22426 34.1426
22427 34.1432
22428 34.1432
22429 34.1423
22430 34.1409
22431 34.1399
22432 34.1392
22433 34.1391
22434 34.1389
22435 34.1392
22436 34.1398
22437 34.1413
22438 34.1432
22439 34.1452
22440 34.1468
22441 34.1473
22442 34.1477
22443 34.1483
22444 34.1487
22445 34.1492
22446 34.1499
22447 34.1505
22448 34.1519
22449 34.1539
22450 34.1572
22451 34.161
22452 34.1642
22453 34.1673
22454 34.1704
22455 34.1732
22456 34.1756
22457 34.1772
22458 34.1779
22459 34.1786
22460 34.1794
22461 34.1811
22462 34.1838
22463 34.1872
22464 34.1908
22465 34.1944
22466 34.1972
22467 34.1997
22468 34.2013
22469 34.2024
22470 34.203
22471 34.2035
22472 34.2042
22473 34.2048
22474 34.2058
22475 34.2074
22476 34.2097
22477 34.2121
22478 34.2139
22479 34.2155
22480 34.2159
22481 34.2164
22482 34.2168
22483 34.2167
22484 34.2166
22485 34.2167
22486 34.2175
22487 34.2188
22488 34.2203
22489 34.222
22490 34.2227
22491 34.2228
22492 34.2226
22493 34.2225
22494 34.2221
22495 34.2213
22496 34.2201
22497 34.2194
22498 34.2187
22499 34.2184
22500 34.218
22501 34.2179
22502 34.2183
22503 34.219
22504 34.2194
22505 34.2193
22506 34.2192
22507 34.2188
22508 34.2183
22509 34.2183
22510 34.219
22511 34.2199
22512 34.2207
22513 34.2206
22514 34.2203
22515 34.2197
22516 34.2198
22517 34.2201
22518 34.2208
22519 34.2218
22520 34.2232
22521 34.2254
22522 34.2277
22523 34.2296
22524 34.2311
22525 34.2325
22526 34.2343
22527 34.2371
22528 34.2409
22529 34.245
22530 34.2489
22531 34.2517
22532 34.254
22533 34.2561
22534 34.2584
22535 34.2605
22536 34.2624
22537 34.2646
22538 34.2663
22539 34.2672
22540 34.2679
22541 34.2686
22542 34.2699
22543 34.2722
22544 34.2745
22545 34.2767
22546 34.2792
22547 34.2819
22548 34.2843
22549 34.2862
22550 34.287
22551 34.2873
22552 34.2875
22553 34.2872
22554 34.2865
22555 34.2854
22556 34.2844
22557 34.2831
22558 34.2823
22559 34.281
22560 34.2804
22561 34.28
22562 34.2794
22563 34.2791
22564 34.279
22565 34.2781
22566 34.2778
22567 34.2776
22568 34.2778
22569 34.2776
22570 34.2767
22571 34.2749
22572 34.2731
22573 34.2715
22574 34.2693
22575 34.2674
22576 34.2663
22577 34.2655
22578 34.2651
22579 34.2645
22580 34.263
22581 34.2617
22582 34.261
22583 34.2613
22584 34.2626
22585 34.2647
22586 34.2671
22587 34.2694
22588 34.2714
22589 34.2738
22590 34.2759
22591 34.2779
22592 34.2797
22593 34.281
22594 34.2821
22595 34.2839
22596 34.2858
22597 34.288
22598 34.29
22599 34.2919
22600 34.2942
22601 34.2961
22602 34.2985
22603 34.3015
22604 34.305
22605 34.3088
22606 34.3122
22607 34.3152
22608 34.3175
22609 34.3187
22610 34.3196
22611 34.321
22612 34.3231
22613 34.3262
22614 34.3294
22615 34.3326
22616 34.3355
22617 34.3372
22618 34.3381
22619 34.3388
22620 34.3389
22621 34.3388
22622 34.3389
22623 34.3396
22624 34.3409
22625 34.3426
22626 34.3448
22627 34.3474
22628 34.3493
22629 34.3515
22630 34.354
22631 34.3562
22632 34.3581
22633 34.3587
22634 34.3576
22635 34.3558
22636 34.3541
22637 34.3523
22638 34.3514
22639 34.3513
22640 34.3519
22641 34.3537
22642 34.3563
22643 34.3578
22644 34.3584
22645 34.3585
22646 34.3582
22647 34.3577
22648 34.3566
22649 34.3547
22650 34.3531
22651 34.3519
22652 34.3512
22653 34.3519
22654 34.3534
22655 34.3545
22656 34.3552
22657 34.3553
22658 34.3552
22659 34.3551
22660 34.3551
22661 34.3542
22662 34.353
22663 34.352
22664 34.3512
22665 34.3508
22666 34.3509
22667 34.3514
22668 34.3522
22669 34.3525
22670 34.3527
22671 34.3527
22672 34.3528
22673 34.3536
22674 34.3547
22675 34.3551
22676 34.3558
22677 34.357
22678 34.3585
22679 34.36
22680 34.3614
22681 34.3626
22682 34.364
22683 34.3652
22684 34.3666
22685 34.3686
22686 34.3715
22687 34.375
22688 34.379
22689 34.3828
22690 34.3861
22691 34.3886
22692 34.3912
22693 34.3937
22694 34.3961
22695 34.3988
22696 34.402
22697 34.4051
22698 34.4085
22699 34.4126
22700 34.4172
22701 34.4222
22702 34.4271
22703 34.4313
22704 34.4347
22705 34.4371
22706 34.4392
22707 34.4418
22708 34.4455
22709 34.4501
22710 34.455
22711 34.4597
22712 34.4643
22713 34.4692
22714 34.4742
22715 34.479
22716 34.4834
22717 34.4871
22718 34.4899
22719 34.4923
22720 34.4942
22721 34.4954
22722 34.4965
22723 34.4979
22724 34.4996
22725 34.5016
22726 34.5038
22727 34.5055
22728 34.5068
22729 34.508
22730 34.5085
22731 34.5081
22732 34.5068
22733 34.5056
22734 34.5048
22735 34.5041
22736 34.5037
22737 34.5039
22738 34.5034
22739 34.503
22740 34.5025
22741 34.5019
22742 34.5009
22743 34.4995
22744 34.4982
22745 34.497
22746 34.4965
22747 34.4972
22748 34.4983
22749 34.4994
22750 34.4999
22751 34.4996
22752 34.4987
22753 34.4973
22754 34.4954
22755 34.4936
22756 34.4924
22757 34.4917
22758 34.4915
22759 34.4911
22760 34.4912
22761 34.4917
22762 34.4922
22763 34.4935
22764 34.4953
22765 34.4975
22766 34.4997
22767 34.5019
22768 34.5039
22769 34.5058
22770 34.5072
22771 34.5084
22772 34.5098
22773 34.5111
22774 34.5127
22775 34.5152
22776 34.5188
22777 34.5235
22778 34.5285
22779 34.5328
22780 34.5354
22781 34.5375
22782 34.5391
22783 34.5396
22784 34.5401
22785 34.5416
22786 34.5433
22787 34.5452
22788 34.5474
22789 34.5503
22790 34.5542
22791 34.5582
22792 34.5621
22793 34.5648
22794 34.5666
22795 34.5684
22796 34.5699
22797 34.5709
22798 34.5715
22799 34.5723
22800 34.5729
22801 34.5738
22802 34.5755
22803 34.5786
22804 34.582
22805 34.5851
22806 34.5875
22807 34.5892
22808 34.5906
22809 34.592
22810 34.5929
22811 34.5926
22812 34.5916
22813 34.5903
22814 34.5895
22815 34.5895
22816 34.5902
22817 34.5912
22818 34.5922
22819 34.5929
22820 34.5929
22821 34.5931
22822 34.5932
22823 34.5941
22824 34.5955
22825 34.5974
22826 34.5997
22827 34.6023
22828 34.6047
22829 34.6069
22830 34.6084
22831 34.6093
22832 34.6097
22833 34.6101
22834 34.6111
22835 34.6123
22836 34.6131
22837 34.6142
22838 34.6163
22839 34.619
22840 34.6221
22841 34.6249
22842 34.6268
22843 34.6277
22844 34.6274
22845 34.6272
22846 34.627
22847 34.6282
22848 34.6294
22849 34.6305
22850 34.6316
22851 34.6329
22852 34.6346
22853 34.6364
22854 34.6379
22855 34.6395
22856 34.6413
22857 34.6429
22858 34.6444
22859 34.6452
22860 34.6457
22861 34.6457
22862 34.6458
22863 34.6464
22864 34.6478
22865 34.6496
22866 34.6518
22867 34.654
22868 34.6563
22869 34.6571
22870 34.6564
22871 34.6553
22872 34.6542
22873 34.6539
22874 34.654
22875 34.6537
22876 34.6542
22877 34.6556
22878 34.6577
22879 34.6593
22880 34.6611
22881 34.6626
22882 34.6633
22883 34.6642
22884 34.6642
22885 34.6643
22886 34.6646
22887 34.6647
22888 34.6651
22889 34.6653
22890 34.6656
22891 34.6662
22892 34.6669
22893 34.6681
22894 34.67
22895 34.6725
22896 34.6748
22897 34.6766
22898 34.6783
22899 34.6798
22900 34.6804
22901 34.6804
22902 34.6795
22903 34.6788
22904 34.6782
22905 34.678
22906 34.6779
22907 34.6782
22908 34.6788
22909 34.6796
22910 34.6807
22911 34.6826
22912 34.6844
22913 34.6852
22914 34.686
22915 34.6874
22916 34.6886
22917 34.689
22918 34.6888
22919 34.6884
22920 34.6882
22921 34.6876
22922 34.6871
22923 34.6868
22924 34.6864
22925 34.686
22926 34.6856
22927 34.6859
22928 34.6862
22929 34.6861
22930 34.6861
22931 34.6863
22932 34.6859
22933 34.6855
22934 34.6848
22935 34.6832
22936 34.682
22937 34.6819
22938 34.6824
22939 34.6834
22940 34.6854
22941 34.6878
22942 34.6894
22943 34.6896
22944 34.6893
22945 34.6884
22946 34.6873
22947 34.6866
22948 34.6867
22949 34.6878
22950 34.6897
22951 34.6918
22952 34.6939
22953 34.6954
22954 34.6965
22955 34.6977
22956 34.6977
22957 34.6968
22958 34.6952
22959 34.693
22960 34.6901
22961 34.6881
22962 34.6874
22963 34.687
22964 34.6872
22965 34.6879
22966 34.6884
22967 34.6891
22968 34.69
22969 34.6908
22970 34.6909
22971 34.6893
22972 34.6867
22973 34.6836
22974 34.6801
22975 34.6771
22976 34.6754
22977 34.6753
22978 34.6759
22979 34.677
22980 34.6782
22981 34.6791
22982 34.6795
22983 34.6792
22984 34.6782
22985 34.6761
22986 34.6739
22987 34.6716
22988 34.6701
22989 34.6695
22990 34.6701
22991 34.6712
22992 34.6726
22993 34.674
22994 34.6755
22995 34.6769
22996 34.6789
22997 34.6809
22998 34.6826
22999 34.6833
23000 34.6841
23001 34.6854
23002 34.6874
23003 34.6898
23004 34.6924
23005 34.6951
23006 34.6972
23007 34.6999
23008 34.7035
23009 34.7077
23010 34.7116
23011 34.7155
23012 34.7194
23013 34.7234
23014 34.7267
23015 34.7293
23016 34.7318
23017 34.7344
23018 34.7373
23019 34.7406
23020 34.7447
23021 34.7496
23022 34.7544
23023 34.7591
23024 34.7634
23025 34.7673
23026 34.7702
23027 34.7722
23028 34.7738
23029 34.7749
23030 34.7762
23031 34.7778
23032 34.7797
23033 34.7822
23034 34.7852
23035 34.7882
23036 34.7908
23037 34.7922
23038 34.7925
23039 34.7923
23040 34.7918
23041 34.7911
23042 34.7905
23043 34.7902
23044 34.7898
23045 34.7901
23046 34.791
23047 34.7924
23048 34.7949
23049 34.7969
23050 34.7986
23051 34.8003
23052 34.8005
23053 34.7987
23054 34.7969
23055 34.7951
23056 34.7941
23057 34.7938
23058 34.7946
23059 34.7961
23060 34.7974
23061 34.7984
23062 34.7987
23063 34.7977
23064 34.7957
23065 34.793
23066 34.7896
23067 34.7858
23068 34.7824
23069 34.7798
23070 34.778
23071 34.7778
23072 34.7789
23073 34.7798
23074 34.78
23075 34.7803
23076 34.78
23077 34.7793
23078 34.7779
23079 34.7763
23080 34.7752
23081 34.7748
23082 34.775
23083 34.7759
23084 34.7777
23085 34.7799
23086 34.7823
23087 34.7847
23088 34.7861
23089 34.787
23090 34.7879
23091 34.7886
23092 34.7893
23093 34.7898
23094 34.7901
23095 34.7906
23096 34.7911
23097 34.7923
23098 34.7944
23099 34.7968
23100 34.7988
23101 34.8003
23102 34.8012
23103 34.8021
23104 34.8027
23105 34.8029
23106 34.8026
23107 34.8016
23108 34.8002
23109 34.7984
23110 34.7971
23111 34.7967
23112 34.797
23113 34.7986
23114 34.8011
23115 34.8039
23116 34.8064
23117 34.8086
23118 34.8104
23119 34.8111
23120 34.8107
23121 34.8098
23122 34.8083
23123 34.8065
23124 34.8045
23125 34.803
23126 34.8023
23127 34.8023
23128 34.803
23129 34.8041
23130 34.8054
23131 34.8064
23132 34.8069
23133 34.8068
23134 34.8059
23135 34.8049
23136 34.8034
23137 34.8021
23138 34.8006
23139 34.7996
23140 34.7992
23141 34.7991
23142 34.799
23143 34.7998
23144 34.8008
23145 34.8018
23146 34.8023
23147 34.8029
23148 34.8037
23149 34.8043
23150 34.8047
23151 34.8052
23152 34.8061
23153 34.8074
23154 34.8096
23155 34.8129
23156 34.8167
23157 34.8206
23158 34.8235
23159 34.8258
23160 34.828
23161 34.8299
23162 34.832
23163 34.8343
23164 34.8369
23165 34.839
23166 34.8409
23167 34.8424
23168 34.8436
23169 34.8452
23170 34.8473
23171 34.8492
23172 34.8507
23173 34.8527
23174 34.8545
23175 34.8562
23176 34.8577
23177 34.8584
23178 34.8592
23179 34.8604
23180 34.8613
23181 34.8622
23182 34.8627
23183 34.8628
23184 34.8627
23185 34.8625
23186 34.8621
23187 34.8616
23188 34.8615
23189 34.8614
23190 34.8617
23191 34.8622
23192 34.8628
23193 34.8628
23194 34.8615
23195 34.8596
23196 34.8575
23197 34.8563
23198 34.8555
23199 34.8547
23200 34.8536
23201 34.8528
23202 34.8521
23203 34.8511
23204 34.8503
23205 34.8499
23206 34.8496
23207 34.8497
23208 34.85
23209 34.85
23210 34.8499
23211 34.8494
23212 34.8498
23213 34.8504
23214 34.8511
23215 34.852
23216 34.8529
23217 34.8538
23218 34.8543
23219 34.8545
23220 34.8545
23221 34.8545
23222 34.8542
23223 34.8541
23224 34.854
23225 34.8544
23226 34.8555
23227 34.8568
23228 34.8576
23229 34.8585
23230 34.8592
23231 34.8593
23232 34.8597
23233 34.8605
23234 34.8618
23235 34.8627
23236 34.8633
23237 34.8636
23238 34.8642
23239 34.8649
23240 34.8664
23241 34.8688
23242 34.8718
23243 34.875
23244 34.8784
23245 34.8816
23246 34.8839
23247 34.8859
23248 34.8875
23249 34.8892
23250 34.891
23251 34.8935
23252 34.8963
23253 34.8997
23254 34.9032
23255 34.9066
23256 34.91
23257 34.9134
23258 34.9171
23259 34.9214
23260 34.9258
23261 34.9295
23262 34.9332
23263 34.9362
23264 34.9387
23265 34.9413
23266 34.9435
23267 34.9462
23268 34.9491
23269 34.9523
23270 34.956
23271 34.96
23272 34.9639
23273 34.968
23274 34.9708
23275 34.9722
23276 34.973
23277 34.9725
23278 34.9711
23279 34.9694
23280 34.968
23281 34.9665
23282 34.9651
23283 34.9642
23284 34.9637
23285 34.9632
23286 34.963
23287 34.9631
23288 34.9632
23289 34.9632
23290 34.9628
23291 34.9618
23292 34.9598
23293 34.9575
23294 34.9555
23295 34.9543
23296 34.9536
23297 34.9539
23298 34.9551
23299 34.9568
23300 34.9577
23301 34.9584
23302 34.9587
23303 34.9577
23304 34.9568
23305 34.9557
23306 34.9542
23307 34.9532
23308 34.9524
23309 34.9531
23310 34.955
23311 34.9572
23312 34.9597
23313 34.9616
23314 34.963
23315 34.9639
23316 34.9644
23317 34.9642
23318 34.9632
23319 34.9617
23320 34.9605
23321 34.9598
23322 34.9599
23323 34.9607
23324 34.9627
23325 34.9657
23326 34.9689
23327 34.9719
23328 34.9748
23329 34.9774
23330 34.9787
23331 34.9792
23332 34.9793
23333 34.9794
23334 34.9801
23335 34.982
23336 34.9847
23337 34.9879
23338 34.9913
23339 34.9937
23340 34.9958
23341 34.9978
23342 34.9999
23343 35.0027
23344 35.0057
23345 35.009
23346 35.0124
23347 35.0159
23348 35.019
23349 35.0212
23350 35.0231
23351 35.0253
23352 35.0278
23353 35.0296
23354 35.0314
23355 35.0335
23356 35.036
23357 35.0387
23358 35.0411
23359 35.0433
23360 35.0455
23361 35.0471
23362 35.0481
23363 35.0492
23364 35.0502
23365 35.0515
23366 35.0531
23367 35.0537
23368 35.0541
23369 35.0548
23370 35.0557
23371 35.0567
23372 35.0575
23373 35.058
23374 35.0581
23375 35.0581
23376 35.0586
23377 35.0594
23378 35.0603
23379 35.0608
23380 35.0611
23381 35.0613
23382 35.0609
23383 35.0601
23384 35.0588
23385 35.0583
23386 35.0583
23387 35.0582
23388 35.057
23389 35.0549
23390 35.0525
23391 35.0504
23392 35.0486
23393 35.0468
23394 35.0452
23395 35.0439
23396 35.0425
23397 35.0407
23398 35.0391
23399 35.037
23400 35.0345
23401 35.0321
23402 35.0302
23403 35.0282
23404 35.0263
23405 35.0248
23406 35.0236
23407 35.0228
23408 35.0216
23409 35.0208
23410 35.0209
23411 35.0212
23412 35.0221
23413 35.0233
23414 35.0247
23415 35.0261
23416 35.0273
23417 35.0286
23418 35.0304
23419 35.0322
23420 35.0342
23421 35.0361
23422 35.0381
23423 35.0403
23424 35.0427
23425 35.0448
23426 35.0474
23427 35.0508
23428 35.0549
23429 35.0596
23430 35.0643
23431 35.0689
23432 35.0738
23433 35.0779
23434 35.0813
23435 35.0839
23436 35.0864
23437 35.0892
23438 35.0924
23439 35.0961
23440 35.1002
23441 35.1045
23442 35.1081
23443 35.1112
23444 35.1141
23445 35.1166
23446 35.1186
23447 35.1202
23448 35.1218
23449 35.1228
23450 35.1241
23451 35.1256
23452 35.1277
23453 35.1304
23454 35.1329
23455 35.1353
23456 35.1374
23457 35.1387
23458 35.1394
23459 35.1401
23460 35.1406
23461 35.1399
23462 35.1391
23463 35.1384
23464 35.1378
23465 35.137
23466 35.1361
23467 35.1353
23468 35.1346
23469 35.1342
23470 35.134
23471 35.1332
23472 35.1322
23473 35.1311
23474 35.1298
23475 35.1286
23476 35.1274
23477 35.1266
23478 35.126
23479 35.1249
23480 35.1236
23481 35.1219
23482 35.121
23483 35.1205
23484 35.12
23485 35.1192
23486 35.1191
23487 35.1194
23488 35.1204
23489 35.1228
23490 35.1249
23491 35.1268
23492 35.1287
23493 35.1309
23494 35.1326
23495 35.1338
23496 35.1342
23497 35.1349
23498 35.1361
23499 35.1375
23500 35.1393
23501 35.1413
23502 35.143
23503 35.1445
23504 35.1464
23505 35.1486
23506 35.1515
23507 35.1539
23508 35.1558
23509 35.1575
23510 35.159
23511 35.1611
23512 35.1637
23513 35.1664
23514 35.1695
23515 35.1731
23516 35.1773
23517 35.1814
23518 35.1846
23519 35.1874
23520 35.1908
23521 35.194
23522 35.1974
23523 35.2002
23524 35.2025
23525 35.2042
23526 35.206
23527 35.2083
23528 35.2109
23529 35.2134
23530 35.2159
23531 35.2181
23532 35.2202
23533 35.2221
23534 35.2236
23535 35.2258
23536 35.2284
23537 35.2314
23538 35.234
23539 35.2353
23540 35.236
23541 35.237
23542 35.2373
23543 35.2369
23544 35.2362
23545 35.2353
23546 35.2336
23547 35.232
23548 35.2307
23549 35.2299
23550 35.2294
23551 35.2296
23552 35.2304
23553 35.2313
23554 35.2317
23555 35.2323
23556 35.2326
23557 35.2318
23558 35.2295
23559 35.2263
23560 35.2225
23561 35.2187
23562 35.2156
23563 35.213
23564 35.2102
23565 35.208
23566 35.2067
23567 35.2061
23568 35.2059
23569 35.2054
23570 35.2044
23571 35.2023
23572 35.1998
23573 35.1973
23574 35.1948
23575 35.1919
23576 35.1888
23577 35.1862
23578 35.1848
23579 35.1851
23580 35.1864
23581 35.188
23582 35.1898
23583 35.1911
23584 35.1921
23585 35.1928
23586 35.1935
23587 35.1937
23588 35.1944
23589 35.1949
23590 35.1958
23591 35.1968
23592 35.1984
23593 35.2009
23594 35.204
23595 35.2071
23596 35.2096
23597 35.2108
23598 35.2117
23599 35.2129
23600 35.2151
23601 35.218
23602 35.2215
23603 35.2261
23604 35.2313
23605 35.237
23606 35.2433
23607 35.2496
23608 35.2551
23609 35.2604
23610 35.265
23611 35.2687
23612 35.2721
23613 35.2741
23614 35.2761
23615 35.2787
23616 35.2819
23617 35.2851
23618 35.2891
23619 35.2936
23620 35.2985
23621 35.3032
23622 35.307
23623 35.3094
23624 35.3101
23625 35.3093
23626 35.308
23627 35.3076
23628 35.3089
23629 35.3117
23630 35.3149
23631 35.3183
23632 35.321
23633 35.3227
23634 35.3235
23635 35.3231
23636 35.3204
23637 35.3166
23638 35.3131
23639 35.3102
23640 35.3072
23641 35.3054
23642 35.3051
23643 35.3053
23644 35.306
23645 35.3074
23646 35.3084
23647 35.3088
23648 35.3088
23649 35.308
23650 35.3072
23651 35.3059
23652 35.3051
23653 35.3037
23654 35.3025
23655 35.3005
23656 35.2983
23657 35.2968
23658 35.2953
23659 35.2932
23660 35.2913
23661 35.2892
23662 35.2877
23663 35.2868
23664 35.2858
23665 35.2849
23666 35.2848
23667 35.2842
23668 35.2828
23669 35.282
23670 35.2822
23671 35.2832
23672 35.2851
23673 35.2878
23674 35.2905
23675 35.2932
23676 35.2964
23677 35.2992
23678 35.3015
23679 35.3036
23680 35.3052
23681 35.3068
23682 35.3077
23683 35.3086
23684 35.3099
23685 35.3114
23686 35.3137
23687 35.3165
23688 35.3189
23689 35.3205
23690 35.3228
23691 35.325
23692 35.3269
23693 35.3286
23694 35.3301
23695 35.3315
23696 35.333
23697 35.334
23698 35.3352
23699 35.3371
23700 35.3397
23701 35.3426
23702 35.3461
23703 35.3494
23704 35.3526
23705 35.3554
23706 35.3579
23707 35.3605
23708 35.3634
23709 35.3662
23710 35.3691
23711 35.3714
23712 35.3733
23713 35.3751
23714 35.3776
23715 35.3803
23716 35.3825
23717 35.3848
23718 35.387
23719 35.3882
23720 35.3895
23721 35.3906
23722 35.3919
23723 35.3936
23724 35.3959
23725 35.3987
23726 35.4015
23727 35.4046
23728 35.407
23729 35.4081
23730 35.4082
23731 35.4076
23732 35.4065
23733 35.4057
23734 35.4051
23735 35.4049
23736 35.4051
23737 35.4052
23738 35.405
23739 35.4049
23740 35.4048
23741 35.4053
23742 35.4058
23743 35.4059
23744 35.4059
23745 35.4061
23746 35.4069
23747 35.408
23748 35.4091
23749 35.4099
23750 35.4108
23751 35.4117
23752 35.4134
23753 35.4155
23754 35.4176
23755 35.4198
23756 35.421
23757 35.4219
23758 35.4232
23759 35.4247
23760 35.4267
23761 35.4294
23762 35.4323
23763 35.4352
23764 35.4376
23765 35.4394
23766 35.4415
23767 35.4429
23768 35.4439
23769 35.4452
23770 35.447
23771 35.4495
23772 35.4528
23773 35.4558
23774 35.4585
23775 35.4609
23776 35.4633
23777 35.4655
23778 35.467
23779 35.468
23780 35.4689
23781 35.4699
23782 35.4705
23783 35.4719
23784 35.4739
23785 35.4766
23786 35.4795
23787 35.4826
23788 35.4855
23789 35.4883
23790 35.4903
23791 35.492
23792 35.4937
23793 35.495
23794 35.4968
23795 35.4986
23796 35.4992
23797 35.4994
23798 35.5001
23799 35.501
23800 35.5024
23801 35.5034
23802 35.5037
23803 35.5037
23804 35.504
23805 35.5045
23806 35.5055
23807 35.5072
23808 35.5094
23809 35.5121
23810 35.5146
23811 35.5156
23812 35.5153
23813 35.5142
23814 35.5136
23815 35.5131
23816 35.5138
23817 35.5151
23818 35.5171
23819 35.5198
23820 35.522
23821 35.5236
23822 35.5253
23823 35.5268
23824 35.5285
23825 35.5297
23826 35.5305
23827 35.5316
23828 35.5334
23829 35.5352
23830 35.5371
23831 35.5389
23832 35.5404
23833 35.5415
23834 35.5426
23835 35.5443
23836 35.5463
23837 35.5482
23838 35.5501
23839 35.5522
23840 35.5541
23841 35.555
23842 35.5559
23843 35.5572
23844 35.5588
23845 35.5605
23846 35.563
23847 35.5655
23848 35.5679
23849 35.5703
23850 35.5719
23851 35.5729
23852 35.5739
23853 35.5755
23854 35.5779
23855 35.58
23856 35.5812
23857 35.5828
23858 35.5854
23859 35.5887
23860 35.5927
23861 35.5961
23862 35.5993
23863 35.6021
23864 35.6053
23865 35.6082
23866 35.6108
23867 35.6134
23868 35.6163
23869 35.6194
23870 35.6228
23871 35.6267
23872 35.6306
23873 35.6345
23874 35.6385
23875 35.6412
23876 35.6431
23877 35.6444
23878 35.6445
23879 35.6454
23880 35.6471
23881 35.6493
23882 35.6521
23883 35.6541
23884 35.6549
23885 35.6551
23886 35.6549
23887 35.6542
23888 35.6543
23889 35.6542
23890 35.6544
23891 35.6551
23892 35.6561
23893 35.6571
23894 35.6571
23895 35.6566
23896 35.6561
23897 35.6551
23898 35.6545
23899 35.6537
23900 35.6532
23901 35.653
23902 35.6527
23903 35.6515
23904 35.6502
23905 35.6497
23906 35.6497
23907 35.6499
23908 35.6504
23909 35.6508
23910 35.6515
23911 35.6523
23912 35.6539
23913 35.6556
23914 35.6573
23915 35.6596
23916 35.6612
23917 35.662
23918 35.6622
23919 35.6624
23920 35.6629
23921 35.6643
23922 35.6667
23923 35.67
23924 35.6751
23925 35.6812
23926 35.6874
23927 35.6923
23928 35.696
23929 35.6992
23930 35.7016
23931 35.7031
23932 35.7048
23933 35.7074
23934 35.7111
23935 35.7154
23936 35.7195
23937 35.7241
23938 35.7286
23939 35.7326
23940 35.7357
23941 35.7384
23942 35.7408
23943 35.7433
23944 35.7461
23945 35.7488
23946 35.7519
23947 35.7549
23948 35.7581
23949 35.7613
23950 35.7649
23951 35.769
23952 35.7733
23953 35.7776
23954 35.7815
23955 35.7845
23956 35.7863
23957 35.7868
23958 35.7866
23959 35.7868
23960 35.7874
23961 35.7889
23962 35.7911
23963 35.794
23964 35.7978
23965 35.8017
23966 35.8047
23967 35.8058
23968 35.8058
23969 35.8052
23970 35.8043
23971 35.8036
23972 35.8032
23973 35.8022
23974 35.801
23975 35.8002
23976 35.7996
23977 35.7997
23978 35.8008
23979 35.8015
23980 35.802
23981 35.8023
23982 35.8028
23983 35.8032
23984 35.8033
23985 35.8034
23986 35.8033
23987 35.8022
23988 35.8013
23989 35.8012
23990 35.8011
23991 35.8013
23992 35.8017
23993 35.8023
23994 35.8038
23995 35.8059
23996 35.8086
23997 35.811
23998 35.8122
23999 35.8124
24000 35.8122
24001 35.8128
24002 35.8138
24003 35.8154
24004 35.8168
24005 35.8186
24006 35.8203
24007 35.8228
24008 35.8258
24009 35.8287
24010 35.8316
24011 35.8346
24012 35.8385
24013 35.8428
24014 35.8482
24015 35.8537
24016 35.8595
24017 35.8641
24018 35.8671
24019 35.8687
24020 35.8689
24021 35.8687
24022 35.8701
24023 35.873
24024 35.877
24025 35.882
24026 35.8874
24027 35.8927
24028 35.8976
24029 35.9013
24030 35.9036
24031 35.9056
24032 35.9077
24033 35.9094
24034 35.9109
24035 35.9128
24036 35.9152
24037 35.9175
24038 35.9199
24039 35.9224
24040 35.925
24041 35.9275
24042 35.9298
24043 35.9318
24044 35.9342
24045 35.9371
24046 35.9394
24047 35.9414
24048 35.9432
24049 35.9445
24050 35.9449
24051 35.9451
24052 35.9448
24053 35.9445
24054 35.944
24055 35.9438
24056 35.9434
24057 35.9431
24058 35.9428
24059 35.9428
24060 35.9432
24061 35.9434
24062 35.9441
24063 35.9441
24064 35.9441
24065 35.9447
24066 35.9449
24067 35.9453
24068 35.9462
24069 35.9478
24070 35.9497
24071 35.951
24072 35.9521
24073 35.9525
24074 35.9532
24075 35.9534
24076 35.9543
24077 35.9555
24078 35.9576
24079 35.9604
24080 35.9632
24081 35.9665
24082 35.9697
24083 35.9715
24084 35.9722
24085 35.9718
24086 35.9716
24087 35.9719
24088 35.9727
24089 35.9749
24090 35.9779
24091 35.9817
24092 35.9863
24093 35.9902
24094 35.9932
24095 35.9947
24096 35.9955
24097 35.9958
24098 35.9964
24099 35.9968
24100 35.9986
24101 36.0022
24102 36.007
24103 36.0122
24104 36.0172
24105 36.0211
24106 36.0233
24107 36.024
24108 36.024
24109 36.0239
24110 36.0236
24111 36.0242
24112 36.0256
24113 36.0277
24114 36.0302
24115 36.0333
24116 36.0364
24117 36.0384
24118 36.0392
24119 36.0397
24120 36.0397
24121 36.0389
24122 36.0381
24123 36.0383
24124 36.0396
24125 36.0418
24126 36.0442
24127 36.047
24128 36.0495
24129 36.0516
24130 36.0532
24131 36.0543
24132 36.0551
24133 36.0563
24134 36.0571
24135 36.0582
24136 36.0597
24137 36.0617
24138 36.0641
24139 36.0659
24140 36.0675
24141 36.0687
24142 36.0701
24143 36.0715
24144 36.0729
24145 36.0744
24146 36.0762
24147 36.0782
24148 36.0795
24149 36.0809
24150 36.0827
24151 36.0852
24152 36.0878
24153 36.0901
24154 36.0914
24155 36.0924
24156 36.0936
24157 36.0954
24158 36.0978
24159 36.0996
24160 36.1018
24161 36.1035
24162 36.1057
24163 36.1085
24164 36.1114
24165 36.1142
24166 36.1173
24167 36.1205
24168 36.1235
24169 36.1261
24170 36.1288
24171 36.1308
24172 36.133
24173 36.1354
24174 36.1378
24175 36.1412
24176 36.1455
24177 36.1504
24178 36.1554
24179 36.16
24180 36.1643
24181 36.1683
24182 36.1722
24183 36.1756
24184 36.1786
24185 36.1812
24186 36.184
24187 36.1869
24188 36.1903
24189 36.1939
24190 36.1979
24191 36.2028
24192 36.2073
24193 36.2115
24194 36.2158
24195 36.2197
24196 36.2234
24197 36.2256
24198 36.2274
24199 36.2295
24200 36.2319
24201 36.2339
24202 36.2355
24203 36.2362
24204 36.2364
24205 36.2369
24206 36.2382
24207 36.2405
24208 36.2429
24209 36.2457
24210 36.2491
24211 36.2526
24212 36.2552
24213 36.2572
24214 36.2588
24215 36.2597
24216 36.2594
24217 36.2585
24218 36.2574
24219 36.2566
24220 36.2569
24221 36.2584
24222 36.2614
24223 36.2644
24224 36.2664
24225 36.2663
24226 36.2644
24227 36.2612
24228 36.258
24229 36.2556
24230 36.2532
24231 36.2512
24232 36.2506
24233 36.2511
24234 36.2534
24235 36.257
24236 36.2605
24237 36.2635
24238 36.2661
24239 36.2678
24240 36.2684
24241 36.2683
24242 36.2674
24243 36.2665
24244 36.2659
24245 36.2659
24246 36.2674
24247 36.2707
24248 36.2748
24249 36.2792
24250 36.2826
24251 36.2845
24252 36.2847
24253 36.2845
24254 36.2836
24255 36.2829
24256 36.2826
24257 36.2831
24258 36.2845
24259 36.2867
24260 36.2888
24261 36.2907
24262 36.2929
24263 36.2943
24264 36.2946
24265 36.2938
24266 36.2931
24267 36.2926
24268 36.2932
24269 36.2945
24270 36.2958
24271 36.2976
24272 36.2993
24273 36.301
24274 36.3025
24275 36.3032
24276 36.3034
24277 36.3041
24278 36.3052
24279 36.3065
24280 36.308
24281 36.3092
24282 36.3101
24283 36.3111
24284 36.3127
24285 36.3149
24286 36.3181
24287 36.3217
24288 36.3263
24289 36.3306
24290 36.3355
24291 36.3399
24292 36.3432
24293 36.3459
24294 36.3484
24295 36.3515
24296 36.3553
24297 36.3594
24298 36.3639
24299 36.3682
24300 36.3732
24301 36.3788
24302 36.384
24303 36.3883
24304 36.392
24305 36.3953
24306 36.399
24307 36.4029
24308 36.4066
24309 36.4098
24310 36.4125
24311 36.4151
24312 36.4175
24313 36.4209
24314 36.4242
24315 36.4271
24316 36.4295
24317 36.4312
24318 36.4323
24319 36.4324
24320 36.4323
24321 36.4323
24322 36.4325
24323 36.4325
24324 36.4314
24325 36.4293
24326 36.4274
24327 36.4255
24328 36.4238
24329 36.4223
24330 36.4205
24331 36.4184
24332 36.4161
24333 36.4136
24334 36.4122
24335 36.4111
24336 36.4104
24337 36.4093
24338 36.4071
24339 36.4045
24340 36.4015
24341 36.3984
24342 36.3952
24343 36.3917
24344 36.3879
24345 36.3847
24346 36.3822
24347 36.3801
24348 36.3783
24349 36.3765
24350 36.3756
24351 36.375
24352 36.3739
24353 36.3719
24354 36.3695
24355 36.3673
24356 36.3654
24357 36.3632
24358 36.3611
24359 36.3597
24360 36.3594
24361 36.3596
24362 36.361
24363 36.3633
24364 36.3663
24365 36.3689
24366 36.3712
24367 36.3728
24368 36.3735
24369 36.3742
24370 36.3759
24371 36.3786
24372 36.3817
24373 36.3856
24374 36.3899
24375 36.3943
24376 36.3994
24377 36.4049
24378 36.4107
24379 36.4164
24380 36.4216
24381 36.4253
24382 36.4285
24383 36.4311
24384 36.4332
24385 36.4354
24386 36.4377
24387 36.4402
24388 36.4434
24389 36.4475
24390 36.4526
24391 36.458
24392 36.4632
24393 36.4682
24394 36.4728
24395 36.4768
24396 36.4811
24397 36.4853
24398 36.4896
24399 36.4938
24400 36.4984
24401 36.5037
24402 36.5092
24403 36.5148
24404 36.5207
24405 36.526
24406 36.5309
24407 36.535
24408 36.5378
24409 36.5396
24410 36.5416
24411 36.5444
24412 36.5477
24413 36.5511
24414 36.5547
24415 36.5579
24416 36.5602
24417 36.5621
24418 36.5633
24419 36.5636
24420 36.5635
24421 36.5629
24422 36.5624
24423 36.5623
24424 36.5628
24425 36.5634
24426 36.5638
24427 36.5634
24428 36.5629
24429 36.563
24430 36.563
24431 36.5631
24432 36.5629
24433 36.5618
24434 36.5603
24435 36.5582
24436 36.5549
24437 36.5515
24438 36.5478
24439 36.544
24440 36.5413
24441 36.5395
24442 36.5379
24443 36.5357
24444 36.5338
24445 36.5321
24446 36.5304
24447 36.5284
24448 36.5263
24449 36.5233
24450 36.5209
24451 36.5191
24452 36.5182
24453 36.5179
24454 36.5173
24455 36.517
24456 36.5165
24457 36.5157
24458 36.5143
24459 36.5136
24460 36.5138
24461 36.5146
24462 36.5161
24463 36.5175
24464 36.5188
24465 36.5201
24466 36.5222
24467 36.5251
24468 36.5287
24469 36.5328
24470 36.5368
24471 36.5401
24472 36.5435
24473 36.5477
24474 36.553
24475 36.5587
24476 36.5645
24477 36.5704
24478 36.576
24479 36.5812
24480 36.5872
24481 36.5937
24482 36.6006
24483 36.6071
24484 36.6132
24485 36.6193
24486 36.6251
24487 36.6304
24488 36.6355
24489 36.6408
24490 36.6473
24491 36.6548
24492 36.6629
24493 36.6712
24494 36.6797
24495 36.6876
24496 36.6936
24497 36.6987
24498 36.7033
24499 36.7079
24500 36.7122
24501 36.7165
24502 36.72
24503 36.7234
24504 36.7272
24505 36.7304
24506 36.7334
24507 36.736
24508 36.7379
24509 36.7393
24510 36.7407
24511 36.7417
24512 36.7418
24513 36.742
24514 36.7423
24515 36.7424
24516 36.7427
24517 36.7427
24518 36.7422
24519 36.7412
24520 36.74
24521 36.7379
24522 36.7349
24523 36.7316
24524 36.729
24525 36.7262
24526 36.724
24527 36.7227
24528 36.7224
24529 36.7229
24530 36.7236
24531 36.7237
24532 36.7225
24533 36.7207
24534 36.7179
24535 36.7152
24536 36.7129
24537 36.711
24538 36.7097
24539 36.7082
24540 36.7079
24541 36.709
24542 36.7104
24543 36.7116
24544 36.7117
24545 36.712
24546 36.7121
24547 36.7113
24548 36.7096
24549 36.7078
24550 36.7067
24551 36.7056
24552 36.7051
24553 36.7059
24554 36.707
24555 36.7086
24556 36.7106
24557 36.713
24558 36.7158
24559 36.7181
24560 36.7198
24561 36.7211
24562 36.7225
24563 36.7239
24564 36.7258
24565 36.7279
24566 36.7305
24567 36.7336
24568 36.7374
24569 36.7415
24570 36.7456
24571 36.7496
24572 36.7538
24573 36.7576
24574 36.761
24575 36.7643
24576 36.7677
24577 36.7714
24578 36.7754
24579 36.7799
24580 36.7848
24581 36.7904
24582 36.7967
24583 36.8034
24584 36.8098
24585 36.8159
24586 36.8211
24587 36.826
24588 36.8304
24589 36.8333
24590 36.8356
24591 36.8368
24592 36.8369
24593 36.8367
24594 36.8373
24595 36.8398
24596 36.8428
24597 36.8453
24598 36.847
24599 36.8483
24600 36.849
24601 36.8496
24602 36.8496
24603 36.8495
24604 36.8497
24605 36.8499
24606 36.8506
24607 36.8514
24608 36.8524
24609 36.8532
24610 36.8536
24611 36.8536
24612 36.8532
24613 36.8527
24614 36.8527
24615 36.8528
24616 36.8531
24617 36.8527
24618 36.8512
24619 36.8501
24620 36.8494
24621 36.8497
24622 36.8512
24623 36.8525
24624 36.8533
24625 36.8538
24626 36.8543
24627 36.8555
24628 36.8562
24629 36.8562
24630 36.8554
24631 36.8541
24632 36.8528
24633 36.8517
24634 36.8507
24635 36.8496
24636 36.8492
24637 36.849
24638 36.849
24639 36.8491
24640 36.8491
24641 36.8488
24642 36.8479
24643 36.8472
24644 36.8475
24645 36.8481
24646 36.8491
24647 36.8495
24648 36.8501
24649 36.8504
24650 36.8513
24651 36.8519
24652 36.852
24653 36.8513
24654 36.851
24655 36.8507
24656 36.8505
24657 36.8498
24658 36.8499
24659 36.8512
24660 36.8535
24661 36.8567
24662 36.8608
24663 36.8652
24664 36.8689
24665 36.8716
24666 36.8727
24667 36.873
24668 36.873
24669 36.8731
24670 36.8739
24671 36.8748
24672 36.8761
24673 36.8792
24674 36.8841
24675 36.8899
24676 36.896
24677 36.9004
24678 36.9026
24679 36.9035
24680 36.9034
24681 36.9026
24682 36.9016
24683 36.9014
24684 36.9023
24685 36.9041
24686 36.9074
24687 36.9124
24688 36.9187
24689 36.9255
24690 36.9319
24691 36.9366
24692 36.9383
24693 36.9392
24694 36.9397
24695 36.9396
24696 36.9391
24697 36.9393
24698 36.9406
24699 36.9435
24700 36.9479
24701 36.9532
24702 36.9582
24703 36.9631
24704 36.9668
24705 36.9695
24706 36.9714
24707 36.9727
24708 36.9725
24709 36.973
24710 36.9741
24711 36.9758
24712 36.9779
24713 36.9808
24714 36.9842
24715 36.9874
24716 36.9901
24717 36.9932
24718 36.9961
24719 36.9981
24720 36.9998
24721 37
24722 36.9988
24723 36.9964
24724 36.9941
24725 36.9924
24726 36.9918
24727 36.9917
24728 36.9929
24729 36.9946
24730 36.9962
24731 36.997
24732 36.9966
24733 36.9957
24734 36.995
24735 36.9945
24736 36.994
24737 36.993
24738 36.9906
24739 36.9873
24740 36.9843
24741 36.9821
24742 36.9801
24743 36.9775
24744 36.9754
24745 36.9745
24746 36.974
24747 36.9731
24748 36.9719
24749 36.9705
24750 36.9694
24751 36.9682
24752 36.9663
24753 36.965
24754 36.964
24755 36.9631
24756 36.9628
24757 36.9638
24758 36.9654
24759 36.9671
24760 36.9695
24761 36.9711
24762 36.9729
24763 36.9748
24764 36.9765
24765 36.9779
24766 36.9796
24767 36.9825
24768 36.9853
24769 36.988
24770 36.991
24771 36.994
24772 36.9982
24773 37.0036
24774 37.0095
24775 37.0153
24776 37.0206
24777 37.0261
24778 37.0311
24779 37.0361
24780 37.0418
24781 37.0464
24782 37.0503
24783 37.0537
24784 37.0564
24785 37.0589
24786 37.0619
24787 37.0658
24788 37.0705
24789 37.0751
24790 37.0791
24791 37.0835
24792 37.0882
24793 37.0928
24794 37.0972
24795 37.1011
24796 37.1039
24797 37.1065
24798 37.1091
24799 37.1116
24800 37.1142
24801 37.1182
24802 37.1229
24803 37.1277
24804 37.1326
24805 37.1374
24806 37.1407
24807 37.1431
24808 37.1444
24809 37.1445
24810 37.1443
24811 37.1443
24812 37.1445
24813 37.1448
24814 37.1458
24815 37.1478
24816 37.1498
24817 37.1518
24818 37.1531
24819 37.1544
24820 37.1549
24821 37.1551
24822 37.1555
24823 37.1573
24824 37.159
24825 37.1601
24826 37.1602
24827 37.16
24828 37.1596
24829 37.1592
24830 37.1591
24831 37.1596
24832 37.1605
24833 37.1614
24834 37.1631
24835 37.165
24836 37.167
24837 37.1684
24838 37.1692
24839 37.1695
24840 37.1697
24841 37.1699
24842 37.1711
24843 37.1734
24844 37.1761
24845 37.1798
24846 37.1834
24847 37.187
24848 37.1898
24849 37.1919
24850 37.1936
24851 37.1948
24852 37.1963
24853 37.1982
24854 37.2005
24855 37.2026
24856 37.2048
24857 37.207
24858 37.2087
24859 37.21
24860 37.2111
24861 37.212
24862 37.2128
24863 37.2137
24864 37.2156
24865 37.2179
24866 37.2208
24867 37.2237
24868 37.2257
24869 37.2277
24870 37.2295
24871 37.2316
24872 37.2339
24873 37.2367
24874 37.2398
24875 37.2432
24876 37.2463
24877 37.2485
24878 37.2499
24879 37.2514
24880 37.2528
24881 37.2541
24882 37.2563
24883 37.2591
24884 37.2616
24885 37.2645
24886 37.2673
24887 37.2693
24888 37.2702
24889 37.2703
24890 37.2704
24891 37.2698
24892 37.2685
24893 37.2673
24894 37.2666
24895 37.267
24896 37.2682
24897 37.2707
24898 37.2733
24899 37.2754
24900 37.2763
24901 37.2763
24902 37.2757
24903 37.2747
24904 37.2742
24905 37.2735
24906 37.2716
24907 37.2692
24908 37.267
24909 37.2656
24910 37.2646
24911 37.2639
24912 37.2633
24913 37.2631
24914 37.2635
24915 37.264
24916 37.2644
24917 37.2643
24918 37.2633
24919 37.2619
24920 37.2607
24921 37.2597
24922 37.2589
24923 37.2586
24924 37.2584
24925 37.2593
24926 37.2608
24927 37.2622
24928 37.2624
24929 37.262
24930 37.2618
24931 37.2619
24932 37.2618
24933 37.2618
24934 37.2618
24935 37.2615
24936 37.2609
24937 37.2607
24938 37.2608
24939 37.2608
24940 37.261
24941 37.2615
24942 37.2623
24943 37.2639
24944 37.2661
24945 37.2686
24946 37.2707
24947 37.2719
24948 37.2724
24949 37.2727
24950 37.2735
24951 37.274
24952 37.2751
24953 37.2772
24954 37.2805
24955 37.2842
24956 37.2884
24957 37.2922
24958 37.2958
24959 37.2983
24960 37.3001
24961 37.3015
24962 37.3025
24963 37.3032
24964 37.3043
24965 37.3065
24966 37.3092
24967 37.3124
24968 37.3157
24969 37.3192
24970 37.3231
24971 37.3271
24972 37.3306
24973 37.3346
24974 37.3391
24975 37.3436
24976 37.3475
24977 37.3504
24978 37.3523
24979 37.3546
24980 37.3575
24981 37.3615
24982 37.3658
24983 37.3713
24984 37.3774
24985 37.3836
24986 37.3896
24987 37.3942
24988 37.3971
24989 37.3987
24990 37.4006
24991 37.4028
24992 37.4049
24993 37.4076
24994 37.4109
24995 37.4155
24996 37.4201
24997 37.4235
24998 37.4268
24999 37.4288
25000 37.4298
25001 37.4313
25002 37.4322
25003 37.4324
25004 37.4323
25005 37.432
25006 37.4316
25007 37.4309
25008 37.4309
25009 37.4312
25010 37.4316
25011 37.4312
25012 37.4305
25013 37.4292
25014 37.4278
25015 37.4259
25016 37.4244
25017 37.4226
25018 37.4202
25019 37.4172
25020 37.4145
25021 37.4122
25022 37.41
25023 37.4082
25024 37.4069
25025 37.4055
25026 37.4038
25027 37.4024
25028 37.4013
25029 37.3999
25030 37.3984
25031 37.3963
25032 37.3933
25033 37.3897
25034 37.3863
25035 37.3829
25036 37.3807
25037 37.3798
25038 37.3794
25039 37.3799
25040 37.3811
25041 37.3826
25042 37.3846
25043 37.3874
25044 37.3901
25045 37.392
25046 37.3933
25047 37.3948
25048 37.397
25049 37.3994
25050 37.4024
25051 37.4058
25052 37.4097
25053 37.4141
25054 37.4181
25055 37.4209
25056 37.4238
25057 37.4269
25058 37.43
25059 37.433
25060 37.4362
25061 37.4401
25062 37.4439
25063 37.4478
25064 37.4518
25065 37.4551
25066 37.4575
25067 37.4599
25068 37.4625
25069 37.465
25070 37.4669
25071 37.4689
25072 37.4704
25073 37.4727
25074 37.4754
25075 37.4783
25076 37.4808
25077 37.4827
25078 37.4837
25079 37.4842
25080 37.4845
25081 37.484
25082 37.4835
25083 37.4836
25084 37.4846
25085 37.487
25086 37.4906
25087 37.4939
25088 37.4958
25089 37.4969
25090 37.4973
25091 37.4967
25092 37.4942
25093 37.4907
25094 37.4873
25095 37.485
25096 37.4839
25097 37.4837
25098 37.4839
25099 37.4842
25100 37.4847
25101 37.4858
25102 37.488
25103 37.4913
25104 37.4936
25105 37.4951
25106 37.4959
25107 37.4967
25108 37.4977
25109 37.4977
25110 37.4969
25111 37.497
25112 37.4981
25113 37.5
25114 37.5026
25115 37.5058
25116 37.5086
25117 37.5108
25118 37.5136
25119 37.5164
25120 37.5198
25121 37.5236
25122 37.5274
25123 37.531
25124 37.5337
25125 37.5354
25126 37.5376
25127 37.5405
25128 37.5428
25129 37.5453
25130 37.5472
25131 37.5494
25132 37.5524
25133 37.5552
25134 37.5568
25135 37.5592
25136 37.5623
25137 37.5647
25138 37.5664
25139 37.5679
25140 37.5699
25141 37.5713
25142 37.5722
25143 37.5733
25144 37.5758
25145 37.579
25146 37.582
25147 37.5859
25148 37.5896
25149 37.5934
25150 37.5968
25151 37.599
25152 37.5996
25153 37.5988
25154 37.5976
25155 37.5961
25156 37.5943
25157 37.5931
25158 37.5927
25159 37.594
25160 37.5968
25161 37.6006
25162 37.6044
25163 37.6081
25164 37.6106
25165 37.6124
25166 37.614
25167 37.6153
25168 37.6161
25169 37.6161
25170 37.6157
25171 37.615
25172 37.6143
25173 37.614
25174 37.6146
25175 37.6168
25176 37.6186
25177 37.6204
25178 37.622
25179 37.6239
25180 37.626
25181 37.6282
25182 37.6299
25183 37.6313
25184 37.6323
25185 37.6335
25186 37.6346
25187 37.6362
25188 37.6389
25189 37.6428
25190 37.6472
25191 37.6519
25192 37.657
25193 37.6612
25194 37.6637
25195 37.6638
25196 37.6625
25197 37.6615
25198 37.6617
25199 37.6634
25200 37.6648
25201 37.6659
25202 37.667
25203 37.6687
25204 37.6712
25205 37.6752
25206 37.6795
25207 37.6838
25208 37.6882
25209 37.6931
25210 37.6977
25211 37.7018
25212 37.7055
25213 37.7088
25214 37.7114
25215 37.7132
25216 37.7151
25217 37.7171
25218 37.7192
25219 37.7213
25220 37.7237
25221 37.7275
25222 37.7314
25223 37.7356
25224 37.74
25225 37.7444
25226 37.7489
25227 37.7535
25228 37.7577
25229 37.7617
25230 37.7649
25231 37.7665
25232 37.7672
25233 37.7678
25234 37.7683
25235 37.7694
25236 37.7706
25237 37.7727
25238 37.7753
25239 37.7782
25240 37.7807
25241 37.7821
25242 37.7824
25243 37.782
25244 37.7813
25245 37.7807
25246 37.7805
25247 37.7804
25248 37.7803
25249 37.7802
25250 37.7795
25251 37.7785
25252 37.7777
25253 37.777
25254 37.7756
25255 37.7742
25256 37.7728
25257 37.7722
25258 37.7726
25259 37.7741
25260 37.776
25261 37.7775
25262 37.7796
25263 37.7819
25264 37.7836
25265 37.785
25266 37.7863
25267 37.788
25268 37.7904
25269 37.7933
25270 37.7961
25271 37.7984
25272 37.7999
25273 37.8005
25274 37.8003
25275 37.8
25276 37.8002
25277 37.8011
25278 37.8032
25279 37.8059
25280 37.8095
25281 37.8134
25282 37.818
25283 37.823
25284 37.8272
25285 37.8312
25286 37.8344
25287 37.8369
25288 37.8394
25289 37.842
25290 37.8445
25291 37.8484
25292 37.8522
25293 37.8556
25294 37.8591
25295 37.8629
25296 37.8672
25297 37.8721
25298 37.8761
25299 37.8794
25300 37.8824
25301 37.8848
25302 37.8874
25303 37.8902
25304 37.8927
25305 37.895
25306 37.8972
25307 37.8996
25308 37.9023
25309 37.9057
25310 37.9087
25311 37.9115
25312 37.9141
25313 37.9158
25314 37.9159
25315 37.9153
25316 37.9145
25317 37.914
25318 37.9142
25319 37.9149
25320 37.9157
25321 37.9161
25322 37.9163
25323 37.9163
25324 37.9164
25325 37.9163
25326 37.9166
25327 37.9157
25328 37.9155
25329 37.9157
25330 37.9158
25331 37.9152
25332 37.9146
25333 37.9138
25334 37.9118
25335 37.9097
25336 37.9072
25337 37.9053
25338 37.904
25339 37.9036
25340 37.904
25341 37.9049
25342 37.9055
25343 37.9064
25344 37.907
25345 37.9073
25346 37.9072
25347 37.9068
25348 37.9065
25349 37.9061
25350 37.9061
25351 37.9064
25352 37.9072
25353 37.9081
25354 37.9093
25355 37.9115
25356 37.915
25357 37.9195
25358 37.9241
25359 37.928
25360 37.9311
25361 37.9338
25362 37.9371
25363 37.941
25364 37.9453
25365 37.9506
25366 37.9559
25367 37.9605
25368 37.9644
25369 37.9677
25370 37.9711
25371 37.9742
25372 37.9777
25373 37.9815
25374 37.9854
25375 37.9896
25376 37.9942
25377 37.9993
25378 38.0048
25379 38.0103
25380 38.0148
25381 38.0176
25382 38.0204
25383 38.0232
25384 38.0264
25385 38.029
25386 38.032
25387 38.0356
25388 38.0401
25389 38.0451
25390 38.0501
25391 38.0539
25392 38.0565
25393 38.0581
25394 38.0584
25395 38.0576
25396 38.0567
25397 38.0559
25398 38.056
25399 38.0576
25400 38.0602
25401 38.0637
25402 38.0675
25403 38.0705
25404 38.073
25405 38.0742
25406 38.0749
25407 38.0739
25408 38.0716
25409 38.0685
25410 38.0649
25411 38.0621
25412 38.0607
25413 38.0609
25414 38.0627
25415 38.0653
25416 38.0685
25417 38.0712
25418 38.0732
25419 38.0744
25420 38.0751
25421 38.0748
25422 38.0743
25423 38.0738
25424 38.0736
25425 38.0745
25426 38.0766
25427 38.079
25428 38.0807
25429 38.0811
25430 38.0807
25431 38.0803
25432 38.0799
25433 38.0794
25434 38.0794
25435 38.0807
25436 38.0833
25437 38.0871
25438 38.0911
25439 38.0947
25440 38.0974
25441 38.0986
25442 38.0987
25443 38.0984
25444 38.0988
25445 38.0995
25446 38.0996
25447 38.1
25448 38.1016
25449 38.1045
25450 38.1073
25451 38.1099
25452 38.1126
25453 38.1157
25454 38.1187
25455 38.1207
25456 38.1223
25457 38.1234
25458 38.1246
25459 38.126
25460 38.1283
25461 38.1313
25462 38.1351
25463 38.1398
25464 38.1442
25465 38.1483
25466 38.1514
25467 38.153
25468 38.1529
25469 38.1506
25470 38.1472
25471 38.1436
25472 38.1405
25473 38.1387
25474 38.1385
25475 38.1387
25476 38.1408
25477 38.1438
25478 38.1467
25479 38.1489
25480 38.15
25481 38.1493
25482 38.1481
25483 38.1472
25484 38.1461
25485 38.1456
25486 38.1458
25487 38.1458
25488 38.1459
25489 38.1464
25490 38.1466
25491 38.1478
25492 38.1492
25493 38.1505
25494 38.1516
25495 38.1533
25496 38.1559
25497 38.1581
25498 38.1611
25499 38.1647
25500 38.1684
25501 38.1719
25502 38.1749
25503 38.1782
25504 38.1813
25505 38.1843
25506 38.1865
25507 38.188
25508 38.1898
25509 38.1919
25510 38.1947
25511 38.1977
25512 38.2013
25513 38.2062
25514 38.2114
25515 38.2164
25516 38.2213
25517 38.2262
25518 38.2314
25519 38.2358
25520 38.2383
25521 38.24
25522 38.2413
25523 38.2423
25524 38.2429
25525 38.2433
25526 38.2448
25527 38.2481
25528 38.2536
25529 38.2594
25530 38.2639
25531 38.268
25532 38.2714
25533 38.274
25534 38.2757
25535 38.2761
25536 38.2755
25537 38.2752
25538 38.2751
25539 38.2755
25540 38.2756
25541 38.2764
25542 38.277
25543 38.2774
25544 38.2782
25545 38.2796
25546 38.281
25547 38.2819
25548 38.2823
25549 38.2819
25550 38.2808
25551 38.2789
25552 38.2771
25553 38.2756
25554 38.2749
25555 38.2747
25556 38.2755
25557 38.2772
25558 38.2791
25559 38.2802
25560 38.2804
25561 38.2806
25562 38.2799
25563 38.2785
25564 38.2773
25565 38.2764
25566 38.2752
25567 38.2731
25568 38.2723
25569 38.2719
25570 38.2723
25571 38.2739
25572 38.276
25573 38.2779
25574 38.2797
25575 38.2817
25576 38.283
25577 38.2839
25578 38.285
25579 38.2862
25580 38.288
25581 38.2903
25582 38.2931
25583 38.2961
25584 38.2987
25585 38.3016
25586 38.3033
25587 38.3054
25588 38.3073
25589 38.3092
25590 38.3108
25591 38.3129
25592 38.3155
25593 38.3183
25594 38.3212
25595 38.3239
25596 38.3262
25597 38.3277
25598 38.3287
25599 38.3299
25600 38.3319
25601 38.3344
25602 38.3358
25603 38.3367
25604 38.3362
25605 38.3347
25606 38.3332
25607 38.3317
25608 38.331
25609 38.3313
25610 38.3325
25611 38.3346
25612 38.3368
25613 38.3378
25614 38.3385
25615 38.3387
25616 38.338
25617 38.3369
25618 38.3353
25619 38.3339
25620 38.3328
25621 38.3318
25622 38.3314
25623 38.3308
25624 38.3313
25625 38.3328
25626 38.3349
25627 38.3367
25628 38.3374
25629 38.3377
25630 38.3382
25631 38.3385
25632 38.3381
25633 38.3376
25634 38.3384
25635 38.3406
25636 38.3438
25637 38.3476
25638 38.3514
25639 38.3553
25640 38.3594
25641 38.3628
25642 38.3655
25643 38.367
25644 38.3667
25645 38.3671
25646 38.368
25647 38.3694
25648 38.3712
25649 38.3744
25650 38.3784
25651 38.383
25652 38.388
25653 38.3924
25654 38.3969
25655 38.4011
25656 38.4037
25657 38.4057
25658 38.4071
25659 38.4083
25660 38.4104
25661 38.4138
25662 38.4185
25663 38.4244
25664 38.4315
25665 38.4389
25666 38.4457
25667 38.4521
25668 38.4569
25669 38.4609
25670 38.4639
25671 38.4655
25672 38.4661
25673 38.467
25674 38.468
25675 38.4696
25676 38.4728
25677 38.4778
25678 38.4832
25679 38.489
25680 38.4952
25681 38.5001
25682 38.5028
25683 38.5036
25684 38.5028
25685 38.5006
25686 38.4975
25687 38.4953
25688 38.4955
25689 38.4976
25690 38.5011
25691 38.5055
25692 38.5104
25693 38.5149
25694 38.5177
25695 38.5178
25696 38.5164
25697 38.5132
25698 38.5096
25699 38.5079
25700 38.5068
25701 38.5071
25702 38.5088
25703 38.5116
25704 38.5155
25705 38.5194
25706 38.5213
25707 38.5215
25708 38.5202
25709 38.5184
25710 38.5172
25711 38.5165
25712 38.5177
25713 38.5206
25714 38.5249
25715 38.5288
25716 38.5321
25717 38.5348
25718 38.5366
25719 38.538
25720 38.5387
25721 38.539
25722 38.5387
25723 38.5389
25724 38.54
25725 38.5425
25726 38.5458
25727 38.5492
25728 38.5525
25729 38.5557
25730 38.5582
25731 38.5596
25732 38.5602
25733 38.5605
25734 38.561
25735 38.5625
25736 38.5641
25737 38.5661
25738 38.5688
25739 38.5706
25740 38.5723
25741 38.5738
25742 38.5748
25743 38.5754
25744 38.5751
25745 38.5746
25746 38.5744
25747 38.5742
25748 38.5738
25749 38.5729
25750 38.5714
25751 38.5707
25752 38.5703
25753 38.5709
25754 38.5724
25755 38.5734
25756 38.574
25757 38.5738
25758 38.573
25759 38.5721
25760 38.5716
25761 38.5719
25762 38.5734
25763 38.5763
25764 38.5799
25765 38.5839
25766 38.5874
25767 38.5903
25768 38.5932
25769 38.5955
25770 38.5965
25771 38.5971
25772 38.5981
25773 38.5993
25774 38.6017
25775 38.6038
25776 38.6066
25777 38.6089
25778 38.6113
25779 38.6141
25780 38.6172
25781 38.6206
25782 38.6234
25783 38.6263
25784 38.6276
25785 38.6292
25786 38.6311
25787 38.6332
25788 38.6358
25789 38.6386
25790 38.6407
25791 38.6433
25792 38.6465
25793 38.6493
25794 38.6508
25795 38.6514
25796 38.6523
25797 38.6532
25798 38.6547
25799 38.6571
25800 38.6603
25801 38.6643
25802 38.668
25803 38.6706
25804 38.6731
25805 38.6755
25806 38.6771
25807 38.679
25808 38.6812
25809 38.6833
25810 38.685
25811 38.6867
25812 38.6889
25813 38.6913
25814 38.6942
25815 38.6971
25816 38.6999
25817 38.7032
25818 38.7072
25819 38.7114
25820 38.7149
25821 38.7175
25822 38.7196
25823 38.7208
25824 38.7215
25825 38.7232
25826 38.7255
25827 38.7283
25828 38.7308
25829 38.7335
25830 38.7352
25831 38.7352
25832 38.734
25833 38.7328
25834 38.7329
25835 38.7326
25836 38.7316
25837 38.7306
25838 38.7288
25839 38.728
25840 38.7281
25841 38.7279
25842 38.7276
25843 38.7271
25844 38.7266
25845 38.7267
25846 38.7274
25847 38.7282
25848 38.7289
25849 38.7305
25850 38.732
25851 38.7333
25852 38.7338
25853 38.7326
25854 38.7303
25855 38.7277
25856 38.7261
25857 38.7256
25858 38.7268
25859 38.7282
25860 38.7292
25861 38.73
25862 38.7306
25863 38.7309
25864 38.7317
25865 38.7333
25866 38.7349
25867 38.7359
25868 38.7372
25869 38.739
25870 38.742
25871 38.7448
25872 38.7479
25873 38.7507
25874 38.7529
25875 38.7547
25876 38.7562
25877 38.7578
25878 38.7599
25879 38.7628
25880 38.7659
25881 38.7691
25882 38.7715
25883 38.7732
25884 38.7741
25885 38.7744
25886 38.7743
25887 38.7738
25888 38.7737
25889 38.7744
25890 38.7755
25891 38.7761
25892 38.7766
25893 38.7778
25894 38.7789
25895 38.7794
25896 38.78
25897 38.7798
25898 38.7785
25899 38.7759
25900 38.7717
25901 38.7679
25902 38.7642
25903 38.7615
25904 38.7596
25905 38.7585
25906 38.7585
25907 38.7589
25908 38.7594
25909 38.7597
25910 38.7588
25911 38.757
25912 38.7541
25913 38.7524
25914 38.7522
25915 38.7531
25916 38.7546
25917 38.7558
25918 38.7562
25919 38.7558
25920 38.7553
25921 38.7541
25922 38.7536
25923 38.7536
25924 38.7538
25925 38.7542
25926 38.7562
25927 38.7592
25928 38.7629
25929 38.7672
25930 38.7705
25931 38.7736
25932 38.7771
25933 38.7806
25934 38.7838
25935 38.7867
25936 38.7899
25937 38.7934
25938 38.7974
25939 38.8025
25940 38.8082
25941 38.8145
25942 38.8207
25943 38.8263
25944 38.8324
25945 38.8378
25946 38.8422
25947 38.8469
25948 38.8498
25949 38.8524
25950 38.8543
25951 38.8557
25952 38.8563
25953 38.8568
25954 38.8576
25955 38.8589
25956 38.8615
25957 38.8642
25958 38.8669
25959 38.8691
25960 38.87
25961 38.8699
25962 38.8688
25963 38.8673
25964 38.8666
25965 38.8676
25966 38.869
25967 38.8714
25968 38.8739
25969 38.8765
25970 38.8785
25971 38.8801
25972 38.8807
25973 38.8811
25974 38.8812
25975 38.8819
25976 38.8822
25977 38.8825
25978 38.8825
25979 38.8827
25980 38.8841
25981 38.8857
25982 38.8872
25983 38.8872
25984 38.8873
25985 38.8874
25986 38.8875
25987 38.8874
25988 38.8871
25989 38.8858
25990 38.8834
25991 38.8807
25992 38.8785
25993 38.8778
25994 38.8765
25995 38.8742
25996 38.8723
25997 38.8702
25998 38.8684
25999 38.8668
26000 38.8665
26001 38.8663
26002 38.8656
26003 38.8641
26004 38.8614
26005 38.858
26006 38.8533
26007 38.8481
26008 38.8431
26009 38.8384
26010 38.8348
26011 38.833
26012 38.8324
26013 38.8324
26014 38.8318
26015 38.8296
26016 38.8269
26017 38.8236
26018 38.8189
26019 38.8132
26020 38.8075
26021 38.8022
26022 38.7976
26023 38.7949
26024 38.7939
26025 38.7944
26026 38.7963
26027 38.7973
26028 38.7979
26029 38.7986
26030 38.7985
26031 38.7975
26032 38.7952
26033 38.7924
26034 38.7887
26035 38.7856
26036 38.7839
26037 38.7848
26038 38.7882
26039 38.7931
26040 38.7991
26041 38.8051
26042 38.8097
26043 38.8123
26044 38.8123
26045 38.8108
26046 38.8092
26047 38.8076
26048 38.8073
26049 38.8084
26050 38.8101
26051 38.8136
26052 38.8184
26053 38.824
26054 38.8292
26055 38.8338
26056 38.8376
26057 38.8406
26058 38.8437
26059 38.8462
26060 38.848
26061 38.8495
26062 38.8511
26063 38.8537
26064 38.8574
26065 38.862
26066 38.8667
26067 38.8708
26068 38.874
26069 38.8761
26070 38.876
26071 38.8754
26072 38.8749
26073 38.8739
26074 38.873
26075 38.8733
26076 38.8751
26077 38.8782
26078 38.8807
26079 38.8828
26080 38.8844
26081 38.8861
26082 38.8875
26083 38.8883
26084 38.8884
26085 38.8879
26086 38.8878
26087 38.8885
26088 38.8901
26089 38.8932
26090 38.8971
26091 38.9007
26092 38.9039
26093 38.9072
26094 38.9091
26095 38.9102
26096 38.9103
26097 38.9095
26098 38.9079
26099 38.9065
26100 38.9059
26101 38.9067
26102 38.9084
26103 38.9105
26104 38.9129
26105 38.9144
26106 38.9141
26107 38.9128
26108 38.9119
26109 38.9112
26110 38.9107
26111 38.9115
26112 38.9135
26113 38.9159
26114 38.919
26115 38.9223
26116 38.925
26117 38.9266
26118 38.9282
26119 38.9295
26120 38.9295
26121 38.9292
26122 38.9278
26123 38.9258
26124 38.9243
26125 38.9235
26126 38.9236
26127 38.9244
26128 38.9259
26129 38.9282
26130 38.9304
26131 38.9327
26132 38.935
26133 38.937
26134 38.9372
26135 38.9362
26136 38.9344
26137 38.9327
26138 38.9313
26139 38.9302
26140 38.9303
26141 38.9309
26142 38.9315
26143 38.9327
26144 38.9341
26145 38.9359
26146 38.9381
26147 38.9393
26148 38.9397
26149 38.94
26150 38.9402
26151 38.9401
26152 38.9395
26153 38.9392
26154 38.9402
26155 38.9416
26156 38.9441
26157 38.947
26158 38.9503
26159 38.9541
26160 38.9585
26161 38.9623
26162 38.9648
26163 38.9668
26164 38.9677
26165 38.9688
26166 38.9691
26167 38.9699
26168 38.971
26169 38.9725
26170 38.9741
26171 38.9756
26172 38.9774
26173 38.9795
26174 38.9819
26175 38.9849
26176 38.988
26177 38.9911
26178 38.9938
26179 38.9964
26180 38.9982
26181 39.0003
26182 39.0023
26183 39.0042
26184 39.0055
26185 39.0062
26186 39.0077
26187 39.0086
26188 39.0096
26189 39.0105
26190 39.0116
26191 39.0126
26192 39.0127
26193 39.0126
26194 39.0126
26195 39.0124
26196 39.0124
26197 39.0121
26198 39.0115
26199 39.01
26200 39.0076
26201 39.0053
26202 39.0029
26203 39.0006
26204 38.9984
26205 38.9967
26206 38.996
26207 38.9951
26208 38.9939
26209 38.9918
26210 38.9896
26211 38.9877
26212 38.9856
26213 38.9839
26214 38.9826
26215 38.9823
26216 38.9826
26217 38.9838
26218 38.9849
26219 38.9844
26220 38.9835
26221 38.9817
26222 38.9804
26223 38.9806
26224 38.9822
26225 38.9837
26226 38.9848
26227 38.9857
26228 38.9865
26229 38.9868
26230 38.9881
26231 38.9901
26232 38.9933
26233 38.997
26234 38.9996
26235 39.0015
26236 39.0031
26237 39.0038
26238 39.0041
26239 39.0049
26240 39.006
26241 39.0079
26242 39.0111
26243 39.0139
26244 39.0163
26245 39.0192
26246 39.0228
26247 39.0264
26248 39.0299
26249 39.0327
26250 39.0349
26251 39.0369
26252 39.0382
26253 39.0396
26254 39.0414
26255 39.0433
26256 39.0449
26257 39.0472
26258 39.0498
26259 39.0519
26260 39.0541
26261 39.0555
26262 39.0571
26263 39.0579
26264 39.0582
26265 39.0577
26266 39.0569
26267 39.0556
26268 39.0541
26269 39.0527
26270 39.0507
26271 39.049
26272 39.0475
26273 39.0461
26274 39.0455
26275 39.0458
26276 39.0456
26277 39.0449
26278 39.0435
26279 39.0412
26280 39.0379
26281 39.0341
26282 39.0307
26283 39.0277
26284 39.0255
26285 39.0251
26286 39.0257
26287 39.027
26288 39.0278
26289 39.0281
26290 39.0267
26291 39.0248
26292 39.0226
26293 39.0207
26294 39.0197
26295 39.0194
26296 39.0189
26297 39.0183
26298 39.0183
26299 39.0195
26300 39.0215
26301 39.0231
26302 39.0237
26303 39.0239
26304 39.0244
26305 39.0254
26306 39.0263
26307 39.0279
26308 39.0297
26309 39.0325
26310 39.0351
26311 39.0378
26312 39.041
26313 39.0452
26314 39.0496
26315 39.0529
26316 39.0562
26317 39.0591
26318 39.0608
26319 39.0622
26320 39.0641
26321 39.0661
26322 39.0687
26323 39.0715
26324 39.0748
26325 39.0783
26326 39.0812
26327 39.0822
26328 39.0822
26329 39.0827
26330 39.0831
26331 39.0835
26332 39.0851
26333 39.0869
26334 39.0886
26335 39.0902
26336 39.0928
26337 39.0951
26338 39.0968
26339 39.097
26340 39.0964
26341 39.0959
26342 39.0949
26343 39.0938
26344 39.0934
26345 39.0937
26346 39.094
26347 39.0946
26348 39.0957
26349 39.0973
26350 39.0983
26351 39.0989
26352 39.0991
26353 39.099
26354 39.0979
26355 39.0965
26356 39.0947
26357 39.0925
26358 39.0914
26359 39.0915
26360 39.0927
26361 39.094
26362 39.0956
26363 39.097
26364 39.099
26365 39.1004
26366 39.1015
26367 39.1027
26368 39.1037
26369 39.1042
26370 39.1046
26371 39.1049
26372 39.1055
26373 39.1067
26374 39.1084
26375 39.1101
26376 39.1118
26377 39.1137
26378 39.1165
26379 39.1201
26380 39.1239
26381 39.1286
26382 39.1327
26383 39.1354
26384 39.138
26385 39.1414
26386 39.1453
26387 39.1487
26388 39.1515
26389 39.1541
26390 39.1569
26391 39.1592
26392 39.1614
26393 39.1623
26394 39.1624
26395 39.1625
26396 39.1636
26397 39.1655
26398 39.1681
26399 39.1717
26400 39.1757
26401 39.1786
26402 39.1802
26403 39.18
26404 39.1789
26405 39.1772
26406 39.1762
26407 39.1759
26408 39.1764
26409 39.1779
26410 39.1795
26411 39.1806
26412 39.181
26413 39.1817
26414 39.1823
26415 39.1822
26416 39.1819
26417 39.182
26418 39.1821
26419 39.1822
26420 39.182
26421 39.1832
26422 39.1854
26423 39.1876
26424 39.1903
26425 39.1939
26426 39.1972
26427 39.1994
26428 39.2008
26429 39.2008
26430 39.2
26431 39.1983
26432 39.1966
26433 39.1953
26434 39.1939
26435 39.1936
26436 39.1939
26437 39.1948
26438 39.1964
26439 39.1993
26440 39.203
26441 39.2068
26442 39.2095
26443 39.2105
26444 39.2099
26445 39.2092
26446 39.2085
26447 39.2075
26448 39.2072
26449 39.2079
26450 39.2098
26451 39.2118
26452 39.2142
26453 39.2166
26454 39.2191
26455 39.2218
26456 39.2245
26457 39.2271
26458 39.2293
26459 39.2313
26460 39.2327
26461 39.2339
26462 39.2354
26463 39.2372
26464 39.2392
26465 39.2409
26466 39.2415
26467 39.2416
26468 39.2411
26469 39.2411
26470 39.2416
26471 39.2424
26472 39.2431
26473 39.2432
26474 39.2427
26475 39.2428
26476 39.2439
26477 39.2464
26478 39.2493
26479 39.2516
26480 39.2531
26481 39.2535
26482 39.2539
26483 39.2542
26484 39.2538
26485 39.2527
26486 39.252
26487 39.2519
26488 39.2531
26489 39.2548
26490 39.2571
26491 39.2599
26492 39.2613
26493 39.2625
26494 39.2636
26495 39.2651
26496 39.2651
26497 39.2636
26498 39.2626
26499 39.261
26500 39.2601
26501 39.2598
26502 39.2603
26503 39.2617
26504 39.2627
26505 39.2633
26506 39.2636
26507 39.2641
26508 39.2646
26509 39.2647
26510 39.2646
26511 39.2639
26512 39.2629
26513 39.2617
26514 39.2615
26515 39.2618
26516 39.2624
26517 39.2633
26518 39.2642
26519 39.2649
26520 39.2658
26521 39.2657
26522 39.2651
26523 39.265
26524 39.2648
26525 39.2651
26526 39.2654
26527 39.2663
26528 39.2678
26529 39.2693
26530 39.2709
26531 39.2734
26532 39.2758
26533 39.2779
26534 39.2793
26535 39.2807
26536 39.2822
26537 39.2835
26538 39.2846
26539 39.2855
26540 39.2861
26541 39.2862
26542 39.2864
26543 39.2877
26544 39.2901
26545 39.2928
26546 39.2968
26547 39.3013
26548 39.306
26549 39.3107
26550 39.3139
26551 39.3156
26552 39.3156
26553 39.3155
26554 39.3151
26555 39.3157
26556 39.3161
26557 39.3173
26558 39.3193
26559 39.3227
26560 39.3256
26561 39.328
26562 39.3291
26563 39.3297
26564 39.3297
26565 39.3297
26566 39.3298
26567 39.3298
26568 39.3304
26569 39.3317
26570 39.333
26571 39.3346
26572 39.3361
26573 39.3368
26574 39.3372
26575 39.3375
26576 39.3375
26577 39.3377
26578 39.3388
26579 39.3409
26580 39.343
26581 39.3442
26582 39.3449
26583 39.3451
26584 39.345
26585 39.3448
26586 39.3443
26587 39.3441
26588 39.3445
26589 39.3454
26590 39.3469
26591 39.3483
26592 39.3504
26593 39.3524
26594 39.3543
26595 39.3557
26596 39.3564
26597 39.357
26598 39.3573
26599 39.3577
26600 39.3591
26601 39.3606
26602 39.3618
26603 39.3632
26604 39.3648
26605 39.3668
26606 39.3694
26607 39.3722
26608 39.3746
26609 39.3767
26610 39.3778
26611 39.3789
26612 39.3797
26613 39.3809
26614 39.3821
26615 39.3839
26616 39.3859
26617 39.3882
26618 39.3905
26619 39.3926
26620 39.3941
26621 39.3961
26622 39.3981
26623 39.3984
26624 39.3986
26625 39.3987
26626 39.3999
26627 39.4005
26628 39.4017
26629 39.403
26630 39.404
26631 39.4046
26632 39.4049
26633 39.4056
26634 39.4072
26635 39.4093
26636 39.4115
26637 39.4138
26638 39.4158
26639 39.417
26640 39.4177
26641 39.4176
26642 39.4176
26643 39.4184
26644 39.4193
26645 39.4206
26646 39.4225
26647 39.4239
26648 39.4243
26649 39.4247
26650 39.4254
26651 39.4268
26652 39.4288
26653 39.4309
26654 39.4325
26655 39.4341
26656 39.4356
26657 39.4369
26658 39.4379
26659 39.4383
26660 39.4389
26661 39.4401
26662 39.4414
26663 39.443
26664 39.4454
26665 39.4476
26666 39.4496
26667 39.4513
26668 39.4533
26669 39.4552
26670 39.4569
26671 39.4585
26672 39.4593
26673 39.4588
26674 39.458
26675 39.4577
26676 39.4579
26677 39.458
26678 39.4596
26679 39.4618
26680 39.4635
26681 39.4648
26682 39.4658
26683 39.4664
26684 39.4666
26685 39.4663
26686 39.4651
26687 39.4639
26688 39.4624
26689 39.4609
26690 39.4596
26691 39.4594
26692 39.4594
26693 39.46
26694 39.461
26695 39.462
26696 39.4633
26697 39.4644
26698 39.465
26699 39.4651
26700 39.4647
26701 39.4643
26702 39.464
26703 39.4642
26704 39.4649
26705 39.467
26706 39.4699
26707 39.4725
26708 39.4752
26709 39.4777
26710 39.4792
26711 39.4803
26712 39.4812
26713 39.4826
26714 39.4846
26715 39.4871
26716 39.4898
26717 39.4931
26718 39.4967
26719 39.4996
26720 39.5028
26721 39.506
26722 39.5092
26723 39.5124
26724 39.5147
26725 39.5165
26726 39.5175
26727 39.5183
26728 39.5203
26729 39.5242
26730 39.5282
26731 39.5327
26732 39.5368
26733 39.5404
26734 39.5431
26735 39.5458
26736 39.5472
26737 39.5472
26738 39.5466
26739 39.5459
26740 39.546
26741 39.5469
26742 39.5487
26743 39.5498
26744 39.5496
26745 39.5505
26746 39.5515
26747 39.5534
26748 39.5556
26749 39.5574
26750 39.5589
26751 39.56
26752 39.5599
26753 39.5596
26754 39.5585
26755 39.5582
26756 39.5584
26757 39.5584
26758 39.5586
26759 39.5587
26760 39.5599
26761 39.5618
26762 39.5647
26763 39.5666
26764 39.5677
26765 39.5672
26766 39.5663
26767 39.5645
26768 39.5627
26769 39.5607
26770 39.5592
26771 39.5579
26772 39.5566
26773 39.5554
26774 39.5544
26775 39.5537
26776 39.5534
26777 39.5536
26778 39.5539
26779 39.554
26780 39.5539
26781 39.554
26782 39.5534
26783 39.5524
26784 39.5515
26785 39.5499
26786 39.5479
26787 39.5456
26788 39.543
26789 39.541
26790 39.5405
26791 39.5409
26792 39.5427
26793 39.5446
26794 39.546
26795 39.5475
26796 39.5485
26797 39.5471
26798 39.5447
26799 39.5423
26800 39.5404
26801 39.5389
26802 39.5374
26803 39.536
26804 39.5347
26805 39.5342
26806 39.5342
26807 39.5338
26808 39.5335
26809 39.5339
26810 39.5349
26811 39.5358
26812 39.5365
26813 39.5367
26814 39.5368
26815 39.5366
26816 39.5371
26817 39.5378
26818 39.5394
26819 39.5416
26820 39.5438
26821 39.5466
26822 39.5501
26823 39.5536
26824 39.5574
26825 39.5607
26826 39.5635
26827 39.5655
26828 39.5667
26829 39.568
26830 39.5696
26831 39.5716
26832 39.574
26833 39.5764
26834 39.5791
26835 39.5823
26836 39.5856
26837 39.589
26838 39.5921
26839 39.5948
26840 39.5981
26841 39.6026
26842 39.607
26843 39.6117
26844 39.6167
26845 39.622
26846 39.6267
26847 39.6302
26848 39.633
26849 39.6355
26850 39.6388
26851 39.6426
26852 39.6467
26853 39.6513
26854 39.6572
26855 39.663
26856 39.6688
26857 39.6744
26858 39.6798
26859 39.6856
26860 39.6912
26861 39.696
26862 39.7002
26863 39.7044
26864 39.7085
26865 39.713
26866 39.7172
26867 39.7213
26868 39.7262
26869 39.7311
26870 39.7367
26871 39.7428
26872 39.7467
26873 39.7485
26874 39.749
26875 39.7492
26876 39.7499
26877 39.7506
26878 39.7515
26879 39.7535
26880 39.7554
26881 39.7571
26882 39.7594
26883 39.7615
26884 39.7627
26885 39.7622
26886 39.76
26887 39.7575
26888 39.7546
26889 39.7522
26890 39.7502
26891 39.7481
26892 39.7454
26893 39.7427
26894 39.7413
26895 39.7401
26896 39.7387
26897 39.7383
26898 39.7392
26899 39.7384
26900 39.7366
26901 39.7342
26902 39.7314
26903 39.7286
26904 39.7254
26905 39.7218
26906 39.7191
26907 39.7174
26908 39.7163
26909 39.7163
26910 39.7176
26911 39.7196
26912 39.7223
26913 39.7249
26914 39.7275
26915 39.7296
26916 39.7303
26917 39.7303
26918 39.7304
26919 39.7301
26920 39.73
26921 39.7304
26922 39.7316
26923 39.7338
26924 39.7377
26925 39.7423
26926 39.7464
26927 39.7502
26928 39.754
26929 39.7584
26930 39.7624
26931 39.7653
26932 39.7681
26933 39.7706
26934 39.7724
26935 39.7744
26936 39.7765
26937 39.7786
26938 39.7807
26939 39.7822
26940 39.7836
26941 39.784
26942 39.7848
26943 39.7855
26944 39.7858
26945 39.7868
26946 39.7878
26947 39.7892
26948 39.7911
26949 39.7933
26950 39.7956
26951 39.7975
26952 39.7989
26953 39.7982
26954 39.7953
26955 39.792
26956 39.7891
26957 39.7865
26958 39.7856
26959 39.7861
26960 39.7873
26961 39.7897
26962 39.792
26963 39.7933
26964 39.7941
26965 39.7935
26966 39.7919
26967 39.7894
26968 39.7868
26969 39.7852
26970 39.7843
26971 39.7826
26972 39.7811
26973 39.78
26974 39.7791
26975 39.7784
26976 39.7775
26977 39.7756
26978 39.7736
26979 39.7715
26980 39.7692
26981 39.7669
26982 39.7642
26983 39.7615
26984 39.7587
26985 39.7568
26986 39.7557
26987 39.7555
26988 39.7563
26989 39.7582
26990 39.7603
26991 39.763
26992 39.7645
26993 39.7646
26994 39.7647
26995 39.7648
26996 39.7652
26997 39.7656
26998 39.7664
26999 39.7674
27000 39.7688
27001 39.7705
27002 39.7724
27003 39.7748
27004 39.7779
27005 39.7813
27006 39.7842
27007 39.7868
27008 39.7884
27009 39.7894
27010 39.7912
27011 39.7941
27012 39.7973
27013 39.8007
27014 39.8048
27015 39.8092
27016 39.814
27017 39.8178
27018 39.8214
27019 39.8248
27020 39.8269
27021 39.8292
27022 39.8312
27023 39.8331
27024 39.8353
27025 39.8382
27026 39.8426
27027 39.8483
27028 39.8548
27029 39.8619
27030 39.8685
27031 39.8747
27032 39.8797
27033 39.8843
27034 39.8875
27035 39.8891
27036 39.8898
27037 39.8901
27038 39.891
27039 39.8923
27040 39.8947
27041 39.8967
27042 39.8989
27043 39.9012
27044 39.904
27045 39.9064
27046 39.9081
27047 39.9096
27048 39.9109
27049 39.912
27050 39.9133
27051 39.9145
27052 39.9147
27053 39.9133
27054 39.9108
27055 39.9082
27056 39.9062
27057 39.9039
27058 39.9008
27059 39.898
27060 39.8954
27061 39.8921
27062 39.8885
27063 39.8858
27064 39.8839
27065 39.882
27066 39.8794
27067 39.8765
27068 39.8733
27069 39.8702
27070 39.8669
27071 39.864
27072 39.8603
27073 39.8577
27074 39.856
27075 39.8542
27076 39.8526
27077 39.8504
27078 39.847
27079 39.8433
27080 39.8399
27081 39.8371
27082 39.8353
27083 39.8339
27084 39.8326
27085 39.8322
27086 39.8325
27087 39.8329
27088 39.8336
27089 39.8349
27090 39.836
27091 39.837
27092 39.838
27093 39.8395
27094 39.841
27095 39.843
27096 39.8456
27097 39.8483
27098 39.8503
27099 39.852
27100 39.8533
27101 39.8544
27102 39.8555
27103 39.8563
27104 39.8571
27105 39.8585
27106 39.8604
27107 39.8638
27108 39.8689
27109 39.8744
27110 39.8797
27111 39.8856
27112 39.8905
27113 39.8938
27114 39.8955
27115 39.896
27116 39.895
27117 39.8944
27118 39.8932
27119 39.893
27120 39.8944
27121 39.8968
27122 39.8998
27123 39.9031
27124 39.9052
27125 39.9064
27126 39.9064
27127 39.9059
27128 39.9054
27129 39.905
27130 39.9043
27131 39.904
27132 39.9042
27133 39.904
27134 39.9038
27135 39.9037
27136 39.9034
27137 39.903
27138 39.9025
27139 39.9022
27140 39.9018
27141 39.9016
27142 39.902
27143 39.9019
27144 39.9021
27145 39.902
27146 39.9012
27147 39.8988
27148 39.896
27149 39.8928
27150 39.8899
27151 39.8878
27152 39.8859
27153 39.8849
27154 39.8844
27155 39.8842
27156 39.884
27157 39.8839
27158 39.8838
27159 39.8838
27160 39.8832
27161 39.8823
27162 39.8814
27163 39.8805
27164 39.8787
27165 39.8762
27166 39.8743
27167 39.8731
27168 39.8725
27169 39.8731
27170 39.8727
27171 39.8716
27172 39.8708
27173 39.8704
27174 39.8702
27175 39.8704
27176 39.8709
27177 39.8706
27178 39.8701
27179 39.8691
27180 39.8675
27181 39.8658
27182 39.8637
27183 39.8619
27184 39.8602
27185 39.8585
27186 39.8573
27187 39.8565
27188 39.8569
27189 39.8577
27190 39.8587
27191 39.8586
27192 39.8578
27193 39.8565
27194 39.8548
27195 39.8528
27196 39.8502
27197 39.8471
27198 39.8446
27199 39.8431
27200 39.8416
27201 39.8399
27202 39.8382
27203 39.8378
27204 39.8373
27205 39.8362
27206 39.8359
27207 39.8352
27208 39.8336
27209 39.8307
27210 39.8272
27211 39.8244
27212 39.8232
27213 39.8234
27214 39.824
27215 39.825
27216 39.8261
27217 39.827
27218 39.8275
27219 39.8278
27220 39.8279
27221 39.8275
27222 39.8279
27223 39.8299
27224 39.8323
27225 39.8351
27226 39.8375
27227 39.8397
27228 39.8417
27229 39.8431
27230 39.8442
27231 39.8448
27232 39.8446
27233 39.8451
27234 39.8464
27235 39.8474
27236 39.849
27237 39.8519
27238 39.856
27239 39.8603
27240 39.8644
27241 39.8669
27242 39.8673
27243 39.8667
27244 39.8658
27245 39.8646
27246 39.8635
27247 39.8622
27248 39.8616
27249 39.8614
27250 39.8622
27251 39.8635
27252 39.8644
27253 39.8646
27254 39.8641
27255 39.8628
27256 39.8612
27257 39.859
27258 39.8573
27259 39.8559
27260 39.8545
27261 39.8529
27262 39.8513
27263 39.8502
27264 39.8487
27265 39.8468
27266 39.8448
27267 39.842
27268 39.8385
27269 39.8348
27270 39.8315
27271 39.8288
27272 39.826
27273 39.8238
27274 39.8234
27275 39.8239
27276 39.8253
27277 39.8273
27278 39.8291
27279 39.8305
27280 39.8315
27281 39.8328
27282 39.8341
27283 39.8364
27284 39.8391
27285 39.8426
27286 39.8471
27287 39.8513
27288 39.856
27289 39.8596
27290 39.8628
27291 39.8657
27292 39.8688
27293 39.8714
27294 39.8733
27295 39.8758
27296 39.8799
27297 39.8853
27298 39.8915
27299 39.8981
27300 39.9045
27301 39.9108
27302 39.9172
27303 39.9234
27304 39.9291
27305 39.934
27306 39.9388
27307 39.9428
27308 39.946
27309 39.9496
27310 39.9545
27311 39.9601
27312 39.9667
27313 39.9729
27314 39.9795
27315 39.9856
27316 39.9914
27317 39.9963
27318 40.0013
27319 40.006
27320 40.0101
27321 40.014
27322 40.0174
27323 40.0208
27324 40.0241
27325 40.0276
27326 40.0303
27327 40.0329
27328 40.0347
27329 40.0355
27330 40.0353
27331 40.0349
27332 40.0342
27333 40.0332
27334 40.0327
27335 40.0316
27336 40.031
27337 40.0314
27338 40.032
27339 40.0317
27340 40.0313
27341 40.0315
27342 40.0318
27343 40.0318
27344 40.0313
27345 40.0299
27346 40.0279
27347 40.0261
27348 40.024
27349 40.0229
27350 40.0221
27351 40.0204
27352 40.0186
27353 40.0171
27354 40.0158
27355 40.0148
27356 40.0135
27357 40.0119
27358 40.0099
27359 40.0079
27360 40.0052
27361 40.0023
27362 39.9999
27363 39.9984
27364 39.9965
27365 39.9947
27366 39.9939
27367 39.9938
27368 39.9939
27369 39.994
27370 39.9924
27371 39.99
27372 39.9868
27373 39.9834
27374 39.9811
27375 39.9796
27376 39.9791
27377 39.9796
27378 39.9808
27379 39.9827
27380 39.9856
27381 39.9896
27382 39.9938
27383 39.9974
27384 40.0006
27385 40.0032
27386 40.0054
27387 40.0075
27388 40.0097
27389 40.0124
27390 40.0154
27391 40.0191
27392 40.0224
27393 40.0254
27394 40.028
27395 40.0307
27396 40.0331
27397 40.0356
27398 40.0379
27399 40.0408
27400 40.0444
27401 40.0486
27402 40.0518
27403 40.0561
27404 40.0612
27405 40.0667
27406 40.0722
27407 40.0772
27408 40.0813
27409 40.0853
27410 40.0902
27411 40.0951
27412 40.0997
27413 40.1046
27414 40.1087
27415 40.1129
27416 40.1169
27417 40.1203
27418 40.1231
27419 40.1257
27420 40.1288
27421 40.132
27422 40.1361
27423 40.1401
27424 40.1435
27425 40.1451
27426 40.1449
27427 40.1443
27428 40.1437
27429 40.1436
27430 40.1444
27431 40.1457
27432 40.1473
27433 40.1494
27434 40.1518
27435 40.1541
27436 40.1563
27437 40.1587
27438 40.1611
27439 40.1625
27440 40.1628
27441 40.1631
27442 40.163
27443 40.1629
27444 40.1629
27445 40.1639
27446 40.1649
27447 40.1657
27448 40.1669
27449 40.1679
27450 40.1685
27451 40.1701
27452 40.1725
27453 40.1741
27454 40.1751
27455 40.1753
27456 40.1757
27457 40.1763
27458 40.1768
27459 40.1772
27460 40.1758
27461 40.1733
27462 40.1714
27463 40.1697
27464 40.1681
27465 40.1666
27466 40.1648
27467 40.1629
27468 40.1614
27469 40.1598
27470 40.159
27471 40.1581
27472 40.1571
27473 40.1564
27474 40.1562
27475 40.1563
27476 40.1562
27477 40.1564
27478 40.157
27479 40.1573
27480 40.1565
27481 40.1552
27482 40.1534
27483 40.152
27484 40.1505
27485 40.1491
27486 40.1477
27487 40.1467
27488 40.1462
27489 40.1466
27490 40.1472
27491 40.1478
27492 40.1471
27493 40.1456
27494 40.1432
27495 40.1396
27496 40.1345
27497 40.1298
27498 40.1265
27499 40.1249
27500 40.1236
27501 40.1218
27502 40.1203
27503 40.1192
27504 40.1171
27505 40.1144
27506 40.1108
27507 40.1063
27508 40.1021
27509 40.0989
27510 40.0962
27511 40.094
27512 40.0922
27513 40.0908
27514 40.0902
27515 40.0898
27516 40.089
27517 40.0892
27518 40.0897
27519 40.0904
27520 40.0906
27521 40.0896
27522 40.089
27523 40.0891
27524 40.0899
27525 40.0909
27526 40.092
27527 40.094
27528 40.0967
27529 40.0999
27530 40.1037
27531 40.1076
27532 40.1118
27533 40.1156
27534 40.1191
27535 40.1238
27536 40.129
27537 40.134
27538 40.1394
27539 40.1452
27540 40.1498
27541 40.1537
27542 40.1566
27543 40.1587
27544 40.1595
27545 40.1592
27546 40.1594
27547 40.16
27548 40.1605
27549 40.1614
27550 40.1636
27551 40.1662
27552 40.169
27553 40.172
27554 40.1739
27555 40.1743
27556 40.1736
27557 40.172
27558 40.1706
27559 40.169
27560 40.1678
27561 40.1671
27562 40.1673
27563 40.1679
27564 40.1684
27565 40.1694
27566 40.1697
27567 40.169
27568 40.1673
27569 40.1658
27570 40.1645
27571 40.1633
27572 40.1623
27573 40.1617
27574 40.1595
27575 40.1575
27576 40.1548
27577 40.1519
27578 40.1492
27579 40.1466
27580 40.1437
27581 40.1403
27582 40.1375
27583 40.1353
27584 40.1329
27585 40.1307
27586 40.1291
27587 40.128
27588 40.1269
27589 40.1249
27590 40.1224
27591 40.1197
27592 40.1172
27593 40.1159
27594 40.1158
27595 40.1167
27596 40.118
27597 40.1197
27598 40.1215
27599 40.1231
27600 40.1241
27601 40.1243
27602 40.1242
27603 40.1241
27604 40.1238
27605 40.1248
27606 40.1266
27607 40.1283
27608 40.1299
27609 40.1316
27610 40.1341
27611 40.137
27612 40.1396
27613 40.1419
27614 40.143
27615 40.1433
27616 40.1437
27617 40.1441
27618 40.1448
27619 40.1465
27620 40.1482
27621 40.1505
27622 40.1534
27623 40.1559
27624 40.1585
27625 40.1606
27626 40.1617
27627 40.1621
27628 40.161
27629 40.1597
27630 40.159
27631 40.1594
27632 40.1607
27633 40.1626
27634 40.165
27635 40.1683
27636 40.171
27637 40.1737
27638 40.1767
27639 40.1794
27640 40.1811
27641 40.1819
27642 40.1826
27643 40.1839
27644 40.1848
27645 40.1848
27646 40.1855
27647 40.186
27648 40.187
27649 40.1881
27650 40.1893
27651 40.1906
27652 40.1916
27653 40.1918
27654 40.191
27655 40.1897
27656 40.1884
27657 40.1878
27658 40.187
27659 40.185
27660 40.1828
27661 40.1817
27662 40.1814
27663 40.1814
27664 40.181
27665 40.18
27666 40.1791
27667 40.1786
27668 40.1788
27669 40.1784
27670 40.1773
27671 40.1757
27672 40.1746
27673 40.174
27674 40.1748
27675 40.1761
27676 40.1772
27677 40.1781
27678 40.1793
27679 40.1806
27680 40.181
27681 40.1811
27682 40.1813
27683 40.1811
27684 40.1807
27685 40.1795
27686 40.1785
27687 40.1775
27688 40.177
27689 40.177
27690 40.1778
27691 40.1795
27692 40.182
27693 40.184
27694 40.1861
27695 40.1871
27696 40.1874
27697 40.1877
27698 40.1871
27699 40.1861
27700 40.1853
27701 40.1852
27702 40.1859
27703 40.187
27704 40.1887
27705 40.1902
27706 40.1921
27707 40.1941
27708 40.196
27709 40.197
27710 40.1966
27711 40.1957
27712 40.1952
27713 40.1952
27714 40.1961
27715 40.1975
27716 40.1997
27717 40.2018
27718 40.2036
27719 40.2051
27720 40.2062
27721 40.2072
27722 40.2079
27723 40.2078
27724 40.2076
27725 40.2071
27726 40.206
27727 40.2051
27728 40.2053
27729 40.2068
27730 40.2093
27731 40.2124
27732 40.216
27733 40.2205
27734 40.2255
27735 40.2292
27736 40.2309
27737 40.2308
27738 40.2304
27739 40.2305
27740 40.2303
27741 40.2299
27742 40.2293
27743 40.2295
27744 40.2305
27745 40.2317
27746 40.2335
27747 40.2354
27748 40.2374
27749 40.2391
27750 40.2413
27751 40.2436
27752 40.2454
27753 40.2468
27754 40.2478
27755 40.2486
27756 40.25
27757 40.2509
27758 40.2518
27759 40.2535
27760 40.2559
27761 40.2579
27762 40.2596
27763 40.2603
27764 40.2593
27765 40.2575
27766 40.2561
27767 40.2556
27768 40.2558
27769 40.2566
27770 40.2575
27771 40.2589
27772 40.2609
27773 40.2626
27774 40.2642
27775 40.2644
27776 40.2645
27777 40.2637
27778 40.2621
27779 40.2597
27780 40.2563
27781 40.253
27782 40.2517
27783 40.2516
27784 40.2526
27785 40.2543
27786 40.2564
27787 40.259
27788 40.2612
27789 40.2628
27790 40.2636
27791 40.2637
27792 40.2635
27793 40.2636
27794 40.2647
27795 40.2663
27796 40.2679
27797 40.2698
27798 40.2714
27799 40.2733
27800 40.275
27801 40.2767
27802 40.2771
27803 40.2768
27804 40.2768
27805 40.2767
27806 40.2771
27807 40.2789
27808 40.281
27809 40.2832
27810 40.2857
27811 40.2885
27812 40.2914
27813 40.2941
27814 40.2958
27815 40.2964
27816 40.2957
27817 40.2941
27818 40.2922
27819 40.2913
27820 40.2908
27821 40.2906
27822 40.2907
27823 40.2914
27824 40.2912
27825 40.2913
27826 40.2912
27827 40.2902
27828 40.2893
27829 40.289
27830 40.2874
27831 40.2854
27832 40.2843
27833 40.2835
27834 40.2836
27835 40.2841
27836 40.2847
27837 40.2853
27838 40.2852
27839 40.284
27840 40.2811
27841 40.2778
27842 40.2749
27843 40.2721
27844 40.2699
27845 40.2677
27846 40.2661
27847 40.2645
27848 40.2635
27849 40.2629
27850 40.2623
27851 40.2615
27852 40.2609
27853 40.2597
27854 40.258
27855 40.2551
27856 40.2518
27857 40.2486
27858 40.245
27859 40.2417
27860 40.2389
27861 40.2376
27862 40.2382
27863 40.2395
27864 40.2408
27865 40.2417
27866 40.242
27867 40.241
27868 40.2384
27869 40.2357
27870 40.2327
27871 40.2302
27872 40.2282
27873 40.2265
27874 40.2247
27875 40.2242
27876 40.2244
27877 40.2253
27878 40.2264
27879 40.2268
27880 40.2271
27881 40.2275
27882 40.2277
27883 40.2272
27884 40.2266
27885 40.2262
27886 40.2257
27887 40.2258
27888 40.2256
27889 40.225
27890 40.2248
27891 40.2247
27892 40.2248
27893 40.2251
27894 40.2249
27895 40.2255
27896 40.2268
27897 40.2282
27898 40.2305
27899 40.2323
27900 40.2343
27901 40.2367
27902 40.2382
27903 40.2396
27904 40.2406
27905 40.2412
27906 40.2409
27907 40.241
27908 40.2406
27909 40.2405
27910 40.2405
27911 40.2418
27912 40.2434
27913 40.2457
27914 40.2482
27915 40.2505
27916 40.2518
27917 40.2521
27918 40.2517
27919 40.2501
27920 40.2478
27921 40.2463
27922 40.2452
27923 40.245
27924 40.2449
27925 40.2456
27926 40.2467
27927 40.2481
27928 40.2501
27929 40.2518
27930 40.2528
27931 40.2529
27932 40.2527
27933 40.2524
27934 40.2522
27935 40.252
27936 40.2513
27937 40.2506
27938 40.2509
27939 40.2513
27940 40.2519
27941 40.2529
27942 40.2528
27943 40.2517
27944 40.2495
27945 40.2469
27946 40.2442
27947 40.2417
27948 40.2399
27949 40.239
27950 40.2384
27951 40.2382
27952 40.2377
27953 40.237
27954 40.2357
27955 40.2347
27956 40.2328
27957 40.2302
27958 40.2269
27959 40.2236
27960 40.2213
27961 40.2202
27962 40.2192
27963 40.2194
27964 40.2204
27965 40.2219
27966 40.2232
27967 40.2246
27968 40.2254
27969 40.2255
27970 40.2247
27971 40.2233
27972 40.2226
27973 40.2221
27974 40.2216
27975 40.2214
27976 40.2222
27977 40.2237
27978 40.2261
27979 40.2285
27980 40.2307
27981 40.2326
27982 40.2342
27983 40.2349
27984 40.2337
27985 40.2324
27986 40.2316
27987 40.2313
27988 40.2317
27989 40.2321
27990 40.2329
27991 40.2345
27992 40.236
27993 40.2382
27994 40.2397
27995 40.2407
27996 40.2412
27997 40.2401
27998 40.2393
27999 40.2393
28000 40.2401
28001 40.2411
28002 40.242
28003 40.2425
28004 40.2425
28005 40.2429
28006 40.2434
28007 40.2446
28008 40.2464
28009 40.2477
28010 40.2499
28011 40.2519
28012 40.2531
28013 40.2543
28014 40.255
28015 40.2546
28016 40.2543
28017 40.2543
28018 40.2544
28019 40.2548
28020 40.2554
28021 40.256
28022 40.2569
28023 40.2576
28024 40.257
28025 40.2563
28026 40.2559
28027 40.2558
28028 40.2557
28029 40.2559
28030 40.2563
28031 40.2573
28032 40.2588
28033 40.2605
28034 40.2623
28035 40.2632
28036 40.2639
28037 40.2643
28038 40.2653
28039 40.266
28040 40.2677
28041 40.2703
28042 40.2731
28043 40.2765
28044 40.2798
28045 40.2833
28046 40.2867
28047 40.2896
28048 40.2921
28049 40.2941
28050 40.2957
28051 40.2973
28052 40.2995
28053 40.302
28054 40.3046
28055 40.3082
28056 40.3117
28057 40.3145
28058 40.3164
28059 40.319
28060 40.3219
28061 40.3251
28062 40.3282
28063 40.3304
28064 40.3316
28065 40.3325
28066 40.3324
28067 40.3319
28068 40.3314
28069 40.3311
28070 40.3312
28071 40.3317
28072 40.3325
28073 40.3338
28074 40.335
28075 40.3347
28076 40.3341
28077 40.3334
28078 40.3321
28079 40.3302
28080 40.3279
28081 40.3264
28082 40.3253
28083 40.3239
28084 40.3221
28085 40.3202
28086 40.3191
28087 40.3186
28088 40.3181
28089 40.318
28090 40.3185
28091 40.3198
28092 40.321
28093 40.3214
28094 40.3213
28095 40.3214
28096 40.3217
28097 40.322
28098 40.3227
28099 40.324
28100 40.3253
28101 40.3268
28102 40.3288
28103 40.3305
28104 40.332
28105 40.3331
28106 40.3331
28107 40.3324
28108 40.3322
28109 40.3331
28110 40.3348
28111 40.3369
28112 40.3394
28113 40.3418
28114 40.3444
28115 40.3472
28116 40.35
28117 40.3526
28118 40.3548
28119 40.3563
28120 40.3574
28121 40.3586
28122 40.3601
28123 40.3619
28124 40.3637
28125 40.3641
28126 40.3642
28127 40.3652
28128 40.3663
28129 40.3679
28130 40.369
28131 40.3699
28132 40.3704
28133 40.3718
28134 40.3736
28135 40.3754
28136 40.377
28137 40.3766
28138 40.3748
28139 40.372
28140 40.3689
28141 40.3654
28142 40.3627
28143 40.3611
28144 40.3606
28145 40.3602
28146 40.3609
28147 40.3617
28148 40.3621
28149 40.3621
28150 40.3618
28151 40.3609
28152 40.3588
28153 40.3563
28154 40.3541
28155 40.3525
28156 40.3512
28157 40.3503
28158 40.3505
28159 40.3519
28160 40.3545
28161 40.3581
28162 40.3625
28163 40.367
28164 40.3705
28165 40.3727
28166 40.3743
28167 40.3762
28168 40.3784
28169 40.3812
28170 40.3836
28171 40.3864
28172 40.3886
28173 40.3922
28174 40.3968
28175 40.4014
28176 40.4064
28177 40.4118
28178 40.4164
28179 40.4193
28180 40.421
28181 40.4222
28182 40.4235
28183 40.4256
28184 40.4281
28185 40.4315
28186 40.436
28187 40.4415
28188 40.4465
28189 40.4513
28190 40.4551
28191 40.4583
28192 40.4606
28193 40.4622
28194 40.464
28195 40.4652
28196 40.4662
28197 40.4675
28198 40.4689
28199 40.4702
28200 40.4719
28201 40.4726
28202 40.473
28203 40.4737
28204 40.475
28205 40.4762
28206 40.4779
28207 40.4801
28208 40.4821
28209 40.483
28210 40.4818
28211 40.4806
28212 40.4794
28213 40.4773
28214 40.4744
28215 40.4715
28216 40.4692
28217 40.4674
28218 40.466
28219 40.4646
28220 40.4636
28221 40.4625
28222 40.4611
28223 40.4594
28224 40.4564
28225 40.4532
28226 40.4501
28227 40.4483
28228 40.4462
28229 40.4445
28230 40.4432
28231 40.4423
28232 40.4426
28233 40.444
28234 40.4463
28235 40.4492
28236 40.4513
28237 40.4518
28238 40.451
28239 40.4489
28240 40.4459
28241 40.4422
28242 40.4392
28243 40.4372
28244 40.4373
28245 40.4388
28246 40.4415
28247 40.4446
28248 40.4474
28249 40.4496
28250 40.4508
28251 40.4508
28252 40.4506
28253 40.4505
28254 40.4506
28255 40.4509
28256 40.4521
28257 40.4549
28258 40.4588
28259 40.4637
28260 40.4693
28261 40.475
28262 40.4792
28263 40.483
28264 40.4862
28265 40.487
28266 40.4868
28267 40.4867
28268 40.4873
28269 40.4884
28270 40.4896
28271 40.4916
28272 40.4954
28273 40.4997
28274 40.5043
28275 40.5087
28276 40.5123
28277 40.5152
28278 40.5167
28279 40.5182
28280 40.5202
28281 40.5217
28282 40.5221
28283 40.522
28284 40.5206
28285 40.5186
28286 40.5162
28287 40.5145
28288 40.5143
28289 40.5146
28290 40.5147
28291 40.5149
28292 40.5142
28293 40.5128
28294 40.5116
28295 40.5101
28296 40.5083
28297 40.5049
28298 40.5004
28299 40.4959
28300 40.4917
28301 40.4882
28302 40.4856
28303 40.4843
28304 40.4841
28305 40.4831
28306 40.4812
28307 40.479
28308 40.4754
28309 40.471
28310 40.4665
28311 40.462
28312 40.4584
28313 40.4551
28314 40.4525
28315 40.4507
28316 40.4486
28317 40.4462
28318 40.4442
28319 40.4416
28320 40.4395
28321 40.4373
28322 40.4352
28323 40.4329
28324 40.431
28325 40.43
28326 40.4301
28327 40.4304
28328 40.4312
28329 40.4313
28330 40.4308
28331 40.4307
28332 40.4309
28333 40.4313
28334 40.4317
28335 40.4327
28336 40.4343
28337 40.4366
28338 40.4386
28339 40.4416
28340 40.4457
28341 40.451
28342 40.4567
28343 40.4624
28344 40.4676
28345 40.4713
28346 40.4731
28347 40.4737
28348 40.4743
28349 40.4746
28350 40.4755
28351 40.477
28352 40.4794
28353 40.4828
28354 40.4871
28355 40.4928
28356 40.498
28357 40.5016
28358 40.5041
28359 40.5067
28360 40.5087
28361 40.5102
28362 40.5113
28363 40.5126
28364 40.5145
28365 40.5181
28366 40.5226
28367 40.5267
28368 40.5302
28369 40.5328
28370 40.5356
28371 40.5371
28372 40.5381
28373 40.5391
28374 40.5406
28375 40.543
28376 40.5447
28377 40.5458
28378 40.5459
28379 40.5455
28380 40.5454
28381 40.5447
28382 40.5439
28383 40.5435
28384 40.5429
28385 40.5428
28386 40.5417
28387 40.5399
28388 40.538
28389 40.5368
28390 40.5355
28391 40.5344
28392 40.5343
28393 40.5348
28394 40.5357
28395 40.5365
28396 40.5363
28397 40.5353
28398 40.5348
28399 40.5346
28400 40.535
28401 40.5358
28402 40.5369
28403 40.538
28404 40.5391
28405 40.5399
28406 40.5407
28407 40.5418
28408 40.544
28409 40.5474
28410 40.5501
28411 40.5519
28412 40.5537
28413 40.5551
28414 40.556
28415 40.5567
28416 40.5567
28417 40.5571
28418 40.5578
28419 40.5597
28420 40.5619
28421 40.5641
28422 40.5669
28423 40.5704
28424 40.5739
28425 40.577
28426 40.5792
28427 40.5801
28428 40.5807
28429 40.5804
28430 40.5799
28431 40.5801
28432 40.582
28433 40.5854
28434 40.5898
28435 40.5945
28436 40.5991
28437 40.6027
28438 40.6055
28439 40.6084
28440 40.6107
28441 40.6116
28442 40.6111
28443 40.6097
28444 40.6089
28445 40.6086
28446 40.6086
28447 40.6087
28448 40.6104
28449 40.612
28450 40.614
28451 40.6163
28452 40.6188
28453 40.6203
28454 40.6215
28455 40.6225
28456 40.6222
28457 40.6213
28458 40.6203
28459 40.6198
28460 40.6193
28461 40.6192
28462 40.6193
28463 40.6191
28464 40.6187
28465 40.6179
28466 40.6169
28467 40.6153
28468 40.6132
28469 40.6109
28470 40.6086
28471 40.6077
28472 40.6074
28473 40.6079
28474 40.609
28475 40.6106
28476 40.6122
28477 40.6134
28478 40.6145
28479 40.6144
28480 40.6142
28481 40.6141
28482 40.6148
28483 40.6156
28484 40.6161
28485 40.6173
28486 40.6188
28487 40.6208
28488 40.6235
28489 40.6255
28490 40.6268
28491 40.6277
28492 40.6285
28493 40.6293
28494 40.6296
28495 40.6295
28496 40.629
28497 40.6279
28498 40.6272
28499 40.6274
28500 40.6276
28501 40.6279
28502 40.6275
28503 40.6279
28504 40.6283
28505 40.6292
28506 40.6293
28507 40.6294
28508 40.6288
28509 40.6273
28510 40.6254
28511 40.6235
28512 40.6221
28513 40.622
28514 40.6228
28515 40.6241
28516 40.6257
28517 40.6257
28518 40.6245
28519 40.6227
28520 40.6209
28521 40.6192
28522 40.617
28523 40.6154
28524 40.6143
28525 40.6129
28526 40.6114
28527 40.6112
28528 40.6111
28529 40.6108
28530 40.6106
28531 40.6109
28532 40.6115
28533 40.612
28534 40.6121
28535 40.6124
28536 40.6119
28537 40.6109
28538 40.6104
28539 40.6115
28540 40.6129
28541 40.615
28542 40.6175
28543 40.6199
28544 40.6229
28545 40.6248
28546 40.6265
28547 40.6276
28548 40.6288
28549 40.6302
28550 40.6311
28551 40.6311
28552 40.6317
28553 40.6332
28554 40.6348
28555 40.6365
28556 40.6378
28557 40.6384
28558 40.6386
28559 40.6387
28560 40.6383
28561 40.6385
28562 40.6395
28563 40.6412
28564 40.642
28565 40.6426
28566 40.6431
28567 40.6431
28568 40.6434
28569 40.6435
28570 40.6439
28571 40.644
28572 40.6437
28573 40.6425
28574 40.6409
28575 40.64
28576 40.6391
28577 40.6387
28578 40.6387
28579 40.6387
28580 40.6383
28581 40.6369
28582 40.6341
28583 40.6314
28584 40.6281
28585 40.6255
28586 40.6239
28587 40.6238
28588 40.624
28589 40.6236
28590 40.6225
28591 40.6206
28592 40.6186
28593 40.6164
28594 40.614
28595 40.6113
28596 40.609
28597 40.6081
28598 40.6077
28599 40.6083
28600 40.6091
28601 40.6101
28602 40.6107
28603 40.6117
28604 40.6127
28605 40.6129
28606 40.6132
28607 40.613
28608 40.6125
28609 40.6113
28610 40.6107
28611 40.6113
28612 40.6131
28613 40.6152
28614 40.6176
28615 40.62
28616 40.6222
28617 40.6233
28618 40.6233
28619 40.6228
28620 40.6223
28621 40.621
28622 40.6202
28623 40.6208
28624 40.6227
28625 40.6252
28626 40.6283
28627 40.6324
28628 40.6365
28629 40.6398
28630 40.6416
28631 40.6416
28632 40.6403
28633 40.6392
28634 40.6385
28635 40.6376
28636 40.6359
28637 40.6344
28638 40.6337
28639 40.6347
28640 40.6362
28641 40.6379
28642 40.6404
28643 40.6427
28644 40.6446
28645 40.6456
28646 40.6455
28647 40.6448
28648 40.6441
28649 40.6427
28650 40.6402
28651 40.6384
28652 40.637
28653 40.6357
28654 40.6345
28655 40.6332
28656 40.6309
28657 40.6284
28658 40.6257
28659 40.6233
28660 40.6212
28661 40.6195
28662 40.6175
28663 40.6162
28664 40.6165
28665 40.6179
28666 40.6195
28667 40.6205
28668 40.6211
28669 40.6213
28670 40.6216
28671 40.6219
28672 40.623
28673 40.6239
28674 40.6245
28675 40.6245
28676 40.624
28677 40.6232
28678 40.6231
28679 40.6233
28680 40.6244
28681 40.6263
28682 40.6282
28683 40.6309
28684 40.6342
28685 40.6372
28686 40.6403
28687 40.6412
28688 40.6404
28689 40.6394
28690 40.6389
28691 40.6385
28692 40.639
28693 40.64
28694 40.6421
28695 40.6433
28696 40.6437
28697 40.6432
28698 40.6422
28699 40.6421
28700 40.6426
28701 40.6433
28702 40.6445
28703 40.6463
28704 40.6484
28705 40.6503
28706 40.6519
28707 40.6535
28708 40.6551
28709 40.6557
28710 40.655
28711 40.6543
28712 40.6538
28713 40.6537
28714 40.6533
28715 40.6532
28716 40.6529
28717 40.6534
28718 40.6544
28719 40.6548
28720 40.6555
28721 40.6566
28722 40.6586
28723 40.6607
28724 40.6615
28725 40.6614
28726 40.6615
28727 40.6615
28728 40.6613
28729 40.6608
28730 40.6606
28731 40.6597
28732 40.6579
28733 40.6563
28734 40.6557
28735 40.6554
28736 40.6555
28737 40.6551
28738 40.6547
28739 40.6553
28740 40.6562
28741 40.6564
28742 40.6555
28743 40.6544
28744 40.6528
28745 40.6513
28746 40.6507
28747 40.6503
28748 40.6503
28749 40.6494
28750 40.6479
28751 40.6466
28752 40.645
28753 40.6437
28754 40.6428
28755 40.6416
28756 40.6408
28757 40.6404
28758 40.6403
28759 40.6404
28760 40.6407
28761 40.64
28762 40.6392
28763 40.6392
28764 40.6387
28765 40.6385
28766 40.6383
28767 40.6381
28768 40.6376
28769 40.6369
28770 40.6365
28771 40.636
28772 40.6348
28773 40.6341
28774 40.6338
28775 40.6341
28776 40.6329
28777 40.6302
28778 40.6276
28779 40.6253
28780 40.6236
28781 40.6223
28782 40.6218
28783 40.6218
28784 40.6229
28785 40.6246
28786 40.6266
28787 40.628
28788 40.629
28789 40.6283
28790 40.6266
28791 40.6243
28792 40.6223
28793 40.62
28794 40.6177
28795 40.6163
28796 40.6163
28797 40.6168
28798 40.6173
28799 40.6188
28800 40.6208
28801 40.6226
28802 40.6234
28803 40.6241
28804 40.6246
28805 40.6244
28806 40.6236
28807 40.6235
28808 40.6234
28809 40.6237
28810 40.6249
28811 40.6268
28812 40.629
28813 40.6306
28814 40.632
28815 40.6337
28816 40.6355
28817 40.6377
28818 40.6386
28819 40.638
28820 40.6378
28821 40.6376
28822 40.6376
28823 40.6384
28824 40.6397
28825 40.6411
28826 40.6426
28827 40.6443
28828 40.6462
28829 40.6474
28830 40.6491
28831 40.6501
28832 40.6506
28833 40.6515
28834 40.6517
28835 40.6514
28836 40.6509
28837 40.65
28838 40.6496
28839 40.6499
28840 40.6512
28841 40.6536
28842 40.6567
28843 40.6596
28844 40.6622
28845 40.6644
28846 40.6654
28847 40.6651
28848 40.6629
28849 40.6598
28850 40.6577
28851 40.656
28852 40.6556
28853 40.6567
28854 40.6592
28855 40.6604
28856 40.6609
28857 40.6606
28858 40.6603
28859 40.66
28860 40.6591
28861 40.6573
28862 40.6549
28863 40.6524
28864 40.6497
28865 40.6478
28866 40.6469
28867 40.6462
28868 40.6461
28869 40.6463
28870 40.6468
28871 40.6472
28872 40.647
28873 40.6457
28874 40.6436
28875 40.6404
28876 40.6376
28877 40.6352
28878 40.6335
28879 40.6326
28880 40.6324
28881 40.6328
28882 40.6324
28883 40.631
28884 40.6289
28885 40.6261
28886 40.6229
28887 40.6198
28888 40.6174
28889 40.6153
28890 40.6138
28891 40.6113
28892 40.6096
28893 40.609
28894 40.6085
28895 40.6073
28896 40.606
28897 40.6044
28898 40.6015
28899 40.5981
28900 40.5945
28901 40.5911
28902 40.5878
28903 40.5847
28904 40.5826
28905 40.5806
28906 40.5793
28907 40.5781
28908 40.5772
28909 40.5758
28910 40.5747
28911 40.5745
28912 40.5751
28913 40.5762
28914 40.5769
28915 40.5778
28916 40.5787
28917 40.5799
28918 40.5814
28919 40.5825
28920 40.5827
28921 40.5824
28922 40.5825
28923 40.5825
28924 40.5833
28925 40.5845
28926 40.5862
28927 40.5887
28928 40.5917
28929 40.5939
28930 40.5958
28931 40.5976
28932 40.5991
28933 40.6003
28934 40.6011
28935 40.6021
28936 40.6025
28937 40.6022
28938 40.6019
28939 40.6016
28940 40.6018
28941 40.6031
28942 40.6055
28943 40.6082
28944 40.6109
28945 40.6133
28946 40.6148
28947 40.615
28948 40.6145
28949 40.6134
28950 40.6125
28951 40.6129
28952 40.6145
28953 40.6168
28954 40.6199
28955 40.6233
28956 40.6262
28957 40.6266
28958 40.6254
28959 40.6233
28960 40.6193
28961 40.6146
28962 40.6099
28963 40.6067
28964 40.6051
28965 40.6052
28966 40.6065
28967 40.608
28968 40.6086
28969 40.6082
28970 40.6066
28971 40.6039
28972 40.5995
28973 40.5949
28974 40.59
28975 40.5852
28976 40.581
28977 40.5776
28978 40.5754
28979 40.5748
28980 40.5758
28981 40.5776
28982 40.5789
28983 40.5794
28984 40.5791
28985 40.5783
28986 40.5773
28987 40.576
28988 40.5758
28989 40.577
28990 40.5793
28991 40.5819
28992 40.5849
28993 40.5879
28994 40.5907
28995 40.5925
28996 40.5927
28997 40.5916
28998 40.5911
28999 40.5916
29000 40.5931
29001 40.5949
29002 40.5981
29003 40.6016
29004 40.6051
29005 40.607
29006 40.6076
29007 40.607
29008 40.6067
29009 40.6063
29010 40.6058
29011 40.6053
29012 40.6058
29013 40.6076
29014 40.6107
29015 40.6146
29016 40.6182
29017 40.621
29018 40.6226
29019 40.6233
29020 40.6235
29021 40.6234
29022 40.6238
29023 40.6246
29024 40.6253
29025 40.6263
29026 40.6282
29027 40.631
29028 40.6346
29029 40.6384
29030 40.6421
29031 40.646
29032 40.65
29033 40.6538
29034 40.6565
29035 40.6582
29036 40.659
29037 40.6595
29038 40.6604
29039 40.6625
29040 40.6652
29041 40.6681
29042 40.6707
29043 40.6736
29044 40.6768
29045 40.6778
29046 40.6779
29047 40.6773
29048 40.6758
29049 40.6737
29050 40.6715
29051 40.67
29052 40.6684
29053 40.6673
29054 40.6673
29055 40.6683
29056 40.6708
29057 40.6736
29058 40.6748
29059 40.6752
29060 40.6739
29061 40.6713
29062 40.6679
29063 40.6627
29064 40.6568
29065 40.6505
29066 40.6445
29067 40.64
29068 40.6367
29069 40.6337
29070 40.6312
29071 40.6286
29072 40.6259
29073 40.6228
29074 40.618
29075 40.6126
29076 40.606
29077 40.5994
29078 40.5934
29079 40.5884
29080 40.5843
29081 40.5819
29082 40.5807
29083 40.5796
29084 40.5779
29085 40.5757
29086 40.573
29087 40.569
29088 40.5648
29089 40.5608
29090 40.5564
29091 40.5528
29092 40.5503
29093 40.5488
29094 40.5483
29095 40.549
29096 40.5502
29097 40.5517
29098 40.5523
29099 40.5522
29100 40.5525
29101 40.5522
29102 40.5518
29103 40.5517
29104 40.5519
29105 40.5526
29106 40.5533
29107 40.5549
29108 40.5577
29109 40.5614
29110 40.5665
29111 40.572
29112 40.577
29113 40.5813
29114 40.5842
29115 40.5863
29116 40.5885
29117 40.5909
29118 40.5941
29119 40.5971
29120 40.6009
29121 40.6057
29122 40.6115
29123 40.6176
29124 40.6234
29125 40.6291
29126 40.6328
29127 40.6347
29128 40.6363
29129 40.6373
29130 40.638
29131 40.6394
29132 40.6421
29133 40.6456
29134 40.6498
29135 40.6543
29136 40.6584
29137 40.6619
29138 40.6644
29139 40.6662
29140 40.6666
29141 40.6667
29142 40.6669
29143 40.6666
29144 40.6668
29145 40.6664
29146 40.6655
29147 40.6642
29148 40.6636
29149 40.6642
29150 40.6658
29151 40.6678
29152 40.6693
29153 40.67
29154 40.6707
29155 40.6712
29156 40.6701
29157 40.6687
29158 40.6665
29159 40.6634
29160 40.6603
29161 40.6582
29162 40.656
29163 40.6541
29164 40.6523
29165 40.6501
29166 40.6483
29167 40.6466
29168 40.646
29169 40.6458
29170 40.6452
29171 40.6438
29172 40.6416
29173 40.6389
29174 40.6354
29175 40.6319
29176 40.629
29177 40.6261
29178 40.6241
29179 40.6232
29180 40.6228
29181 40.622
29182 40.6217
29183 40.6219
29184 40.622
29185 40.621
29186 40.6178
29187 40.6145
29188 40.6112
29189 40.6086
29190 40.6072
29191 40.6073
29192 40.6088
29193 40.6115
29194 40.6149
29195 40.6189
29196 40.6229
29197 40.626
29198 40.6282
29199 40.6302
29200 40.6317
29201 40.6323
29202 40.6333
29203 40.6347
29204 40.6365
29205 40.6386
29206 40.6415
29207 40.6448
29208 40.6489
29209 40.653
29210 40.657
29211 40.6611
29212 40.665
29213 40.6672
29214 40.6681
29215 40.6677
29216 40.6665
29217 40.6665
29218 40.6677
29219 40.6699
29220 40.6735
29221 40.6782
29222 40.6836
29223 40.6884
29224 40.6926
29225 40.696
29226 40.698
29227 40.6982
29228 40.697
29229 40.6949
29230 40.6938
29231 40.693
29232 40.6928
29233 40.6927
29234 40.6925
29235 40.6933
29236 40.6936
29237 40.6938
29238 40.6942
29239 40.6943
29240 40.6939
29241 40.6931
29242 40.6913
29243 40.6894
29244 40.6867
29245 40.6835
29246 40.6803
29247 40.6776
29248 40.6754
29249 40.6734
29250 40.6712
29251 40.668
29252 40.6646
29253 40.6616
29254 40.659
29255 40.6557
29256 40.6529
29257 40.6506
29258 40.6472
29259 40.6427
29260 40.6381
29261 40.6326
29262 40.6269
29263 40.6209
29264 40.6156
29265 40.6116
29266 40.6083
29267 40.6044
29268 40.6005
29269 40.5976
29270 40.5955
29271 40.5936
29272 40.5923
29273 40.5917
29274 40.591
29275 40.5899
29276 40.5885
29277 40.5872
29278 40.5861
29279 40.5854
29280 40.5855
29281 40.5861
29282 40.5877
29283 40.5908
29284 40.5947
29285 40.5985
29286 40.6035
29287 40.6091
29288 40.6139
29289 40.6182
29290 40.6217
29291 40.6236
29292 40.6252
29293 40.6277
29294 40.6313
29295 40.6357
29296 40.64
29297 40.6436
29298 40.6462
29299 40.6486
29300 40.6503
29301 40.6517
29302 40.6536
29303 40.656
29304 40.6585
29305 40.6611
29306 40.6638
29307 40.6665
29308 40.6687
29309 40.6702
29310 40.6709
29311 40.6707
29312 40.6692
29313 40.6673
29314 40.6651
29315 40.6639
29316 40.6635
29317 40.6635
29318 40.6634
29319 40.6631
29320 40.6626
29321 40.6623
29322 40.6616
29323 40.6607
29324 40.6595
29325 40.6585
29326 40.6565
29327 40.6544
29328 40.6525
29329 40.6496
29330 40.647
29331 40.645
29332 40.6437
29333 40.6421
29334 40.6404
29335 40.639
29336 40.6382
29337 40.6376
29338 40.638
29339 40.6392
29340 40.6409
29341 40.6425
29342 40.6442
29343 40.6457
29344 40.6463
29345 40.6468
29346 40.647
29347 40.6474
29348 40.6481
29349 40.6485
29350 40.649
29351 40.6505
29352 40.653
29353 40.6555
29354 40.6577
29355 40.6594
29356 40.6607
29357 40.6629
29358 40.6657
29359 40.6688
29360 40.6716
29361 40.674
29362 40.6752
29363 40.6756
29364 40.6753
29365 40.6748
29366 40.6746
29367 40.6754
29368 40.6775
29369 40.6798
29370 40.6819
29371 40.6838
29372 40.6857
29373 40.6868
29374 40.6873
29375 40.6876
29376 40.6877
29377 40.6874
29378 40.6874
29379 40.6886
29380 40.6905
29381 40.692
29382 40.6941
29383 40.6954
29384 40.6955
29385 40.6948
29386 40.6936
29387 40.6924
29388 40.6905
29389 40.6877
29390 40.6847
29391 40.6815
29392 40.6795
29393 40.6778
29394 40.6769
29395 40.6762
29396 40.675
29397 40.6731
29398 40.6701
29399 40.6666
29400 40.6617
29401 40.6566
29402 40.6525
29403 40.6496
29404 40.648
29405 40.6475
29406 40.6481
29407 40.6491
29408 40.6492
29409 40.6492
29410 40.648
29411 40.6444
29412 40.6399
29413 40.636
29414 40.6334
29415 40.6326
29416 40.6331
29417 40.6347
29418 40.6356
29419 40.6353
29420 40.6353
29421 40.6358
29422 40.637
29423 40.6377
29424 40.6376
29425 40.6376
29426 40.6373
29427 40.6375
29428 40.638
29429 40.638
29430 40.6388
29431 40.6404
29432 40.6423
29433 40.6444
29434 40.6475
29435 40.6514
29436 40.6546
29437 40.6569
29438 40.6581
29439 40.6589
29440 40.6595
29441 40.6606
29442 40.6623
29443 40.6652
29444 40.669
29445 40.6735
29446 40.6789
29447 40.6844
29448 40.6888
29449 40.6921
29450 40.6944
29451 40.696
29452 40.6978
29453 40.7003
29454 40.7028
29455 40.7058
29456 40.7094
29457 40.7133
29458 40.7171
29459 40.7203
29460 40.7225
29461 40.7249
29462 40.7275
29463 40.7298
29464 40.7319
29465 40.7329
29466 40.7333
29467 40.7344
29468 40.7357
29469 40.7377
29470 40.7405
29471 40.7435
29472 40.7464
29473 40.7485
29474 40.7498
29475 40.7505
29476 40.7509
29477 40.7509
29478 40.7497
29479 40.7484
29480 40.7484
29481 40.7494
29482 40.7512
29483 40.753
29484 40.755
29485 40.7561
29486 40.7571
29487 40.7574
29488 40.757
29489 40.7559
29490 40.7537
29491 40.7518
29492 40.7506
29493 40.7492
29494 40.7479
29495 40.7477
29496 40.7478
29497 40.7491
29498 40.7495
29499 40.7496
29500 40.7493
29501 40.7478
29502 40.7462
29503 40.7438
29504 40.742
29505 40.7407
29506 40.7399
29507 40.7398
29508 40.7392
29509 40.7382
29510 40.7372
29511 40.7365
29512 40.7357
29513 40.7349
29514 40.7334
29515 40.7308
29516 40.7285
29517 40.7277
29518 40.7281
29519 40.7288
29520 40.7298
29521 40.7311
29522 40.7325
29523 40.7343
29524 40.7354
29525 40.7355
29526 40.7339
29527 40.7313
29528 40.7289
29529 40.727
29530 40.7263
29531 40.7267
29532 40.7273
29533 40.7287
29534 40.7309
29535 40.734
29536 40.7371
29537 40.7387
29538 40.7376
29539 40.7348
29540 40.7311
29541 40.7266
29542 40.7219
29543 40.7176
29544 40.7138
29545 40.7105
29546 40.7083
29547 40.7076
29548 40.707
29549 40.7073
29550 40.707
29551 40.7057
29552 40.7035
29553 40.7007
29554 40.6982
29555 40.6954
29556 40.6932
29557 40.6914
29558 40.6895
29559 40.6874
29560 40.6854
29561 40.6841
29562 40.6822
29563 40.6795
29564 40.6762
29565 40.6725
29566 40.669
29567 40.6656
29568 40.6629
29569 40.6603
29570 40.658
29571 40.6562
29572 40.6544
29573 40.6522
29574 40.6496
29575 40.647
29576 40.6443
29577 40.6425
29578 40.6414
29579 40.6403
29580 40.6392
29581 40.6373
29582 40.6361
29583 40.6352
29584 40.6345
29585 40.6344
29586 40.6346
29587 40.6342
29588 40.6334
29589 40.6331
29590 40.6333
29591 40.6356
29592 40.6384
29593 40.6413
29594 40.6433
29595 40.6446
29596 40.6461
29597 40.6474
29598 40.6488
29599 40.6505
29600 40.6524
29601 40.6546
29602 40.6574
29603 40.6605
29604 40.6642
29605 40.667
29606 40.6691
29607 40.6713
29608 40.6734
29609 40.6746
29610 40.6749
29611 40.6739
29612 40.6728
29613 40.6716
29614 40.6705
29615 40.6708
29616 40.6718
29617 40.6734
29618 40.6753
29619 40.6767
29620 40.6771
29621 40.6761
29622 40.6748
29623 40.6731
29624 40.671
29625 40.6679
29626 40.6646
29627 40.6613
29628 40.6589
29629 40.6573
29630 40.6568
29631 40.6568
29632 40.6569
29633 40.6565
29634 40.6561
29635 40.6559
29636 40.6559
29637 40.6554
29638 40.655
29639 40.6537
29640 40.6521
29641 40.6497
29642 40.6474
29643 40.6458
29644 40.6451
29645 40.6449
29646 40.6447
29647 40.6445
29648 40.6438
29649 40.6433
29650 40.6433
29651 40.6425
29652 40.6416
29653 40.6404
29654 40.6401
29655 40.6402
29656 40.6399
29657 40.6392
29658 40.6374
29659 40.635
29660 40.6328
29661 40.6306
29662 40.6287
29663 40.6281
29664 40.6285
29665 40.6302
29666 40.6325
29667 40.6361
29668 40.6398
29669 40.6424
29670 40.6434
29671 40.6433
29672 40.6421
29673 40.6407
29674 40.6398
29675 40.6398
29676 40.6402
29677 40.6411
29678 40.6429
29679 40.6455
29680 40.6486
29681 40.652
29682 40.6555
29683 40.6577
29684 40.6581
29685 40.6571
29686 40.6557
29687 40.6548
29688 40.6546
29689 40.6551
29690 40.6565
29691 40.6591
29692 40.6624
29693 40.6672
29694 40.6716
29695 40.674
29696 40.6748
29697 40.6746
29698 40.6736
29699 40.6727
29700 40.6719
29701 40.6719
29702 40.673
29703 40.6746
29704 40.6773
29705 40.6803
29706 40.6823
29707 40.6837
29708 40.6849
29709 40.6854
29710 40.6856
29711 40.6853
29712 40.685
29713 40.6843
29714 40.6828
29715 40.6821
29716 40.6822
29717 40.6837
29718 40.6862
29719 40.6898
29720 40.6934
29721 40.6974
29722 40.701
29723 40.7041
29724 40.707
29725 40.7086
29726 40.7087
29727 40.7073
29728 40.706
29729 40.7047
29730 40.7047
29731 40.7062
29732 40.7087
29733 40.7117
29734 40.7142
29735 40.7163
29736 40.7173
29737 40.7171
29738 40.7157
29739 40.7141
29740 40.7121
29741 40.7107
29742 40.7101
29743 40.7096
29744 40.7096
29745 40.71
29746 40.7111
29747 40.7134
29748 40.7151
29749 40.7161
29750 40.7167
29751 40.7166
29752 40.7162
29753 40.7158
29754 40.7159
29755 40.7158
29756 40.7147
29757 40.7141
29758 40.7139
29759 40.7138
29760 40.7137
29761 40.7136
29762 40.7134
29763 40.7128
29764 40.7119
29765 40.7108
29766 40.7093
29767 40.7075
29768 40.7058
29769 40.7043
29770 40.7026
29771 40.7011
29772 40.6995
29773 40.6981
29774 40.6965
29775 40.6953
29776 40.6945
29777 40.6942
29778 40.6954
29779 40.6981
29780 40.7019
29781 40.7061
29782 40.7098
29783 40.7126
29784 40.7144
29785 40.7154
29786 40.7162
29787 40.7166
29788 40.7167
29789 40.717
29790 40.7186
29791 40.7212
29792 40.7238
29793 40.7265
29794 40.7294
29795 40.7322
29796 40.7348
29797 40.7364
29798 40.7373
29799 40.738
29800 40.7385
29801 40.7385
29802 40.7394
29803 40.7415
29804 40.7441
29805 40.7468
29806 40.7485
29807 40.7502
29808 40.7513
29809 40.7512
29810 40.7508
29811 40.7499
29812 40.7494
29813 40.748
29814 40.7461
29815 40.7443
29816 40.7427
29817 40.742
29818 40.7415
29819 40.7409
29820 40.7401
29821 40.7396
29822 40.7398
29823 40.7396
29824 40.739
29825 40.7377
29826 40.7364
29827 40.7343
29828 40.7322
29829 40.7294
29830 40.7266
29831 40.7244
29832 40.7227
29833 40.7213
29834 40.7198
29835 40.7191
29836 40.7188
29837 40.7183
29838 40.7166
29839 40.7144
29840 40.7116
29841 40.7083
29842 40.7042
29843 40.6997
29844 40.6957
29845 40.6927
29846 40.6903
29847 40.6887
29848 40.6878
29849 40.6868
29850 40.6859
29851 40.6852
29852 40.683
29853 40.6792
29854 40.6752
29855 40.6713
29856 40.6674
29857 40.6639
29858 40.6617
29859 40.6604
29860 40.6594
29861 40.6585
29862 40.6581
29863 40.6583
29864 40.6584
29865 40.658
29866 40.6568
29867 40.6547
29868 40.6524
29869 40.6502
29870 40.6478
29871 40.6469
29872 40.6467
29873 40.6473
29874 40.6478
29875 40.648
29876 40.6479
29877 40.6479
29878 40.6479
29879 40.6481
29880 40.6487
29881 40.6495
29882 40.65
29883 40.6508
29884 40.6521
29885 40.6542
29886 40.6569
29887 40.6597
29888 40.6629
29889 40.6657
29890 40.6674
29891 40.6684
29892 40.6681
29893 40.6678
29894 40.6683
29895 40.6694
29896 40.6704
29897 40.6716
29898 40.6732
29899 40.675
29900 40.6769
29901 40.6782
29902 40.6791
29903 40.6794
29904 40.6797
29905 40.6797
29906 40.6802
29907 40.682
29908 40.6853
29909 40.6889
29910 40.6918
29911 40.6939
29912 40.6944
29913 40.6939
29914 40.6933
29915 40.6924
29916 40.6913
29917 40.6898
29918 40.6882
29919 40.6872
29920 40.6873
29921 40.6869
29922 40.6873
29923 40.6875
29924 40.6873
29925 40.6873
29926 40.688
29927 40.6891
29928 40.6904
29929 40.6911
29930 40.6911
29931 40.6898
29932 40.6889
29933 40.6882
29934 40.687
29935 40.6855
29936 40.6842
29937 40.6828
29938 40.6814
29939 40.6807
29940 40.6793
29941 40.6766
29942 40.6748
29943 40.6728
29944 40.6707
29945 40.6683
29946 40.6664
29947 40.6647
29948 40.6642
29949 40.6644
29950 40.6646
29951 40.6649
29952 40.665
29953 40.6657
29954 40.6665
29955 40.6678
29956 40.6687
29957 40.6693
29958 40.6693
29959 40.669
29960 40.6694
29961 40.6705
29962 40.6719
29963 40.6736
29964 40.6757
29965 40.6779
29966 40.6805
29967 40.6837
29968 40.6875
29969 40.6911
29970 40.6944
29971 40.6968
29972 40.6982
29973 40.6997
29974 40.7007
29975 40.7013
29976 40.7021
29977 40.7034
29978 40.7055
29979 40.7087
29980 40.7127
29981 40.7164
29982 40.7197
29983 40.7224
29984 40.7242
29985 40.7241
29986 40.7234
29987 40.7218
29988 40.7207
29989 40.7214
29990 40.7223
29991 40.7234
29992 40.724
29993 40.7249
29994 40.7262
29995 40.7276
29996 40.7292
29997 40.7308
29998 40.7321
29999 40.7324
30000 40.7313
30001 40.7296
30002 40.7277
30003 40.7249
30004 40.7213
30005 40.7172
30006 40.7126
30007 40.709
30008 40.7061
30009 40.7042
30010 40.703
30011 40.7019
30012 40.6999
30013 40.6969
30014 40.6925
30015 40.6866
30016 40.6803
30017 40.6745
30018 40.669
30019 40.6642
30020 40.6601
30021 40.6576
30022 40.6559
30023 40.6537
30024 40.6515
30025 40.6477
30026 40.6434
30027 40.6392
30028 40.6359
30029 40.6324
30030 40.6298
30031 40.6285
30032 40.6283
30033 40.6292
30034 40.6304
30035 40.6315
30036 40.6329
30037 40.6341
30038 40.6339
30039 40.634
30040 40.6348
30041 40.6365
30042 40.6384
30043 40.6405
30044 40.6434
30045 40.6467
30046 40.65
30047 40.653
30048 40.6553
30049 40.6576
30050 40.6598
30051 40.6622
30052 40.6646
30053 40.6669
30054 40.6696
30055 40.6728
30056 40.6766
30057 40.6799
30058 40.6825
30059 40.685
30060 40.6871
30061 40.6894
30062 40.6916
30063 40.6944
30064 40.6973
30065 40.7011
30066 40.7048
30067 40.709
30068 40.7133
30069 40.7172
30070 40.7206
30071 40.724
30072 40.7274
30073 40.7306
30074 40.7337
30075 40.7369
30076 40.7399
30077 40.7431
30078 40.746
30079 40.7478
30080 40.7491
30081 40.75
30082 40.7509
30083 40.7517
30084 40.7516
30085 40.7506
30086 40.7489
30087 40.7472
30088 40.7445
30089 40.7407
30090 40.7372
30091 40.7341
30092 40.7314
30093 40.7285
30094 40.7257
30095 40.7237
30096 40.7222
30097 40.721
30098 40.7197
30099 40.7176
30100 40.7153
30101 40.7131
30102 40.711
30103 40.709
30104 40.7074
30105 40.7056
30106 40.7037
30107 40.7017
30108 40.6997
30109 40.698
30110 40.6962
30111 40.6942
30112 40.6928
30113 40.6918
30114 40.6913
30115 40.6914
30116 40.6921
30117 40.6933
30118 40.6947
30119 40.6959
30120 40.6964
30121 40.6965
30122 40.6967
30123 40.6969
30124 40.6985
30125 40.7005
30126 40.7019
30127 40.7032
30128 40.7048
30129 40.7067
30130 40.708
30131 40.7093
30132 40.7104
30133 40.7119
30134 40.714
30135 40.7163
30136 40.7189
30137 40.7213
30138 40.7238
30139 40.7269
30140 40.7296
30141 40.7323
30142 40.7348
30143 40.7381
30144 40.7416
30145 40.7455
30146 40.7498
30147 40.7548
30148 40.7599
30149 40.7648
30150 40.77
30151 40.7753
30152 40.7795
30153 40.7824
30154 40.7844
30155 40.7846
30156 40.7852
30157 40.7866
30158 40.7892
30159 40.7922
30160 40.7948
30161 40.7981
30162 40.8015
30163 40.804
30164 40.8058
30165 40.8065
30166 40.8066
30167 40.8064
30168 40.8056
30169 40.8043
30170 40.8036
30171 40.803
30172 40.8028
30173 40.8029
30174 40.8035
30175 40.8048
30176 40.8059
30177 40.8063
30178 40.8059
30179 40.8041
30180 40.8016
30181 40.7988
30182 40.7961
30183 40.7934
30184 40.7896
30185 40.7858
30186 40.7824
30187 40.78
30188 40.7779
30189 40.7764
30190 40.7752
30191 40.7737
30192 40.7723
30193 40.7701
30194 40.7673
30195 40.7645
30196 40.7616
30197 40.7582
30198 40.7545
30199 40.7511
30200 40.7484
30201 40.7462
30202 40.7439
30203 40.7417
30204 40.7395
30205 40.7373
30206 40.7359
30207 40.7353
30208 40.7354
30209 40.735
30210 40.7353
30211 40.7362
30212 40.7375
30213 40.7389
30214 40.7403
30215 40.7408
30216 40.7405
30217 40.74
30218 40.7389
30219 40.7378
30220 40.7374
30221 40.7373
30222 40.7375
30223 40.7384
30224 40.74
30225 40.7422
30226 40.7447
30227 40.7464
30228 40.7473
30229 40.748
30230 40.7488
30231 40.7491
30232 40.7489
30233 40.748
30234 40.7466
30235 40.746
30236 40.7467
30237 40.7478
30238 40.7491
30239 40.751
30240 40.7528
30241 40.7553
30242 40.7578
30243 40.7594
30244 40.7596
30245 40.7593
30246 40.7585
30247 40.7578
30248 40.7566
30249 40.7558
30250 40.7557
30251 40.7561
30252 40.7576
30253 40.7594
30254 40.7615
30255 40.7637
30256 40.7658
30257 40.7672
30258 40.7678
30259 40.7669
30260 40.765
30261 40.7629
30262 40.7608
30263 40.7593
30264 40.7578
30265 40.7563
30266 40.7554
30267 40.7556
30268 40.7553
30269 40.7549
30270 40.7543
30271 40.7533
30272 40.7518
30273 40.7505
30274 40.7488
30275 40.7463
30276 40.7437
30277 40.7417
30278 40.7404
30279 40.7398
30280 40.7395
30281 40.7397
30282 40.7404
30283 40.742
30284 40.7438
30285 40.7452
30286 40.746
30287 40.7457
30288 40.7441
30289 40.7414
30290 40.7381
30291 40.7349
30292 40.7327
30293 40.7318
30294 40.7325
30295 40.7341
30296 40.7361
30297 40.739
30298 40.7413
30299 40.743
30300 40.7428
30301 40.7405
30302 40.737
30303 40.7339
30304 40.7308
30305 40.7282
30306 40.7264
30307 40.7263
30308 40.7265
30309 40.7265
30310 40.7269
30311 40.7273
30312 40.7277
30313 40.7281
30314 40.7287
30315 40.7281
30316 40.7275
30317 40.7265
30318 40.7256
30319 40.7239
30320 40.722
30321 40.7209
30322 40.7211
30323 40.7216
30324 40.7221
30325 40.7228
30326 40.7232
30327 40.7227
30328 40.7219
30329 40.72
30330 40.7172
30331 40.7146
30332 40.7125
30333 40.7116
30334 40.7121
30335 40.7129
30336 40.7135
30337 40.7131
30338 40.7121
30339 40.7108
30340 40.7094
30341 40.7082
30342 40.707
30343 40.7063
30344 40.7059
30345 40.7064
30346 40.7076
30347 40.7091
30348 40.7114
30349 40.7136
30350 40.7156
30351 40.7169
30352 40.7176
30353 40.7181
30354 40.7188
30355 40.7204
30356 40.7223
30357 40.7241
30358 40.7252
30359 40.7264
30360 40.728
30361 40.7293
30362 40.7313
30363 40.7334
30364 40.7356
30365 40.7373
30366 40.7388
30367 40.74
30368 40.7417
30369 40.7424
30370 40.7427
30371 40.7432
30372 40.7438
30373 40.7443
30374 40.7455
30375 40.7467
30376 40.7481
30377 40.7495
30378 40.7502
30379 40.7506
30380 40.7503
30381 40.7499
30382 40.749
30383 40.7477
30384 40.7456
30385 40.7439
30386 40.7425
30387 40.7414
30388 40.7404
30389 40.7391
30390 40.7371
30391 40.7348
30392 40.7323
30393 40.7302
30394 40.7275
30395 40.726
30396 40.725
30397 40.7233
30398 40.7207
30399 40.7175
30400 40.7141
30401 40.7107
30402 40.7076
30403 40.7049
30404 40.7023
30405 40.7002
30406 40.6997
30407 40.7009
30408 40.7033
30409 40.7058
30410 40.7085
30411 40.7099
30412 40.7103
30413 40.7094
30414 40.7076
30415 40.7061
30416 40.7045
30417 40.7035
30418 40.7046
30419 40.7079
30420 40.7124
30421 40.7171
30422 40.721
30423 40.7233
30424 40.7252
30425 40.7269
30426 40.7278
30427 40.728
30428 40.728
30429 40.7289
30430 40.7303
30431 40.7326
30432 40.7354
30433 40.7397
30434 40.7444
30435 40.7498
30436 40.7556
30437 40.7613
30438 40.7655
30439 40.7685
30440 40.7707
30441 40.7722
30442 40.7738
30443 40.7757
30444 40.7773
30445 40.7793
30446 40.7818
30447 40.7855
30448 40.7897
30449 40.7938
30450 40.7974
30451 40.8006
30452 40.8032
30453 40.8037
30454 40.8031
30455 40.802
30456 40.8014
30457 40.801
30458 40.8008
30459 40.8005
30460 40.8001
30461 40.7995
30462 40.7991
30463 40.7991
30464 40.7979
30465 40.7948
30466 40.7912
30467 40.7877
30468 40.7849
30469 40.7825
30470 40.7814
30471 40.7808
30472 40.7799
30473 40.7792
30474 40.7782
30475 40.7762
30476 40.774
30477 40.7715
30478 40.7692
30479 40.767
30480 40.7649
30481 40.763
30482 40.7613
30483 40.7591
30484 40.7566
30485 40.7545
30486 40.753
30487 40.7525
30488 40.7524
30489 40.7526
30490 40.7521
30491 40.7508
30492 40.7491
30493 40.7475
30494 40.7457
30495 40.7441
30496 40.7423
30497 40.74
30498 40.7383
30499 40.7371
30500 40.7361
30501 40.7358
30502 40.7357
30503 40.7356
30504 40.7352
30505 40.7351
30506 40.735
30507 40.7352
30508 40.7354
30509 40.7347
30510 40.7345
30511 40.7347
30512 40.7356
30513 40.7361
30514 40.736
30515 40.7358
30516 40.7357
30517 40.7353
30518 40.7356
30519 40.7366
30520 40.7382
30521 40.7398
30522 40.7411
30523 40.7418
30524 40.7421
30525 40.7417
30526 40.7402
30527 40.7385
30528 40.7369
30529 40.7357
30530 40.734
30531 40.733
30532 40.7329
30533 40.7332
30534 40.7328
30535 40.7326
30536 40.7319
30537 40.7303
30538 40.7282
30539 40.7263
30540 40.7248
30541 40.724
30542 40.724
30543 40.7236
30544 40.7227
30545 40.7223
30546 40.7223
30547 40.7224
30548 40.7228
30549 40.7232
30550 40.7236
30551 40.7236
30552 40.7229
30553 40.7217
30554 40.7192
30555 40.7169
30556 40.7148
30557 40.7132
30558 40.7131
30559 40.7141
30560 40.7147
30561 40.7146
30562 40.7137
30563 40.7122
30564 40.7097
30565 40.7061
30566 40.7023
30567 40.6995
30568 40.6978
30569 40.6977
30570 40.6985
30571 40.7001
30572 40.7022
30573 40.7039
30574 40.7048
30575 40.7051
30576 40.7043
30577 40.7025
30578 40.7009
30579 40.6992
30580 40.6982
30581 40.6984
30582 40.6994
30583 40.7013
30584 40.7029
30585 40.7035
30586 40.7029
30587 40.7009
30588 40.698
30589 40.6955
30590 40.6933
30591 40.6919
30592 40.6912
30593 40.6912
30594 40.6913
30595 40.692
30596 40.6926
30597 40.6927
30598 40.6926
30599 40.6912
30600 40.6884
30601 40.685
30602 40.6817
30603 40.6786
30604 40.6766
30605 40.6758
30606 40.6756
30607 40.6756
30608 40.6753
30609 40.6748
30610 40.6731
30611 40.6702
30612 40.666
30613 40.6613
30614 40.657
30615 40.6537
30616 40.6518
30617 40.6507
30618 40.65
30619 40.65
30620 40.6499
30621 40.6502
30622 40.6499
30623 40.6495
30624 40.6485
30625 40.647
30626 40.6453
30627 40.6435
30628 40.6417
30629 40.6401
30630 40.6396
30631 40.6401
30632 40.641
30633 40.6414
30634 40.6421
30635 40.6435
30636 40.6448
30637 40.6456
30638 40.646
30639 40.6454
30640 40.6439
30641 40.6424
30642 40.6416
30643 40.6418
30644 40.6425
30645 40.6432
30646 40.6439
30647 40.6447
30648 40.6456
30649 40.6459
30650 40.6459
30651 40.6456
30652 40.6462
30653 40.6477
30654 40.6496
30655 40.6521
30656 40.6551
30657 40.6582
30658 40.661
30659 40.6637
30660 40.667
30661 40.6691
30662 40.6705
30663 40.6711
30664 40.6705
30665 40.6705
30666 40.6705
30667 40.6713
30668 40.6727
30669 40.6747
30670 40.6775
30671 40.6806
30672 40.6836
30673 40.6861
30674 40.6885
30675 40.6905
30676 40.6919
30677 40.6925
30678 40.6924
30679 40.6923
30680 40.6926
30681 40.693
30682 40.6941
30683 40.6961
30684 40.6983
30685 40.7003
30686 40.7016
30687 40.7025
30688 40.703
30689 40.7031
30690 40.7023
30691 40.7007
30692 40.699
30693 40.6977
30694 40.6963
30695 40.696
30696 40.6962
30697 40.6973
30698 40.6986
30699 40.6996
30700 40.7
30701 40.6991
30702 40.6975
30703 40.6954
30704 40.6915
30705 40.6876
30706 40.6843
30707 40.6823
30708 40.6816
30709 40.682
30710 40.6836
30711 40.6849
30712 40.6851
30713 40.6844
30714 40.683
30715 40.6815
30716 40.6806
30717 40.6804
30718 40.6805
30719 40.68
30720 40.6797
30721 40.6799
30722 40.681
30723 40.6826
30724 40.684
30725 40.6848
30726 40.6851
30727 40.6848
30728 40.6847
30729 40.6847
30730 40.6853
30731 40.6865
30732 40.6879
30733 40.689
30734 40.6908
30735 40.6929
30736 40.6954
30737 40.698
30738 40.7011
30739 40.7031
30740 40.7044
30741 40.7049
30742 40.7047
30743 40.7047
30744 40.705
30745 40.7055
30746 40.7053
30747 40.7053
30748 40.7056
30749 40.7055
30750 40.7051
30751 40.7048
30752 40.705
30753 40.7048
30754 40.7033
30755 40.7008
30756 40.6979
30757 40.6948
30758 40.6919
30759 40.6893
30760 40.6872
30761 40.6848
30762 40.6826
30763 40.6806
30764 40.6792
30765 40.6778
30766 40.6757
30767 40.6731
30768 40.6695
30769 40.6657
30770 40.6616
30771 40.6577
30772 40.6543
30773 40.6509
30774 40.6475
30775 40.645
30776 40.6433
30777 40.6429
30778 40.6439
30779 40.6447
30780 40.6456
30781 40.6453
30782 40.6443
30783 40.6428
30784 40.6405
30785 40.638
30786 40.6357
30787 40.6338
30788 40.6324
30789 40.6316
30790 40.6306
30791 40.6304
30792 40.6305
30793 40.631
30794 40.6323
30795 40.6339
30796 40.6353
30797 40.6366
30798 40.6376
30799 40.6373
30800 40.6364
30801 40.6358
30802 40.636
30803 40.6368
30804 40.6388
30805 40.6413
30806 40.6433
30807 40.6456
30808 40.648
30809 40.6497
30810 40.6507
30811 40.6508
30812 40.6499
30813 40.6489
30814 40.6492
30815 40.6501
30816 40.6514
30817 40.6534
30818 40.6557
30819 40.6577
30820 40.6591
30821 40.6598
30822 40.6599
30823 40.6598
30824 40.6598
30825 40.66
30826 40.6602
30827 40.6611
30828 40.6632
30829 40.6654
30830 40.6675
30831 40.6707
30832 40.6744
30833 40.6773
30834 40.6803
30835 40.6818
30836 40.6828
30837 40.6832
30838 40.6837
30839 40.6842
30840 40.6847
30841 40.6853
30842 40.6859
30843 40.6867
30844 40.6877
30845 40.6894
30846 40.6905
30847 40.6918
30848 40.6926
30849 40.6926
30850 40.6921
30851 40.6911
30852 40.6902
30853 40.6895
30854 40.6893
30855 40.689
30856 40.6889
30857 40.6892
30858 40.6898
30859 40.6904
30860 40.6908
30861 40.691
30862 40.6911
30863 40.6904
30864 40.6893
30865 40.6872
30866 40.6852
30867 40.6834
30868 40.6811
30869 40.6789
30870 40.6775
30871 40.6766
30872 40.6758
30873 40.6755
30874 40.6748
30875 40.6735
30876 40.6709
30877 40.6675
30878 40.6634
30879 40.6587
30880 40.6538
30881 40.6497
30882 40.6462
30883 40.6434
30884 40.641
30885 40.6389
30886 40.6373
30887 40.6365
30888 40.6361
30889 40.6357
30890 40.6351
30891 40.6333
30892 40.6317
30893 40.6299
30894 40.6294
30895 40.6296
30896 40.6301
30897 40.6311
30898 40.6323
30899 40.6335
30900 40.6347
30901 40.6347
30902 40.6338
30903 40.6326
30904 40.6315
30905 40.6318
30906 40.6329
30907 40.6342
30908 40.6357
30909 40.6374
30910 40.6396
30911 40.6421
30912 40.6443
30913 40.6461
30914 40.6474
30915 40.6481
30916 40.6489
30917 40.6505
30918 40.6528
30919 40.6561
30920 40.6591
30921 40.662
30922 40.6647
30923 40.6673
30924 40.6698
30925 40.6731
30926 40.6767
30927 40.6805
30928 40.6838
30929 40.6861
30930 40.6872
30931 40.6885
30932 40.6904
30933 40.6926
30934 40.6941
30935 40.6949
30936 40.6944
30937 40.692
30938 40.6891
30939 40.6858
30940 40.6823
30941 40.6793
30942 40.677
30943 40.6755
30944 40.6747
30945 40.6734
30946 40.6717
30947 40.6696
30948 40.6668
30949 40.6625
30950 40.6571
30951 40.6512
30952 40.6456
30953 40.6402
30954 40.6355
30955 40.6307
30956 40.6262
30957 40.6215
30958 40.6168
30959 40.6125
30960 40.6087
30961 40.6049
30962 40.6008
30963 40.5969
30964 40.5932
30965 40.5894
30966 40.5861
30967 40.5824
30968 40.5794
30969 40.5776
30970 40.5764
30971 40.576
30972 40.5751
30973 40.5741
30974 40.5723
30975 40.5701
30976 40.5677
30977 40.5658
30978 40.5646
30979 40.5641
30980 40.5633
30981 40.5635
30982 40.5642
30983 40.5653
30984 40.5664
30985 40.5671
30986 40.5677
30987 40.5683
30988 40.5687
30989 40.5692
30990 40.5701
30991 40.5709
30992 40.5713
30993 40.5723
30994 40.5741
30995 40.5762
30996 40.5784
30997 40.5807
30998 40.5828
30999 40.5847
31000 40.5871
31001 40.5902
31002 40.5934
31003 40.5965
31004 40.5996
31005 40.6026
31006 40.6052
31007 40.6075
31008 40.6102
31009 40.6121
31010 40.6132
31011 40.6142
31012 40.6153
31013 40.6168
31014 40.6181
31015 40.6191
31016 40.62
31017 40.621
31018 40.622
31019 40.6227
31020 40.6227
31021 40.6224
31022 40.6217
31023 40.6208
31024 40.6194
31025 40.6182
31026 40.618
31027 40.6184
31028 40.6189
31029 40.6193
31030 40.6196
31031 40.6185
31032 40.616
31033 40.6127
31034 40.6097
31035 40.6073
31036 40.6056
31037 40.6051
31038 40.605
31039 40.6043
31040 40.6024
31041 40.5999
31042 40.5973
31043 40.5943
31044 40.5916
31045 40.5891
31046 40.5866
31047 40.5842
31048 40.5823
31049 40.5806
31050 40.5788
31051 40.5766
31052 40.5752
31053 40.5732
31054 40.5713
31055 40.5693
31056 40.5663
31057 40.5623
31058 40.5586
31059 40.555
31060 40.5529
31061 40.5518
31062 40.5516
31063 40.5525
31064 40.5541
31065 40.5557
31066 40.5569
31067 40.5576
31068 40.5573
31069 40.5562
31070 40.5552
31071 40.5547
31072 40.5545
31073 40.5553
31074 40.5567
31075 40.5591
31076 40.5617
31077 40.5645
31078 40.5676
31079 40.5699
31080 40.5729
31081 40.5759
31082 40.5791
31083 40.5826
31084 40.5856
31085 40.5884
31086 40.5912
31087 40.594
31088 40.5976
31089 40.6015
31090 40.6047
31091 40.6072
31092 40.6099
31093 40.6127
31094 40.6155
31095 40.6186
31096 40.6212
31097 40.6241
31098 40.6274
31099 40.631
31100 40.6345
31101 40.6382
31102 40.6408
31103 40.6427
31104 40.6441
31105 40.6454
31106 40.6467
31107 40.648
31108 40.6498
31109 40.6514
31110 40.6532
31111 40.655
31112 40.6566
31113 40.6577
31114 40.6586
31115 40.6594
31116 40.66
31117 40.66
31118 40.6599
31119 40.659
31120 40.657
31121 40.6546
31122 40.6527
31123 40.6513
31124 40.6511
31125 40.6522
31126 40.6542
31127 40.6567
31128 40.6582
31129 40.6581
31130 40.6569
31131 40.6551
31132 40.6522
31133 40.6493
31134 40.6468
31135 40.6453
31136 40.645
31137 40.6459
31138 40.6476
31139 40.649
31140 40.6497
31141 40.6499
31142 40.6499
31143 40.6496
31144 40.6493
31145 40.6484
31146 40.6469
31147 40.6464
31148 40.6465
31149 40.6468
31150 40.6478
31151 40.6493
31152 40.6516
31153 40.6539
31154 40.6558
31155 40.6575
31156 40.6588
31157 40.6599
31158 40.66
31159 40.6594
31160 40.6585
31161 40.6582
31162 40.6589
31163 40.6602
31164 40.6618
31165 40.6637
31166 40.6655
31167 40.6667
31168 40.6679
31169 40.669
31170 40.6692
31171 40.6695
31172 40.6706
31173 40.6721
31174 40.674
31175 40.6759
31176 40.6774
31177 40.6779
31178 40.6779
31179 40.6777
31180 40.6771
31181 40.6767
31182 40.6764
31183 40.6752
31184 40.6738
31185 40.6725
31186 40.6708
31187 40.6686
31188 40.667
31189 40.6659
31190 40.6647
31191 40.6631
31192 40.6621
31193 40.6606
31194 40.6594
31195 40.6584
31196 40.6575
31197 40.656
31198 40.6533
31199 40.6493
31200 40.6454
31201 40.642
31202 40.6382
31203 40.6349
31204 40.6325
31205 40.6309
31206 40.6298
31207 40.6294
31208 40.6292
31209 40.6288
31210 40.6282
31211 40.6273
31212 40.6266
31213 40.6263
31214 40.6267
31215 40.6277
31216 40.6288
31217 40.63
31218 40.631
31219 40.6316
31220 40.6325
31221 40.6338
31222 40.6347
31223 40.6354
31224 40.6359
31225 40.6364
31226 40.6371
31227 40.6382
31228 40.6403
31229 40.6431
31230 40.6463
31231 40.6487
31232 40.6508
31233 40.6532
31234 40.6557
31235 40.6581
31236 40.6603
31237 40.6616
31238 40.6621
31239 40.6625
31240 40.6636
31241 40.6658
31242 40.6684
31243 40.6721
31244 40.6754
31245 40.6784
31246 40.6811
31247 40.6834
31248 40.6856
31249 40.6878
31250 40.6897
31251 40.6909
31252 40.6916
31253 40.6925
31254 40.6929
31255 40.693
31256 40.6929
31257 40.6929
31258 40.6929
31259 40.6926
31260 40.6925
31261 40.6922
31262 40.6925
31263 40.6933
31264 40.6941
31265 40.6951
31266 40.6951
31267 40.6948
31268 40.6943
31269 40.6943
31270 40.6948
31271 40.6946
31272 40.6946
31273 40.6938
31274 40.6936
31275 40.6938
31276 40.6945
31277 40.6949
31278 40.6949
31279 40.6938
31280 40.6912
31281 40.6884
31282 40.6866
31283 40.6858
31284 40.6854
31285 40.6841
31286 40.6822
31287 40.6809
31288 40.681
31289 40.6821
31290 40.6835
31291 40.6849
31292 40.6853
31293 40.6853
31294 40.6851
31295 40.6855
31296 40.6863
31297 40.687
31298 40.688
31299 40.6899
31300 40.6922
31301 40.6944
31302 40.6966
31303 40.6988
31304 40.7008
31305 40.7027
31306 40.7044
31307 40.7053
31308 40.7056
31309 40.7058
31310 40.7064
31311 40.7075
31312 40.7094
31313 40.7116
31314 40.7143
31315 40.7164
31316 40.7178
31317 40.7186
31318 40.719
31319 40.7194
31320 40.7195
31321 40.7196
31322 40.7192
31323 40.7192
31324 40.7205
31325 40.7229
31326 40.726
31327 40.7292
31328 40.7317
31329 40.7339
31330 40.7354
31331 40.7355
31332 40.7345
31333 40.7337
31334 40.7334
31335 40.7342
31336 40.7356
31337 40.7378
31338 40.7395
31339 40.7407
31340 40.7416
31341 40.7425
31342 40.7433
31343 40.7443
31344 40.7457
31345 40.7466
31346 40.7473
31347 40.7479
31348 40.7493
31349 40.7505
31350 40.7515
31351 40.7526
31352 40.754
31353 40.7546
31354 40.7545
31355 40.7544
31356 40.7535
31357 40.7522
31358 40.7513
31359 40.7509
31360 40.7504
31361 40.7507
31362 40.7516
31363 40.7522
31364 40.7526
31365 40.7524
31366 40.751
31367 40.7501
31368 40.7494
31369 40.7486
31370 40.7473
31371 40.7459
31372 40.7444
31373 40.7429
31374 40.7421
31375 40.742
31376 40.7426
31377 40.7431
31378 40.7436
31379 40.7443
31380 40.7446
31381 40.744
31382 40.7433
31383 40.7423
31384 40.7416
31385 40.7416
31386 40.7419
31387 40.7426
31388 40.7438
31389 40.7453
31390 40.7471
31391 40.7481
31392 40.7481
31393 40.7464
31394 40.7438
31395 40.7413
31396 40.7385
31397 40.7365
31398 40.7354
31399 40.736
31400 40.7377
31401 40.74
31402 40.7429
31403 40.7449
31404 40.7455
31405 40.7443
31406 40.7425
31407 40.7402
31408 40.739
31409 40.7385
31410 40.74
31411 40.7425
31412 40.745
31413 40.7464
31414 40.747
31415 40.7473
31416 40.7474
31417 40.7474
31418 40.7466
31419 40.7462
31420 40.7462
31421 40.7468
31422 40.7468
31423 40.7474
31424 40.749
31425 40.751
31426 40.7526
31427 40.7536
31428 40.7544
31429 40.7541
31430 40.7535
31431 40.753
31432 40.7526
31433 40.7522
31434 40.7525
31435 40.7532
31436 40.7532
31437 40.7525
31438 40.7518
31439 40.7522
31440 40.7534
31441 40.7551
31442 40.757
31443 40.7586
31444 40.7597
31445 40.7599
31446 40.7594
31447 40.759
31448 40.7584
31449 40.7586
31450 40.7585
31451 40.7584
31452 40.7585
31453 40.7589
31454 40.7594
31455 40.76
31456 40.7601
31457 40.7604
31458 40.7612
31459 40.7623
31460 40.7639
31461 40.7653
31462 40.7671
31463 40.7695
31464 40.772
31465 40.7746
31466 40.7768
31467 40.778
31468 40.7789
31469 40.78
31470 40.7819
31471 40.7844
31472 40.7877
31473 40.792
31474 40.7972
31475 40.8024
31476 40.8069
31477 40.8104
31478 40.8125
31479 40.8132
31480 40.8136
31481 40.8138
31482 40.8142
31483 40.8157
31484 40.8183
31485 40.8217
31486 40.8258
31487 40.8302
31488 40.8346
31489 40.8384
31490 40.841
31491 40.8428
31492 40.8434
31493 40.8432
31494 40.8429
31495 40.8426
31496 40.8421
31497 40.8418
31498 40.8414
31499 40.8417
31500 40.8426
31501 40.8436
31502 40.8449
31503 40.8459
31504 40.8471
31505 40.8483
31506 40.8487
31507 40.8497
31508 40.8508
31509 40.8522
31510 40.8532
31511 40.8545
31512 40.8544
31513 40.8535
31514 40.8528
31515 40.8521
31516 40.8518
31517 40.8532
31518 40.8555
31519 40.8586
31520 40.8622
31521 40.8656
31522 40.8679
31523 40.8686
31524 40.8676
31525 40.8659
31526 40.8636
31527 40.8612
31528 40.8594
31529 40.8583
31530 40.8575
31531 40.8569
31532 40.8569
31533 40.8568
31534 40.8573
31535 40.8574
31536 40.8573
31537 40.8559
31538 40.8539
31539 40.852
31540 40.85
31541 40.8483
31542 40.8476
31543 40.8476
31544 40.8473
31545 40.8465
31546 40.8463
31547 40.8452
31548 40.8433
31549 40.8411
31550 40.84
31551 40.839
31552 40.8388
31553 40.8388
31554 40.839
31555 40.8392
31556 40.8392
31557 40.8384
31558 40.8373
31559 40.836
31560 40.834
31561 40.8321
31562 40.8308
31563 40.83
31564 40.8293
31565 40.829
31566 40.829
31567 40.8294
31568 40.8303
31569 40.8315
31570 40.8324
31571 40.8333
31572 40.8336
31573 40.8344
31574 40.8346
31575 40.8343
31576 40.8333
31577 40.8329
31578 40.8329
31579 40.8333
31580 40.8337
31581 40.8352
31582 40.8375
31583 40.8398
31584 40.8418
31585 40.8432
31586 40.8439
31587 40.845
31588 40.8467
31589 40.8493
31590 40.8523
31591 40.8554
31592 40.8584
31593 40.8612
31594 40.863
31595 40.8644
31596 40.8657
31597 40.867
31598 40.868
31599 40.8695
31600 40.8717
31601 40.8743
31602 40.877
31603 40.8799
31604 40.8826
31605 40.8851
31606 40.8875
31607 40.8893
31608 40.8903
31609 40.8907
31610 40.891
31611 40.8911
31612 40.8917
31613 40.8929
31614 40.8943
31615 40.8958
31616 40.8966
31617 40.8966
31618 40.8958
31619 40.8945
31620 40.8933
31621 40.8916
31622 40.8895
31623 40.8874
31624 40.8862
31625 40.8857
31626 40.8852
31627 40.8846
31628 40.8839
31629 40.8832
31630 40.8823
31631 40.8812
31632 40.8805
31633 40.8787
31634 40.8769
31635 40.8756
31636 40.8742
31637 40.8726
31638 40.87
31639 40.8667
31640 40.8619
31641 40.8568
31642 40.8525
31643 40.8486
31644 40.8453
31645 40.8429
31646 40.8423
31647 40.8425
31648 40.8433
31649 40.8444
31650 40.8445
31651 40.8445
31652 40.8447
31653 40.8448
31654 40.8447
31655 40.8453
31656 40.846
31657 40.8467
31658 40.8482
31659 40.8505
31660 40.8536
31661 40.8572
31662 40.8605
31663 40.8632
31664 40.8656
31665 40.8668
31666 40.8673
31667 40.8681
31668 40.8682
31669 40.8683
31670 40.8691
31671 40.8712
31672 40.8747
31673 40.8798
31674 40.8852
31675 40.8898
31676 40.8936
31677 40.8955
31678 40.8952
31679 40.8933
31680 40.8913
31681 40.8898
31682 40.889
31683 40.8887
31684 40.889
31685 40.889
31686 40.8892
31687 40.8903
31688 40.8916
31689 40.8927
31690 40.8934
31691 40.8931
31692 40.8912
31693 40.8874
31694 40.8834
31695 40.8801
31696 40.8788
31697 40.8789
31698 40.8795
31699 40.8809
31700 40.8826
31701 40.8841
31702 40.8854
31703 40.8855
31704 40.884
31705 40.8816
31706 40.879
31707 40.8772
31708 40.8764
31709 40.8759
31710 40.8759
31711 40.8763
31712 40.8767
31713 40.8775
31714 40.8781
31715 40.8781
31716 40.8781
31717 40.8773
31718 40.876
31719 40.8739
31720 40.8716
31721 40.8699
31722 40.8687
31723 40.8678
31724 40.8681
31725 40.8697
31726 40.8716
31727 40.8733
31728 40.8747
31729 40.8756
31730 40.8767
31731 40.8771
31732 40.8772
31733 40.8773
31734 40.878
31735 40.8792
31736 40.8803
31737 40.8817
31738 40.8835
31739 40.8854
31740 40.8869
31741 40.8884
31742 40.8893
31743 40.8899
31744 40.8901
31745 40.8899
31746 40.8907
31747 40.8913
31748 40.8919
31749 40.893
31750 40.8937
31751 40.8941
31752 40.8957
31753 40.8976
31754 40.9003
31755 40.9031
31756 40.9055
31757 40.9078
31758 40.9101
31759 40.9116
31760 40.9119
31761 40.9115
31762 40.9112
31763 40.911
31764 40.9114
31765 40.9128
31766 40.9137
31767 40.915
31768 40.9167
31769 40.9189
31770 40.9208
31771 40.9221
31772 40.9231
31773 40.9232
31774 40.9239
31775 40.925
31776 40.9262
31777 40.927
31778 40.9275
31779 40.9286
31780 40.9298
31781 40.9316
31782 40.9324
31783 40.9325
31784 40.9327
31785 40.9332
31786 40.934
31787 40.9348
31788 40.9346
31789 40.9345
31790 40.9348
31791 40.9354
31792 40.9363
31793 40.9369
31794 40.9363
31795 40.9343
31796 40.9313
31797 40.928
31798 40.9248
31799 40.9222
31800 40.9199
31801 40.9184
31802 40.9174
31803 40.9167
31804 40.916
31805 40.9143
31806 40.912
31807 40.9094
31808 40.907
31809 40.9036
31810 40.9002
31811 40.8966
31812 40.894
31813 40.8918
31814 40.8902
31815 40.8894
31816 40.8897
31817 40.8903
31818 40.8907
31819 40.8906
31820 40.8896
31821 40.888
31822 40.8856
31823 40.8825
31824 40.8795
31825 40.8778
31826 40.8772
31827 40.8772
31828 40.8776
31829 40.8785
31830 40.8806
31831 40.8832
31832 40.8856
31833 40.8862
31834 40.8859
31835 40.8851
31836 40.8847
31837 40.885
31838 40.8862
31839 40.8879
31840 40.8899
31841 40.8928
31842 40.8954
31843 40.8971
31844 40.8984
31845 40.8998
31846 40.9022
31847 40.9045
31848 40.9056
31849 40.9068
31850 40.9088
31851 40.9116
31852 40.9153
31853 40.9194
31854 40.9245
31855 40.9298
31856 40.9338
31857 40.9371
31858 40.9394
31859 40.9415
31860 40.9435
31861 40.9461
31862 40.9494
31863 40.9531
31864 40.957
31865 40.9611
31866 40.9655
31867 40.9695
31868 40.9736
31869 40.9777
31870 40.9811
31871 40.9827
31872 40.9837
31873 40.9845
31874 40.9851
31875 40.9853
31876 40.9858
31877 40.9868
31878 40.988
31879 40.9888
31880 40.989
31881 40.9894
31882 40.989
31883 40.9875
31884 40.9855
31885 40.9827
31886 40.9797
31887 40.9769
31888 40.9741
31889 40.9713
31890 40.9682
31891 40.9649
31892 40.9615
31893 40.9585
31894 40.9555
31895 40.9534
31896 40.9518
31897 40.9508
31898 40.9504
31899 40.9503
31900 40.9496
31901 40.948
31902 40.9449
31903 40.9414
31904 40.9384
31905 40.9363
31906 40.9343
31907 40.9326
31908 40.9315
31909 40.9299
31910 40.9286
31911 40.9277
31912 40.927
31913 40.9263
31914 40.925
31915 40.9235
31916 40.9218
31917 40.9199
31918 40.918
31919 40.9156
31920 40.9135
31921 40.9115
31922 40.9092
31923 40.9069
31924 40.9046
31925 40.9037
31926 40.9039
31927 40.9034
31928 40.9019
31929 40.8997
31930 40.898
31931 40.8962
31932 40.894
31933 40.8917
31934 40.8902
31935 40.8885
31936 40.886
31937 40.8831
31938 40.8805
31939 40.8784
31940 40.8759
31941 40.8733
31942 40.8709
31943 40.8695
31944 40.8684
31945 40.8673
31946 40.867
31947 40.8671
31948 40.8676
31949 40.8676
31950 40.8672
31951 40.8672
31952 40.8676
31953 40.8682
31954 40.8687
31955 40.8695
31956 40.8712
31957 40.874
31958 40.8773
31959 40.8814
31960 40.8859
31961 40.8902
31962 40.8931
31963 40.8952
31964 40.8972
31965 40.8984
31966 40.8991
31967 40.9
31968 40.9026
31969 40.906
31970 40.9111
31971 40.9175
31972 40.924
31973 40.9306
31974 40.9368
31975 40.9419
31976 40.9458
31977 40.9486
31978 40.9498
31979 40.9497
31980 40.9492
31981 40.9488
31982 40.9487
31983 40.9489
31984 40.95
31985 40.952
31986 40.9538
31987 40.9555
31988 40.957
31989 40.9576
31990 40.9571
31991 40.9548
31992 40.9511
31993 40.9469
31994 40.9433
31995 40.9398
31996 40.9373
31997 40.9358
31998 40.9351
31999 40.9347
32000 40.9344
32001 40.9338
32002 40.932
32003 40.9295
32004 40.9268
32005 40.9238
32006 40.9206
32007 40.9177
32008 40.9155
32009 40.915
32010 40.9155
32011 40.9161
32012 40.9163
32013 40.916
32014 40.9155
32015 40.9138
32016 40.9117
32017 40.9099
32018 40.9083
32019 40.9071
32020 40.9054
32021 40.9035
32022 40.9028
32023 40.9029
32024 40.9034
32025 40.9047
32026 40.9064
32027 40.9077
32028 40.9087
32029 40.9098
32030 40.9099
32031 40.9103
32032 40.9106
32033 40.9117
32034 40.9134
32035 40.9152
32036 40.9168
32037 40.9178
32038 40.9187
32039 40.9198
32040 40.9201
32041 40.9211
32042 40.9228
32043 40.9252
32044 40.9277
32045 40.9301
32046 40.933
32047 40.936
32048 40.9381
32049 40.9388
32050 40.9388
32051 40.9388
32052 40.9401
32053 40.9424
32054 40.9454
32055 40.9492
32056 40.9532
32057 40.9572
32058 40.9606
32059 40.9629
32060 40.964
32061 40.9643
32062 40.9639
32063 40.9627
32064 40.9613
32065 40.9602
32066 40.9596
32067 40.9596
32068 40.9604
32069 40.9618
32070 40.963
32071 40.9641
32072 40.9636
32073 40.9628
32074 40.9617
32075 40.961
32076 40.9602
32077 40.9598
32078 40.9598
32079 40.9602
32080 40.961
32081 40.9622
32082 40.9629
32083 40.9628
32084 40.9613
32085 40.9598
32086 40.9578
32087 40.9558
32088 40.9534
32089 40.951
32090 40.9493
32091 40.9485
32092 40.9488
32093 40.9497
32094 40.9516
32095 40.9532
32096 40.9548
32097 40.9553
32098 40.9552
32099 40.9546
32100 40.9536
32101 40.9528
32102 40.9526
32103 40.9528
32104 40.9526
32105 40.9521
32106 40.9518
32107 40.9519
32108 40.9523
32109 40.9523
32110 40.9519
32111 40.9518
32112 40.9517
32113 40.9509
32114 40.9498
32115 40.9494
32116 40.9492
32117 40.9494
32118 40.95
32119 40.9505
32120 40.951
32121 40.9519
32122 40.9525
32123 40.9529
32124 40.9535
32125 40.954
32126 40.9541
32127 40.9545
32128 40.9547
32129 40.9549
32130 40.9556
32131 40.9572
32132 40.9578
32133 40.9573
32134 40.9558
32135 40.9546
32136 40.9541
32137 40.9549
32138 40.9564
32139 40.9593
32140 40.9632
32141 40.9668
32142 40.9696
32143 40.9721
32144 40.974
32145 40.975
32146 40.9761
32147 40.9773
32148 40.979
32149 40.9805
32150 40.9832
32151 40.9877
32152 40.9926
32153 40.9976
32154 41.0018
32155 41.0052
32156 41.0083
32157 41.0118
32158 41.0148
32159 41.0179
32160 41.0203
32161 41.022
32162 41.0238
32163 41.0261
32164 41.0287
32165 41.0306
32166 41.0323
32167 41.0343
32168 41.0362
32169 41.0378
32170 41.0387
32171 41.039
32172 41.0385
32173 41.0379
32174 41.0374
32175 41.0377
32176 41.0391
32177 41.0407
32178 41.0419
32179 41.0433
32180 41.044
32181 41.0444
32182 41.045
32183 41.0453
32184 41.0451
32185 41.0446
32186 41.0435
32187 41.0425
32188 41.0418
32189 41.0423
32190 41.0434
32191 41.0441
32192 41.0438
32193 41.0426
32194 41.0415
32195 41.0403
32196 41.0395
32197 41.038
32198 41.0365
32199 41.036
32200 41.0357
32201 41.0361
32202 41.0372
32203 41.039
32204 41.0406
32205 41.0426
32206 41.0443
32207 41.0459
32208 41.0472
32209 41.0478
32210 41.0479
32211 41.0485
32212 41.0495
32213 41.0506
32214 41.0522
32215 41.0536
32216 41.0553
32217 41.0574
32218 41.0597
32219 41.0616
32220 41.0631
32221 41.0645
32222 41.0661
32223 41.068
32224 41.0699
32225 41.071
32226 41.0712
32227 41.0711
32228 41.0714
32229 41.072
32230 41.0725
32231 41.0726
32232 41.0723
32233 41.0725
32234 41.0733
32235 41.0744
32236 41.0756
32237 41.0773
32238 41.0792
32239 41.0808
32240 41.0813
32241 41.0809
32242 41.0793
32243 41.0776
32244 41.0764
32245 41.0752
32246 41.0749
32247 41.0757
32248 41.0765
32249 41.0778
32250 41.0789
32251 41.0791
32252 41.0782
32253 41.0769
32254 41.0759
32255 41.0753
32256 41.075
32257 41.0748
32258 41.0758
32259 41.078
32260 41.0806
32261 41.0835
32262 41.0863
32263 41.0889
32264 41.0909
32265 41.092
32266 41.0931
32267 41.0945
32268 41.0965
32269 41.0992
32270 41.1023
32271 41.1061
32272 41.111
32273 41.1167
32274 41.1222
32275 41.1269
32276 41.131
32277 41.1345
32278 41.1379
32279 41.1409
32280 41.1431
32281 41.1456
32282 41.1483
32283 41.1513
32284 41.1532
32285 41.1553
32286 41.157
32287 41.1591
32288 41.1617
32289 41.1652
32290 41.1684
32291 41.1709
32292 41.1728
32293 41.1748
32294 41.177
32295 41.1796
32296 41.1825
32297 41.1859
32298 41.1886
32299 41.1904
32300 41.1915
32301 41.1922
32302 41.1918
32303 41.1906
32304 41.1895
32305 41.189
32306 41.1889
32307 41.1889
32308 41.1888
32309 41.1884
32310 41.1872
32311 41.1872
32312 41.1867
32313 41.1861
32314 41.185
32315 41.1832
32316 41.181
32317 41.1792
32318 41.1779
32319 41.1776
32320 41.1783
32321 41.1795
32322 41.182
32323 41.1848
32324 41.1883
32325 41.1913
32326 41.1935
32327 41.1949
32328 41.1963
32329 41.1964
32330 41.1959
32331 41.1952
32332 41.1952
32333 41.1959
32334 41.1972
32335 41.1994
32336 41.2027
32337 41.2066
32338 41.2094
32339 41.2122
32340 41.2137
32341 41.2139
32342 41.2132
32343 41.213
32344 41.2136
32345 41.2144
32346 41.2162
32347 41.219
32348 41.2224
32349 41.2262
32350 41.2299
32351 41.2337
32352 41.2372
32353 41.2399
32354 41.241
32355 41.2407
32356 41.2397
32357 41.2386
32358 41.2382
32359 41.2385
32360 41.2401
32361 41.2425
32362 41.2454
32363 41.2483
32364 41.2512
32365 41.2539
32366 41.2562
32367 41.2588
32368 41.261
32369 41.2634
32370 41.2648
32371 41.2652
32372 41.2649
32373 41.2656
32374 41.266
32375 41.267
32376 41.2675
32377 41.2678
32378 41.268
32379 41.2684
32380 41.269
32381 41.2699
32382 41.2708
32383 41.2715
32384 41.272
32385 41.2712
32386 41.2695
32387 41.2678
32388 41.2662
32389 41.2653
32390 41.2652
32391 41.2658
32392 41.2675
32393 41.2695
32394 41.2719
32395 41.2739
32396 41.2762
32397 41.2781
32398 41.2797
32399 41.2809
32400 41.2821
32401 41.2835
32402 41.2855
32403 41.2877
32404 41.2903
32405 41.2931
32406 41.297
32407 41.3015
32408 41.3065
32409 41.3111
32410 41.3153
32411 41.3194
32412 41.3221
32413 41.3242
32414 41.3259
32415 41.3272
32416 41.3276
32417 41.3277
32418 41.3287
32419 41.3305
32420 41.3328
32421 41.3356
32422 41.3387
32423 41.342
32424 41.3453
32425 41.3482
32426 41.3508
32427 41.3529
32428 41.3546
32429 41.3552
32430 41.3556
32431 41.3559
32432 41.3565
32433 41.3572
32434 41.3585
32435 41.3595
32436 41.3598
32437 41.3596
32438 41.3585
32439 41.3577
32440 41.3575
32441 41.3567
32442 41.355
32443 41.353
32444 41.3509
32445 41.3492
32446 41.3475
32447 41.3469
32448 41.3477
32449 41.3491
32450 41.3502
32451 41.3504
32452 41.3506
32453 41.3508
32454 41.3509
32455 41.3513
32456 41.3521
32457 41.3529
32458 41.3549
32459 41.3572
32460 41.3589
32461 41.3612
32462 41.3637
32463 41.3661
32464 41.3684
32465 41.3708
32466 41.3731
32467 41.3742
32468 41.3746
32469 41.3743
32470 41.3734
32471 41.3726
32472 41.3725
32473 41.3725
32474 41.3727
32475 41.3732
32476 41.3743
32477 41.3758
32478 41.3772
32479 41.3783
32480 41.3793
32481 41.3798
32482 41.3801
32483 41.3803
32484 41.381
32485 41.3818
32486 41.3828
32487 41.3843
32488 41.3863
32489 41.3887
32490 41.3905
32491 41.3922
32492 41.3941
32493 41.3954
32494 41.3966
32495 41.3971
32496 41.3971
32497 41.3965
32498 41.3956
32499 41.3954
32500 41.3954
32501 41.3961
32502 41.3979
32503 41.4001
32504 41.4029
32505 41.4059
32506 41.4083
32507 41.4099
32508 41.4107
32509 41.4122
32510 41.4136
32511 41.4142
32512 41.4134
32513 41.4121
32514 41.4109
32515 41.4111
32516 41.4128
32517 41.4156
32518 41.4186
32519 41.4217
32520 41.4248
32521 41.4273
32522 41.429
32523 41.431
32524 41.4326
32525 41.4338
32526 41.435
32527 41.4362
32528 41.4368
32529 41.4362
32530 41.4351
32531 41.4332
32532 41.4318
32533 41.431
32534 41.4305
32535 41.4312
32536 41.4318
32537 41.4324
32538 41.4335
32539 41.4348
32540 41.4366
32541 41.4382
32542 41.4396
32543 41.4399
32544 41.4392
32545 41.4374
32546 41.4349
32547 41.4318
32548 41.4287
32549 41.4262
32550 41.4245
32551 41.423
32552 41.4216
32553 41.4211
32554 41.4219
32555 41.4234
32556 41.4242
32557 41.4236
32558 41.4221
32559 41.4197
32560 41.4171
32561 41.4156
32562 41.4154
32563 41.4162
32564 41.4181
32565 41.4198
32566 41.4218
32567 41.4239
32568 41.426
32569 41.4277
32570 41.4288
32571 41.4299
32572 41.4306
32573 41.4314
32574 41.4321
32575 41.4343
32576 41.4371
32577 41.4406
32578 41.4453
32579 41.4507
32580 41.4555
32581 41.4598
32582 41.4634
32583 41.4664
32584 41.4688
32585 41.4692
32586 41.4694
32587 41.4704
32588 41.4723
32589 41.4745
32590 41.4762
32591 41.478
32592 41.4798
32593 41.4811
32594 41.4818
32595 41.4815
32596 41.48
32597 41.4781
32598 41.4763
32599 41.4752
32600 41.4738
32601 41.4731
32602 41.4726
32603 41.4718
32604 41.4715
32605 41.4711
32606 41.4712
32607 41.4706
32608 41.4702
32609 41.4694
32610 41.4679
32611 41.4655
32612 41.463
32613 41.4608
32614 41.459
32615 41.4574
32616 41.4557
32617 41.4536
32618 41.4511
32619 41.4484
32620 41.4459
32621 41.4443
32622 41.4429
32623 41.4417
32624 41.4402
32625 41.4393
32626 41.4384
32627 41.4381
32628 41.4379
32629 41.4376
32630 41.4374
32631 41.4373
32632 41.4371
32633 41.4369
32634 41.4364
32635 41.4364
32636 41.4373
32637 41.4382
32638 41.4393
32639 41.4413
32640 41.4443
32641 41.4484
32642 41.4524
32643 41.4557
32644 41.4582
32645 41.4599
32646 41.4618
32647 41.4636
32648 41.4654
32649 41.4675
32650 41.4703
32651 41.4733
32652 41.476
32653 41.479
32654 41.481
32655 41.4824
32656 41.4836
32657 41.4855
32658 41.4877
32659 41.49
32660 41.4924
32661 41.4949
32662 41.4981
32663 41.5008
32664 41.5028
32665 41.5034
32666 41.5036
32667 41.5029
32668 41.5025
32669 41.5021
32670 41.5021
32671 41.502
32672 41.5015
32673 41.5015
32674 41.5012
32675 41.5003
32676 41.4996
32677 41.4991
32678 41.4988
32679 41.4972
32680 41.4952
32681 41.4933
32682 41.4917
32683 41.4905
32684 41.4894
32685 41.4891
32686 41.4883
32687 41.4871
32688 41.4849
32689 41.4823
32690 41.4798
32691 41.4775
32692 41.4755
32693 41.4735
32694 41.4715
32695 41.4696
32696 41.4672
32697 41.465
32698 41.4631
32699 41.4615
32700 41.4598
32701 41.4586
32702 41.4579
32703 41.4573
32704 41.457
32705 41.4572
32706 41.4584
32707 41.4594
32708 41.4605
32709 41.4609
32710 41.4611
32711 41.4612
32712 41.4613
32713 41.462
32714 41.4631
32715 41.4647
32716 41.4669
32717 41.4689
32718 41.4716
32719 41.4745
32720 41.4767
32721 41.4788
32722 41.4803
32723 41.4811
32724 41.4822
32725 41.484
32726 41.4867
32727 41.4904
32728 41.4949
32729 41.5
32730 41.5047
32731 41.5089
32732 41.5118
32733 41.5143
32734 41.5161
32735 41.5187
32736 41.5212
32737 41.5234
32738 41.5252
32739 41.5277
32740 41.5309
32741 41.534
32742 41.5368
32743 41.5404
32744 41.5439
32745 41.5466
32746 41.5477
32747 41.5478
32748 41.5471
32749 41.5466
32750 41.5462
32751 41.5457
32752 41.5453
32753 41.5459
32754 41.5469
32755 41.5479
32756 41.5488
32757 41.5483
32758 41.5466
32759 41.5441
32760 41.5409
32761 41.5365
32762 41.5312
32763 41.5259
32764 41.5216
32765 41.5183
32766 41.517
32767 41.517
32768 41.5181
32769 41.519
32770 41.5199
32771 41.5199
32772 41.5186
32773 41.5168
32774 41.5152
32775 41.5132
32776 41.5114
32777 41.5103
32778 41.5095
32779 41.5095
32780 41.5098
32781 41.5098
32782 41.5096
32783 41.51
32784 41.5104
32785 41.5109
32786 41.512
32787 41.5147
32788 41.5186
32789 41.522
32790 41.5247
32791 41.5263
32792 41.528
32793 41.5304
32794 41.5332
32795 41.5369
32796 41.541
32797 41.5454
32798 41.5499
32799 41.5548
32800 41.56
32801 41.5655
32802 41.5709
32803 41.5771
32804 41.5832
32805 41.5883
32806 41.5923
32807 41.5954
32808 41.599
32809 41.6032
32810 41.6073
32811 41.6114
32812 41.6164
32813 41.6219
32814 41.6265
32815 41.6306
32816 41.6334
32817 41.6366
32818 41.6399
32819 41.6424
32820 41.6452
32821 41.6477
32822 41.6502
32823 41.6524
32824 41.6541
32825 41.6555
32826 41.6572
32827 41.6596
32828 41.6623
32829 41.6645
32830 41.6669
32831 41.6701
32832 41.6724
32833 41.6735
32834 41.6743
32835 41.6749
32836 41.6756
32837 41.6765
32838 41.6769
32839 41.6772
32840 41.6777
32841 41.6787
32842 41.6791
32843 41.6778
32844 41.675
32845 41.6717
32846 41.6686
32847 41.6663
32848 41.6662
32849 41.6671
32850 41.6679
32851 41.6689
32852 41.6694
32853 41.67
32854 41.6694
32855 41.6672
32856 41.6636
32857 41.6586
32858 41.6532
32859 41.648
32860 41.6436
32861 41.6403
32862 41.6373
32863 41.6355
32864 41.6345
32865 41.6348
32866 41.6358
32867 41.6365
32868 41.6366
32869 41.636
32870 41.635
32871 41.6329
32872 41.6308
32873 41.6285
32874 41.6265
32875 41.6259
32876 41.6264
32877 41.6288
32878 41.6325
32879 41.6367
32880 41.64
32881 41.6436
32882 41.6472
32883 41.651
32884 41.6543
32885 41.6566
32886 41.6586
32887 41.6606
32888 41.6634
32889 41.6665
32890 41.6697
32891 41.6744
32892 41.6801
32893 41.6861
32894 41.692
32895 41.6969
32896 41.7011
32897 41.7048
32898 41.7078
32899 41.7107
32900 41.7122
32901 41.7137
32902 41.7153
32903 41.7178
32904 41.7212
32905 41.7251
32906 41.7294
32907 41.7343
32908 41.7395
32909 41.7451
32910 41.7504
32911 41.754
32912 41.7561
32913 41.7574
32914 41.7578
32915 41.7579
32916 41.7572
32917 41.7553
32918 41.7534
32919 41.7514
32920 41.7502
32921 41.7495
32922 41.7498
32923 41.7495
32924 41.7495
32925 41.7495
32926 41.7491
32927 41.7482
32928 41.7465
32929 41.7437
32930 41.7402
32931 41.7349
32932 41.7299
32933 41.7259
32934 41.7231
32935 41.721
32936 41.7181
32937 41.7149
32938 41.7122
32939 41.7099
32940 41.7077
32941 41.7064
32942 41.7047
32943 41.7035
32944 41.7026
32945 41.7023
32946 41.7022
32947 41.7025
32948 41.7031
32949 41.7039
32950 41.7047
32951 41.7052
32952 41.7061
32953 41.7066
32954 41.7067
32955 41.7063
32956 41.7064
32957 41.7073
32958 41.7088
32959 41.7112
32960 41.7151
32961 41.7196
32962 41.7238
32963 41.7279
32964 41.7317
32965 41.734
32966 41.7355
32967 41.7375
32968 41.7396
32969 41.7423
32970 41.7446
32971 41.7478
32972 41.7503
32973 41.7524
32974 41.7552
32975 41.759
32976 41.7635
32977 41.7679
32978 41.7719
32979 41.7754
32980 41.778
32981 41.7794
32982 41.7794
32983 41.778
32984 41.7758
32985 41.7744
32986 41.7748
32987 41.7765
32988 41.7781
32989 41.7804
32990 41.7819
32991 41.7821
32992 41.7806
32993 41.7785
32994 41.7763
32995 41.7737
32996 41.7703
32997 41.767
32998 41.7632
32999 41.7601
33000 41.7563
33001 41.753
33002 41.7504
33003 41.7485
33004 41.7468
33005 41.7453
33006 41.7442
33007 41.7429
33008 41.7417
33009 41.7397
33010 41.7373
33011 41.7338
33012 41.7295
33013 41.7252
33014 41.721
33015 41.7172
33016 41.7135
33017 41.711
33018 41.7094
33019 41.7091
33020 41.7092
33021 41.7096
33022 41.709
33023 41.7088
33024 41.7079
33025 41.7062
33026 41.7039
33027 41.7018
33028 41.6998
33029 41.6974
33030 41.6953
33031 41.6935
33032 41.6927
33033 41.6929
33034 41.6939
33035 41.6955
33036 41.6977
33037 41.6998
33038 41.7005
33039 41.7
33040 41.6998
33041 41.6997
33042 41.7005
33043 41.7026
33044 41.7054
33045 41.709
33046 41.7143
33047 41.72
33048 41.7251
33049 41.7305
33050 41.7356
33051 41.7402
33052 41.7442
33053 41.7471
33054 41.7493
33055 41.7513
33056 41.7537
33057 41.7554
33058 41.7572
33059 41.7601
33060 41.764
33061 41.7686
33062 41.7734
33063 41.7789
33064 41.7844
33065 41.7894
33066 41.794
33067 41.7978
33068 41.8001
33069 41.8012
33070 41.8018
33071 41.8022
33072 41.8023
33073 41.804
33074 41.8065
33075 41.8102
33076 41.8138
33077 41.8183
33078 41.8226
33079 41.8258
33080 41.828
33081 41.8296
33082 41.8302
33083 41.8308
33084 41.8311
33085 41.8324
33086 41.8353
33087 41.838
33088 41.8407
33089 41.8434
33090 41.8459
33091 41.8489
33092 41.8519
33093 41.8543
33094 41.8562
33095 41.858
33096 41.8599
33097 41.8614
33098 41.8621
33099 41.8621
33100 41.8623
33101 41.8632
33102 41.8649
33103 41.8667
33104 41.8689
33105 41.8711
33106 41.8726
33107 41.874
33108 41.8738
33109 41.8725
33110 41.8699
33111 41.8667
33112 41.8632
33113 41.8598
33114 41.8573
33115 41.8555
33116 41.855
33117 41.8538
33118 41.8535
33119 41.8542
33120 41.8552
33121 41.8552
33122 41.8534
33123 41.8502
33124 41.8459
33125 41.8423
33126 41.8395
33127 41.8381
33128 41.8374
33129 41.837
33130 41.8374
33131 41.8382
33132 41.8391
33133 41.8402
33134 41.8393
33135 41.8381
33136 41.8367
33137 41.8347
33138 41.8321
33139 41.8296
33140 41.8278
33141 41.8271
33142 41.8272
33143 41.8279
33144 41.8292
33145 41.8303
33146 41.8308
33147 41.8308
33148 41.8295
33149 41.8277
33150 41.8246
33151 41.8217
33152 41.8195
33153 41.8179
33154 41.8178
33155 41.8196
33156 41.8221
33157 41.8245
33158 41.8264
33159 41.8276
33160 41.8287
33161 41.8288
33162 41.8283
33163 41.8267
33164 41.8253
33165 41.8244
33166 41.8252
33167 41.8268
33168 41.8287
33169 41.8311
33170 41.8339
33171 41.8368
33172 41.8398
33173 41.8432
33174 41.8465
33175 41.8495
33176 41.8522
33177 41.8548
33178 41.8571
33179 41.859
33180 41.8603
33181 41.8614
33182 41.863
33183 41.8654
33184 41.8698
33185 41.8751
33186 41.8805
33187 41.8852
33188 41.8896
33189 41.8927
33190 41.8944
33191 41.8946
33192 41.8947
33193 41.8955
33194 41.8967
33195 41.8986
33196 41.9007
33197 41.9027
33198 41.9037
33199 41.9041
33200 41.9033
33201 41.9021
33202 41.9017
33203 41.9018
33204 41.9025
33205 41.904
33206 41.9062
33207 41.9086
33208 41.9109
33209 41.9129
33210 41.9136
33211 41.9136
33212 41.9131
33213 41.9128
33214 41.9124
33215 41.9131
33216 41.914
33217 41.9149
33218 41.9164
33219 41.9186
33220 41.9219
33221 41.9264
33222 41.9303
33223 41.932
33224 41.9317
33225 41.9299
33226 41.9279
33227 41.9271
33228 41.9275
33229 41.9287
33230 41.93
33231 41.9317
33232 41.9334
33233 41.9346
33234 41.9357
33235 41.9369
33236 41.9382
33237 41.9391
33238 41.9388
33239 41.9374
33240 41.9366
33241 41.9357
33242 41.9353
33243 41.9346
33244 41.9352
33245 41.9377
33246 41.9422
33247 41.9473
33248 41.9515
33249 41.9547
33250 41.9574
33251 41.9601
33252 41.9628
33253 41.9653
33254 41.9679
33255 41.9705
33256 41.9727
33257 41.975
33258 41.9777
33259 41.9803
33260 41.9834
33261 41.988
33262 41.9917
33263 41.9947
33264 41.9964
33265 41.997
33266 41.998
33267 41.9997
33268 42
33269 41.9998
33270 41.9999
33271 42.0018
33272 42.0056
33273 42.0095
33274 42.013
33275 42.0158
33276 42.0178
33277 42.0195
33278 42.0198
33279 42.02
33280 42.0196
33281 42.0181
33282 42.0166
33283 42.0159
33284 42.0163
33285 42.0182
33286 42.0212
33287 42.0239
33288 42.0268
33289 42.0284
33290 42.0288
33291 42.0287
33292 42.0287
33293 42.0281
33294 42.0272
33295 42.027
33296 42.0279
33297 42.0292
33298 42.03
33299 42.031
33300 42.0316
33301 42.0305
33302 42.0286
33303 42.0272
33304 42.0259
33305 42.0246
33306 42.0231
33307 42.0222
33308 42.021
33309 42.0187
33310 42.0168
33311 42.0147
33312 42.0125
33313 42.0104
33314 42.0093
33315 42.009
33316 42.0077
33317 42.0051
33318 42.0017
33319 41.9978
33320 41.9937
33321 41.9896
33322 41.9861
33323 41.9838
33324 41.9823
33325 41.9824
33326 41.9821
33327 41.9822
33328 41.9825
33329 41.9824
33330 41.9814
33331 41.979
33332 41.9754
33333 41.972
33334 41.9702
33335 41.9704
33336 41.9721
33337 41.9752
33338 41.9785
33339 41.9818
33340 41.9843
33341 41.9866
33342 41.9889
33343 41.9909
33344 41.9927
33345 41.9941
33346 41.9951
33347 41.9968
33348 41.9995
33349 42.0032
33350 42.0069
33351 42.0106
33352 42.0136
33353 42.0163
33354 42.0191
33355 42.0209
33356 42.0219
33357 42.0221
33358 42.0224
33359 42.0235
33360 42.0256
33361 42.0285
33362 42.0304
33363 42.0307
33364 42.0309
33365 42.0319
33366 42.0321
33367 42.0305
33368 42.0282
33369 42.026
33370 42.0235
33371 42.0207
33372 42.0182
33373 42.0165
33374 42.015
33375 42.0148
33376 42.0146
33377 42.014
33378 42.013
33379 42.0114
33380 42.0101
33381 42.0084
33382 42.0057
33383 42.002
33384 41.9984
33385 41.9954
33386 41.9936
33387 41.9935
33388 41.9946
33389 41.9957
33390 41.9973
33391 41.9989
33392 42.0001
33393 41.999
33394 41.9971
33395 41.995
33396 41.9929
33397 41.9905
33398 41.9882
33399 41.9866
33400 41.9865
33401 41.9875
33402 41.9884
33403 41.9906
33404 41.9927
33405 41.9933
33406 41.993
33407 41.9921
33408 41.991
33409 41.9901
33410 41.9881
33411 41.9852
33412 41.982
33413 41.9802
33414 41.9794
33415 41.98
33416 41.9824
33417 41.9856
33418 41.9894
33419 41.9929
33420 41.9942
33421 41.994
33422 41.9932
33423 41.9919
33424 41.9908
33425 41.9903
33426 41.9906
33427 41.9919
33428 41.9946
33429 41.998
33430 42.0021
33431 42.006
33432 42.0095
33433 42.0127
33434 42.014
33435 42.015
33436 42.0153
33437 42.0155
33438 42.0152
33439 42.0155
33440 42.0164
33441 42.0186
33442 42.0218
33443 42.0252
33444 42.0279
33445 42.0296
33446 42.0314
33447 42.0338
33448 42.0353
33449 42.0367
33450 42.0379
33451 42.0393
33452 42.0408
33453 42.0417
33454 42.0434
33455 42.0463
33456 42.0503
33457 42.0534
33458 42.0558
33459 42.0573
33460 42.0586
33461 42.0601
33462 42.0612
33463 42.0625
33464 42.0631
33465 42.0634
33466 42.0627
33467 42.0615
33468 42.0602
33469 42.0596
33470 42.0588
33471 42.0581
33472 42.058
33473 42.0574
33474 42.058
33475 42.0584
33476 42.0587
33477 42.0586
33478 42.0592
33479 42.0597
33480 42.0593
33481 42.0579
33482 42.0563
33483 42.0554
33484 42.0559
33485 42.0569
33486 42.0581
33487 42.0586
33488 42.058
33489 42.057
33490 42.0566
33491 42.0572
33492 42.0588
33493 42.0616
33494 42.0654
33495 42.0697
33496 42.0731
33497 42.0755
33498 42.0769
33499 42.0772
33500 42.0769
33501 42.0768
33502 42.0771
33503 42.0772
33504 42.0783
33505 42.0804
33506 42.0828
33507 42.0852
33508 42.0878
33509 42.0904
33510 42.0922
33511 42.0921
33512 42.0912
33513 42.0911
33514 42.0913
33515 42.0919
33516 42.092
33517 42.0924
33518 42.094
33519 42.0955
33520 42.0969
33521 42.0982
33522 42.0993
33523 42.0996
33524 42.1001
33525 42.0999
33526 42.0991
33527 42.0987
33528 42.1
33529 42.1028
33530 42.1067
33531 42.1099
33532 42.112
33533 42.1137
33534 42.1151
33535 42.1153
33536 42.1152
33537 42.1154
33538 42.1157
33539 42.1152
33540 42.1149
33541 42.1148
33542 42.1144
33543 42.1138
33544 42.1127
33545 42.1117
33546 42.1109
33547 42.1103
33548 42.1096
33549 42.1082
33550 42.1058
33551 42.1027
33552 42.0989
33553 42.0955
33554 42.0936
33555 42.093
33556 42.0931
33557 42.0932
33558 42.0928
33559 42.0921
33560 42.0912
33561 42.0908
33562 42.0903
33563 42.0884
33564 42.0856
33565 42.0825
33566 42.0797
33567 42.0777
33568 42.0755
33569 42.0737
33570 42.0716
33571 42.0701
33572 42.0688
33573 42.0669
33574 42.0649
33575 42.0632
33576 42.0619
33577 42.0599
33578 42.0577
33579 42.0551
33580 42.0524
33581 42.0501
33582 42.049
33583 42.0476
33584 42.0471
33585 42.0462
33586 42.0457
33587 42.0455
33588 42.0451
33589 42.0442
33590 42.0429
33591 42.0421
33592 42.0413
33593 42.0399
33594 42.0386
33595 42.037
33596 42.0357
33597 42.0347
33598 42.0342
33599 42.0338
33600 42.0334
33601 42.0331
33602 42.0326
33603 42.0313
33604 42.0298
33605 42.0286
33606 42.0273
33607 42.0247
33608 42.0224
33609 42.0199
33610 42.0174
33611 42.0145
33612 42.0126
33613 42.0113
33614 42.0105
33615 42.0101
33616 42.0101
33617 42.0098
33618 42.0083
33619 42.0054
33620 42.0017
33621 41.9974
33622 41.9936
33623 41.9913
33624 41.9896
33625 41.9899
33626 41.9915
33627 41.9932
33628 41.9947
33629 41.9959
33630 41.9966
33631 41.9967
33632 41.9964
33633 41.9963
33634 41.995
33635 41.9929
33636 41.991
33637 41.9892
33638 41.9878
33639 41.9873
33640 41.9883
33641 41.9906
33642 41.993
33643 41.9942
33644 41.9948
33645 41.9952
33646 41.9944
33647 41.9924
33648 41.9895
33649 41.9871
33650 41.9849
33651 41.9836
33652 41.9829
33653 41.9833
33654 41.9839
33655 41.9849
33656 41.9861
33657 41.9867
33658 41.9866
33659 41.9868
33660 41.9869
33661 41.9866
33662 41.9872
33663 41.9897
33664 41.9931
33665 41.996
33666 41.9982
33667 41.9997
33668 42.0011
33669 42.0027
33670 42.0042
33671 42.0055
33672 42.0068
33673 42.0089
33674 42.0119
33675 42.0157
33676 42.0202
33677 42.0251
33678 42.0293
33679 42.0333
33680 42.0363
33681 42.0385
33682 42.0402
33683 42.0407
33684 42.0402
33685 42.0391
33686 42.0391
33687 42.041
33688 42.0433
33689 42.0461
33690 42.049
33691 42.0517
33692 42.0538
33693 42.0557
33694 42.0562
33695 42.0551
33696 42.0524
33697 42.0478
33698 42.042
33699 42.0367
33700 42.0315
33701 42.0274
33702 42.0252
33703 42.0235
33704 42.0221
33705 42.0209
33706 42.0194
33707 42.018
33708 42.0171
33709 42.0166
33710 42.0159
33711 42.0147
33712 42.0126
33713 42.0105
33714 42.009
33715 42.0076
33716 42.0069
33717 42.0072
33718 42.008
33719 42.0088
33720 42.0097
33721 42.0107
33722 42.011
33723 42.0101
33724 42.009
33725 42.0083
33726 42.008
33727 42.008
33728 42.0085
33729 42.0084
33730 42.0087
33731 42.0088
33732 42.0096
33733 42.0113
33734 42.0146
33735 42.0179
33736 42.0208
33737 42.0231
33738 42.0242
33739 42.0247
33740 42.0248
33741 42.0246
33742 42.025
33743 42.0263
33744 42.0282
33745 42.031
33746 42.0337
33747 42.0371
33748 42.0406
33749 42.0441
33750 42.0467
33751 42.0486
33752 42.0507
33753 42.0524
33754 42.0544
33755 42.0559
33756 42.0567
33757 42.0581
33758 42.0601
33759 42.0628
33760 42.0658
33761 42.0686
33762 42.0706
33763 42.0715
33764 42.0724
33765 42.0727
33766 42.0728
33767 42.0725
33768 42.0726
33769 42.0733
33770 42.0749
33771 42.0767
33772 42.0784
33773 42.0799
33774 42.081
33775 42.0825
33776 42.0842
33777 42.0854
33778 42.0853
33779 42.0852
33780 42.0853
33781 42.0846
33782 42.0839
33783 42.0823
33784 42.0805
33785 42.0788
33786 42.0764
33787 42.0732
33788 42.0699
33789 42.0671
33790 42.0645
33791 42.0625
33792 42.061
33793 42.0598
33794 42.058
33795 42.0562
33796 42.0538
33797 42.0514
33798 42.0486
33799 42.0452
33800 42.0415
33801 42.0376
33802 42.035
33803 42.032
33804 42.0292
33805 42.0278
33806 42.0275
33807 42.0269
33808 42.0265
33809 42.0258
33810 42.0247
33811 42.0219
33812 42.018
33813 42.0145
33814 42.0121
33815 42.0106
33816 42.0105
33817 42.0105
33818 42.0108
33819 42.0117
33820 42.0132
33821 42.0142
33822 42.014
33823 42.0126
33824 42.0104
33825 42.0083
33826 42.0065
33827 42.006
33828 42.0071
33829 42.0091
33830 42.0117
33831 42.0139
33832 42.0162
33833 42.0172
33834 42.0179
33835 42.0187
33836 42.0199
33837 42.0211
33838 42.0219
33839 42.0217
33840 42.0214
33841 42.0218
33842 42.0227
33843 42.0243
33844 42.0274
33845 42.0304
33846 42.0336
33847 42.0359
33848 42.0376
33849 42.0386
33850 42.0385
33851 42.0375
33852 42.0366
33853 42.0343
33854 42.0316
33855 42.0307
33856 42.0317
33857 42.0333
33858 42.0351
33859 42.0368
33860 42.0382
33861 42.0393
33862 42.0391
33863 42.0377
33864 42.0348
33865 42.0313
33866 42.0288
33867 42.0272
33868 42.027
33869 42.0286
33870 42.0301
33871 42.0315
33872 42.0329
33873 42.0339
33874 42.0336
33875 42.0327
33876 42.0317
33877 42.0302
33878 42.0293
33879 42.0294
33880 42.0301
33881 42.0312
33882 42.0333
33883 42.0357
33884 42.0383
33885 42.0405
33886 42.0422
33887 42.0441
33888 42.0454
33889 42.0453
33890 42.0451
33891 42.0457
33892 42.0471
33893 42.0498
33894 42.0533
33895 42.058
33896 42.0637
33897 42.0704
33898 42.0775
33899 42.0835
33900 42.0877
33901 42.0917
33902 42.0951
33903 42.0984
33904 42.1012
33905 42.1042
33906 42.108
33907 42.1135
33908 42.1201
33909 42.1269
33910 42.134
33911 42.1412
33912 42.1486
33913 42.1564
33914 42.1645
33915 42.1721
33916 42.1777
33917 42.1816
33918 42.1838
33919 42.1855
33920 42.1866
33921 42.1884
33922 42.1912
33923 42.1948
33924 42.1982
33925 42.2018
33926 42.2046
33927 42.2064
33928 42.2075
33929 42.2075
33930 42.2071
33931 42.2058
33932 42.2039
33933 42.2025
33934 42.2017
33935 42.2011
33936 42.2011
33937 42.2026
33938 42.2051
33939 42.2072
33940 42.2079
33941 42.2076
33942 42.2058
33943 42.2033
33944 42.1995
33945 42.1944
33946 42.1893
33947 42.1844
33948 42.1808
33949 42.1787
33950 42.1783
33951 42.1784
33952 42.179
33953 42.1791
33954 42.1793
33955 42.1793
33956 42.1786
33957 42.1755
33958 42.1718
33959 42.167
33960 42.1619
33961 42.1574
33962 42.1534
33963 42.1501
33964 42.1483
33965 42.1482
33966 42.1496
33967 42.1522
33968 42.1541
33969 42.1543
33970 42.1529
33971 42.1504
33972 42.1458
33973 42.1413
33974 42.1384
33975 42.137
33976 42.1365
33977 42.1373
33978 42.139
33979 42.1406
33980 42.1419
33981 42.1422
33982 42.1407
33983 42.1379
33984 42.1339
33985 42.1281
33986 42.1223
33987 42.1174
33988 42.1141
33989 42.1118
33990 42.1108
33991 42.1104
33992 42.1097
33993 42.1078
33994 42.1046
33995 42.1014
33996 42.0971
33997 42.0915
33998 42.0845
33999 42.0767
34000 42.0697
34001 42.0636
34002 42.0588
34003 42.055
34004 42.0521
34005 42.0498
34006 42.0482
34007 42.0469
34008 42.0447
34009 42.0417
34010 42.0388
34011 42.0341
34012 42.029
34013 42.0244
34014 42.0213
34015 42.0194
34016 42.0187
34017 42.0186
34018 42.0183
34019 42.0172
34020 42.0162
34021 42.0148
34022 42.0121
34023 42.0083
34024 42.0047
34025 42.0013
34026 41.9981
34027 41.996
34028 41.9946
34029 41.9948
34030 41.9955
34031 41.9965
34032 41.9978
34033 41.9991
34034 42.0001
34035 42
34036 41.9994
34037 41.9984
34038 41.997
34039 41.9943
34040 41.9922
34041 41.9901
34042 41.9883
34043 41.9866
34044 41.9853
34045 41.9846
34046 41.9843
34047 41.9852
34048 41.987
34049 41.9893
34050 41.9913
34051 41.9931
34052 41.9944
34053 41.9957
34054 41.9956
34055 41.9946
34056 41.9939
34057 41.9941
34058 41.9953
34059 41.9973
34060 41.9994
34061 42.002
34062 42.0032
34063 42.0036
34064 42.0033
34065 42.0028
34066 42.002
34067 42.0013
34068 42.0018
34069 42.0032
34070 42.0053
34071 42.0079
34072 42.0111
34073 42.015
34074 42.0184
34075 42.0221
34076 42.0254
34077 42.0298
34078 42.0341
34079 42.0382
34080 42.041
34081 42.0429
34082 42.0448
34083 42.0475
34084 42.0504
34085 42.0532
34086 42.055
34087 42.0561
34088 42.0569
34089 42.0575
34090 42.0574
34091 42.0572
34092 42.0573
34093 42.0571
34094 42.0567
34095 42.057
34096 42.0583
34097 42.0595
34098 42.0606
34099 42.0615
34100 42.0624
34101 42.0619
34102 42.0605
34103 42.0578
34104 42.0548
34105 42.0524
34106 42.0511
34107 42.0518
34108 42.054
34109 42.0564
34110 42.0593
34111 42.0627
34112 42.0666
34113 42.0704
34114 42.0734
34115 42.076
34116 42.0784
34117 42.0807
34118 42.0823
34119 42.0833
34120 42.0846
34121 42.086
34122 42.0877
34123 42.0892
34124 42.0915
34125 42.094
34126 42.0962
34127 42.0989
34128 42.1022
34129 42.1044
34130 42.1064
34131 42.108
34132 42.1087
34133 42.109
34134 42.1086
34135 42.1085
34136 42.1095
34137 42.1109
34138 42.1124
34139 42.1136
34140 42.1148
34141 42.1165
34142 42.1183
34143 42.1197
34144 42.1213
34145 42.1221
34146 42.1235
34147 42.1254
34148 42.1271
34149 42.1288
34150 42.1295
34151 42.131
34152 42.1331
34153 42.1355
34154 42.1371
34155 42.1369
34156 42.1369
34157 42.1368
34158 42.137
34159 42.1365
34160 42.1344
34161 42.1323
34162 42.1305
34163 42.1301
34164 42.1304
34165 42.1314
34166 42.1328
34167 42.1349
34168 42.1362
34169 42.1365
34170 42.1349
34171 42.1324
34172 42.1291
34173 42.1264
34174 42.1244
34175 42.1233
34176 42.1219
34177 42.1215
34178 42.121
34179 42.1208
34180 42.1211
34181 42.1221
34182 42.1225
34183 42.1215
34184 42.1201
34185 42.119
34186 42.1189
34187 42.1206
34188 42.1224
34189 42.1236
34190 42.1246
34191 42.1251
34192 42.1265
34193 42.1282
34194 42.129
34195 42.129
34196 42.1292
34197 42.1299
34198 42.1314
34199 42.1343
34200 42.1381
34201 42.1427
34202 42.1469
34203 42.1502
34204 42.153
34205 42.1547
34206 42.1547
34207 42.154
34208 42.1535
34209 42.1536
34210 42.1556
34211 42.1595
34212 42.1643
34213 42.1684
34214 42.1718
34215 42.1743
34216 42.1746
34217 42.1737
34218 42.1727
34219 42.1726
34220 42.1729
34221 42.1742
34222 42.1765
34223 42.1798
34224 42.1824
34225 42.1846
34226 42.1864
34227 42.1878
34228 42.1888
34229 42.1889
34230 42.1886
34231 42.1873
34232 42.1853
34233 42.1829
34234 42.1797
34235 42.1757
34236 42.172
34237 42.169
34238 42.1664
34239 42.1637
34240 42.1611
34241 42.1581
34242 42.1545
34243 42.1498
34244 42.1448
34245 42.1399
34246 42.135
34247 42.1302
34248 42.1248
34249 42.12
34250 42.1157
34251 42.1121
34252 42.1094
34253 42.1073
34254 42.1057
34255 42.105
34256 42.1037
34257 42.102
34258 42.1001
34259 42.0993
34260 42.0989
34261 42.0984
34262 42.0973
34263 42.0963
34264 42.0967
34265 42.0969
34266 42.0983
34267 42.1009
34268 42.1043
34269 42.1083
34270 42.1111
34271 42.1128
34272 42.1133
34273 42.1132
34274 42.1127
34275 42.1134
34276 42.1154
34277 42.1189
34278 42.123
34279 42.1276
34280 42.1315
34281 42.1346
34282 42.1374
34283 42.139
34284 42.1405
34285 42.1413
34286 42.1429
34287 42.1445
34288 42.1479
34289 42.1525
34290 42.1587
34291 42.1657
34292 42.1723
34293 42.1782
34294 42.1821
34295 42.1845
34296 42.1855
34297 42.1857
34298 42.1867
34299 42.1887
34300 42.192
34301 42.1964
34302 42.2012
34303 42.2064
34304 42.2112
34305 42.2149
34306 42.2176
34307 42.2185
34308 42.2187
34309 42.219
34310 42.2196
34311 42.2203
34312 42.2215
34313 42.223
34314 42.2247
34315 42.2259
34316 42.2259
34317 42.2255
34318 42.2236
34319 42.2204
34320 42.2172
34321 42.2152
34322 42.2141
34323 42.2133
34324 42.2128
34325 42.212
34326 42.2109
34327 42.2099
34328 42.2081
34329 42.2049
34330 42.2014
34331 42.1975
34332 42.1932
34333 42.1885
34334 42.183
34335 42.1776
34336 42.1734
34337 42.1706
34338 42.168
34339 42.165
34340 42.1623
34341 42.1602
34342 42.1576
34343 42.1556
34344 42.1534
34345 42.1505
34346 42.1472
34347 42.1433
34348 42.1398
34349 42.137
34350 42.1347
34351 42.1328
34352 42.1312
34353 42.13
34354 42.1293
34355 42.1286
34356 42.1278
34357 42.1263
34358 42.1251
34359 42.124
34360 42.1235
34361 42.1244
34362 42.1267
34363 42.1299
34364 42.1338
34365 42.1375
34366 42.1416
34367 42.1455
34368 42.1491
34369 42.1524
34370 42.1546
34371 42.1555
34372 42.1562
34373 42.1578
34374 42.1607
34375 42.1633
34376 42.1663
34377 42.1695
34378 42.1723
34379 42.1752
34380 42.178
34381 42.1811
34382 42.1834
34383 42.1848
34384 42.1859
34385 42.1868
34386 42.187
34387 42.1873
34388 42.1886
34389 42.1905
34390 42.1935
34391 42.1964
34392 42.1976
34393 42.1974
34394 42.1962
34395 42.1935
34396 42.1896
34397 42.1851
34398 42.1797
34399 42.1754
34400 42.1717
34401 42.1687
34402 42.1652
34403 42.1613
34404 42.1576
34405 42.1545
34406 42.1514
34407 42.1477
34408 42.144
34409 42.1389
34410 42.1323
34411 42.1256
34412 42.1195
34413 42.1132
34414 42.1074
34415 42.1031
34416 42.0993
34417 42.0951
34418 42.0907
34419 42.0858
34420 42.0811
34421 42.0759
34422 42.0704
34423 42.0648
34424 42.0599
34425 42.0559
34426 42.0523
34427 42.05
34428 42.0484
34429 42.047
34430 42.0453
34431 42.0422
34432 42.0387
34433 42.0364
34434 42.0345
34435 42.0333
34436 42.032
34437 42.031
34438 42.0304
34439 42.0294
34440 42.0286
34441 42.0281
34442 42.0282
34443 42.028
34444 42.0286
34445 42.0299
34446 42.032
34447 42.0337
34448 42.0355
34449 42.037
34450 42.0388
34451 42.04
34452 42.0412
34453 42.0433
34454 42.0456
34455 42.048
34456 42.0505
34457 42.053
34458 42.0568
34459 42.0612
34460 42.0646
34461 42.067
34462 42.0686
34463 42.0699
34464 42.0711
34465 42.0726
34466 42.0747
34467 42.0784
34468 42.0838
34469 42.0899
34470 42.0968
34471 42.1032
34472 42.1095
34473 42.115
34474 42.1201
34475 42.1244
34476 42.1277
34477 42.1305
34478 42.1329
34479 42.1356
34480 42.1386
34481 42.1423
34482 42.1461
34483 42.1498
34484 42.1527
34485 42.1537
34486 42.1542
34487 42.1551
34488 42.1558
34489 42.1552
34490 42.1539
34491 42.1523
34492 42.1509
34493 42.1494
34494 42.1472
34495 42.1451
34496 42.1435
34497 42.1418
34498 42.1407
34499 42.1399
34500 42.1394
34501 42.1394
34502 42.1389
34503 42.1382
34504 42.1366
34505 42.1351
34506 42.1338
34507 42.1335
34508 42.133
34509 42.1327
34510 42.1333
34511 42.1353
34512 42.1381
34513 42.1408
34514 42.143
34515 42.1434
34516 42.1426
34517 42.142
34518 42.1403
34519 42.1377
34520 42.1353
34521 42.1336
34522 42.1331
34523 42.132
34524 42.1307
34525 42.1299
34526 42.1288
34527 42.1276
34528 42.1268
34529 42.1262
34530 42.1256
34531 42.1256
34532 42.1257
34533 42.1254
34534 42.1248
34535 42.1235
34536 42.1218
34537 42.1192
34538 42.1165
34539 42.114
34540 42.1117
34541 42.1109
34542 42.1117
34543 42.114
34544 42.1165
34545 42.1197
34546 42.1226
34547 42.1254
34548 42.1266
34549 42.126
34550 42.1239
34551 42.1219
34552 42.121
34553 42.1213
34554 42.1228
34555 42.1248
34556 42.1268
34557 42.1294
34558 42.1316
34559 42.133
34560 42.1341
34561 42.1356
34562 42.137
34563 42.1378
34564 42.1384
34565 42.1389
34566 42.1397
34567 42.1407
34568 42.1436
34569 42.1472
34570 42.1502
34571 42.1522
34572 42.1542
34573 42.1556
34574 42.1566
34575 42.1573
34576 42.1586
34577 42.1613
34578 42.1646
34579 42.1681
34580 42.1716
34581 42.1743
34582 42.1771
34583 42.1792
34584 42.1799
34585 42.1799
34586 42.1785
34587 42.1775
34588 42.1766
34589 42.1756
34590 42.1744
34591 42.1731
34592 42.1716
34593 42.1705
34594 42.17
34595 42.1693
34596 42.1685
34597 42.1675
34598 42.1665
34599 42.1651
34600 42.1641
34601 42.163
34602 42.1613
34603 42.1577
34604 42.1532
34605 42.149
34606 42.1459
34607 42.1438
34608 42.1421
34609 42.142
34610 42.142
34611 42.1411
34612 42.1403
34613 42.1396
34614 42.138
34615 42.1355
34616 42.1327
34617 42.1307
34618 42.1288
34619 42.1271
34620 42.1255
34621 42.1243
34622 42.1237
34623 42.1234
34624 42.1239
34625 42.1239
34626 42.1233
34627 42.1221
34628 42.1207
34629 42.119
34630 42.1169
34631 42.1157
34632 42.1147
34633 42.1129
34634 42.1107
34635 42.1091
34636 42.1078
34637 42.107
34638 42.1069
34639 42.1069
34640 42.1074
34641 42.1086
34642 42.1096
34643 42.11
34644 42.1107
34645 42.1102
34646 42.1093
34647 42.1086
34648 42.1082
34649 42.1079
34650 42.1077
34651 42.1076
34652 42.1085
34653 42.1105
34654 42.113
34655 42.1146
34656 42.1155
34657 42.1156
34658 42.1145
34659 42.1122
34660 42.1081
34661 42.1036
34662 42.0997
34663 42.0972
34664 42.0963
34665 42.0966
34666 42.0986
34667 42.1004
34668 42.1021
34669 42.103
34670 42.1031
34671 42.1022
34672 42.1005
34673 42.0994
34674 42.0988
34675 42.0981
34676 42.0973
34677 42.0974
34678 42.0984
34679 42.1008
34680 42.1035
34681 42.1049
34682 42.1042
34683 42.1024
34684 42.0995
34685 42.0955
34686 42.0915
34687 42.0884
34688 42.0861
34689 42.0842
34690 42.0822
34691 42.0811
34692 42.0805
34693 42.0795
34694 42.0779
34695 42.0758
34696 42.0734
34697 42.0702
34698 42.067
34699 42.0643
34700 42.062
34701 42.0603
34702 42.0589
34703 42.058
34704 42.0574
34705 42.0565
34706 42.0555
34707 42.054
34708 42.0521
34709 42.049
34710 42.0451
34711 42.0412
34712 42.0372
34713 42.0336
34714 42.0297
34715 42.0265
34716 42.0238
34717 42.022
34718 42.0205
34719 42.019
34720 42.0177
34721 42.015
34722 42.012
34723 42.0087
34724 42.0056
34725 42.0034
34726 42.0013
34727 41.9999
34728 41.9988
34729 41.9976
34730 41.9957
34731 41.9934
34732 41.9914
34733 41.99
34734 41.9892
34735 41.988
34736 41.9868
34737 41.985
34738 41.9824
34739 41.9796
34740 41.9771
34741 41.9756
34742 41.9733
34743 41.971
34744 41.9691
34745 41.9667
34746 41.9648
34747 41.9628
34748 41.9605
34749 41.958
34750 41.9553
34751 41.9515
34752 41.9474
34753 41.9441
34754 41.9411
34755 41.9384
34756 41.9364
34757 41.9354
34758 41.9363
34759 41.9369
34760 41.9372
34761 41.9376
34762 41.9369
34763 41.9345
34764 41.9318
34765 41.9287
34766 41.9256
34767 41.9235
34768 41.9227
34769 41.9234
34770 41.9255
34771 41.9278
34772 41.9302
34773 41.9314
34774 41.9315
34775 41.9304
34776 41.928
34777 41.9249
34778 41.9225
34779 41.9205
34780 41.919
34781 41.9179
34782 41.9177
34783 41.9187
34784 41.9202
34785 41.9221
34786 41.9234
34787 41.9231
34788 41.9212
34789 41.9187
34790 41.9155
34791 41.9116
34792 41.9084
34793 41.9064
34794 41.9049
34795 41.9044
34796 41.9038
34797 41.9022
34798 41.9002
34799 41.8976
34800 41.8948
34801 41.8917
34802 41.889
34803 41.8867
34804 41.8849
34805 41.8837
34806 41.8826
34807 41.8808
34808 41.8792
34809 41.8782
34810 41.8769
34811 41.8759
34812 41.8757
34813 41.8759
34814 41.8762
34815 41.8768
34816 41.8776
34817 41.8787
34818 41.8806
34819 41.8831
34820 41.8857
34821 41.8889
34822 41.8917
34823 41.8934
34824 41.8942
34825 41.8947
34826 41.8952
34827 41.8971
34828 41.8995
34829 41.9014
34830 41.9031
34831 41.9053
34832 41.9068
34833 41.9083
34834 41.9096
34835 41.9114
34836 41.9141
34837 41.9183
34838 41.9227
34839 41.9267
34840 41.9295
34841 41.9318
34842 41.9338
34843 41.9353
34844 41.9367
34845 41.9395
34846 41.9424
34847 41.9443
34848 41.9455
34849 41.9466
34850 41.9474
34851 41.9487
34852 41.9495
34853 41.9506
34854 41.9529
34855 41.955
34856 41.9576
34857 41.9597
34858 41.9622
34859 41.9643
34860 41.9666
34861 41.9689
34862 41.9698
34863 41.9699
34864 41.9703
34865 41.9705
34866 41.9711
34867 41.9712
34868 41.9712
34869 41.972
34870 41.9738
34871 41.9754
34872 41.9771
34873 41.9781
34874 41.9775
34875 41.976
34876 41.9742
34877 41.973
34878 41.9716
34879 41.9698
34880 41.9677
34881 41.9664
34882 41.9663
34883 41.9661
34884 41.9654
34885 41.9642
34886 41.9624
34887 41.9599
34888 41.9569
34889 41.9532
34890 41.95
34891 41.9468
34892 41.9434
34893 41.9402
34894 41.9379
34895 41.9357
34896 41.9338
34897 41.9316
34898 41.9289
34899 41.9255
34900 41.922
34901 41.9196
34902 41.9177
34903 41.9165
34904 41.9156
34905 41.9153
34906 41.9155
34907 41.915
34908 41.9139
34909 41.9125
34910 41.9108
34911 41.9074
34912 41.9033
34913 41.8985
34914 41.8932
34915 41.8888
34916 41.8855
34917 41.8839
34918 41.8843
34919 41.885
34920 41.8863
34921 41.8881
34922 41.8905
34923 41.893
34924 41.8943
34925 41.8953
34926 41.8948
34927 41.8932
34928 41.8918
34929 41.8907
34930 41.8906
34931 41.892
34932 41.8948
34933 41.8993
34934 41.9049
34935 41.9105
34936 41.9155
34937 41.9187
34938 41.9205
34939 41.9218
34940 41.9229
34941 41.9248
34942 41.9278
34943 41.9311
34944 41.9342
34945 41.9377
34946 41.9412
34947 41.9444
34948 41.9467
34949 41.9485
34950 41.9494
34951 41.9497
34952 41.95
34953 41.9508
34954 41.9518
34955 41.9526
34956 41.9533
34957 41.9544
34958 41.9556
34959 41.9569
34960 41.9578
34961 41.9575
34962 41.9565
34963 41.9564
34964 41.9567
34965 41.9567
34966 41.9564
34967 41.9554
34968 41.9541
34969 41.9521
34970 41.95
34971 41.9481
34972 41.9461
34973 41.9441
34974 41.9415
34975 41.9388
34976 41.9359
34977 41.9333
34978 41.9308
34979 41.9284
34980 41.9254
34981 41.9211
34982 41.9165
34983 41.9123
34984 41.9089
34985 41.9058
34986 41.9043
34987 41.9042
34988 41.9058
34989 41.9076
34990 41.9093
34991 41.9111
34992 41.9122
34993 41.9116
34994 41.9099
34995 41.9072
34996 41.9039
34997 41.9006
34998 41.8989
34999 41.8989
35000 41.9007
35001 41.9031
35002 41.9064
35003 41.9105
35004 41.9143
35005 41.9178
35006 41.9198
35007 41.9194
35008 41.9182
35009 41.917
35010 41.9153
35011 41.9146
35012 41.9147
35013 41.9168
35014 41.9202
35015 41.9246
35016 41.9283
35017 41.9315
35018 41.9341
35019 41.9357
35020 41.9362
35021 41.9349
35022 41.9337
35023 41.9329
35024 41.9333
35025 41.9351
35026 41.9377
35027 41.941
35028 41.9448
35029 41.9487
35030 41.9508
35031 41.9527
35032 41.9522
35033 41.9499
35034 41.9482
35035 41.9465
35036 41.9456
35037 41.9448
35038 41.9435
35039 41.9418
35040 41.9409
35041 41.941
35042 41.9407
35043 41.9401
35044 41.9389
35045 41.937
35046 41.9346
35047 41.9319
35048 41.9288
35049 41.9255
35050 41.9226
35051 41.919
35052 41.9158
35053 41.9125
35054 41.9099
35055 41.9074
35056 41.9059
35057 41.9051
35058 41.9046
35059 41.9037
35060 41.9035
35061 41.9037
35062 41.9043
35063 41.9055
35064 41.9053
35065 41.9047
35066 41.903
35067 41.9006
35068 41.8983
35069 41.8971
35070 41.8969
35071 41.898
35072 41.9008
35073 41.9041
35074 41.9075
35075 41.9104
35076 41.9125
35077 41.9141
35078 41.9149
35079 41.9156
35080 41.9173
35081 41.9192
35082 41.9206
35083 41.9225
35084 41.9247
35085 41.9279
35086 41.9321
35087 41.9358
35088 41.9394
35089 41.9429
35090 41.9461
35091 41.949
35092 41.9519
35093 41.9556
35094 41.9593
35095 41.9623
35096 41.9639
35097 41.9663
35098 41.9696
35099 41.9732
35100 41.9764
35101 41.9788
35102 41.9813
35103 41.9835
35104 41.9857
35105 41.9871
35106 41.9877
35107 41.9873
35108 41.986
35109 41.9833
35110 41.9799
35111 41.9765
35112 41.9738
35113 41.9714
35114 41.9696
35115 41.9682
35116 41.9668
35117 41.9655
35118 41.9645
35119 41.9633
35120 41.961
35121 41.9573
35122 41.9533
35123 41.9488
35124 41.9437
35125 41.9393
35126 41.937
35127 41.9358
35128 41.9362
35129 41.9362
35130 41.9352
35131 41.9344
35132 41.9332
35133 41.9317
35134 41.9283
35135 41.9241
35136 41.9204
35137 41.9176
35138 41.9158
35139 41.9142
35140 41.9137
35141 41.9146
35142 41.9158
35143 41.9168
35144 41.9178
35145 41.9174
35146 41.9164
35147 41.9146
35148 41.9124
35149 41.9098
35150 41.9077
35151 41.9062
35152 41.9057
35153 41.9069
35154 41.91
35155 41.9144
35156 41.9195
35157 41.9242
35158 41.928
35159 41.93
35160 41.9301
35161 41.9288
35162 41.9269
35163 41.9254
35164 41.9255
35165 41.9268
35166 41.9294
35167 41.9325
35168 41.935
35169 41.937
35170 41.939
35171 41.9415
35172 41.9431
35173 41.9442
35174 41.9454
35175 41.9468
35176 41.9481
35177 41.948
35178 41.9485
35179 41.9505
35180 41.9532
35181 41.9572
35182 41.9625
35183 41.968
35184 41.9715
35185 41.9744
35186 41.976
35187 41.9766
35188 41.9764
35189 41.9756
35190 41.974
35191 41.9719
35192 41.9707
35193 41.9705
35194 41.9714
35195 41.9744
35196 41.9785
35197 41.9812
35198 41.983
35199 41.9838
35200 41.9835
35201 41.9829
35202 41.9802
35203 41.9771
35204 41.9738
35205 41.971
35206 41.9692
35207 41.9679
35208 41.9675
35209 41.9669
35210 41.9667
35211 41.9661
35212 41.9652
35213 41.9625
35214 41.9581
35215 41.9524
35216 41.9469
35217 41.9423
35218 41.9389
35219 41.9369
35220 41.9357
35221 41.9349
35222 41.9342
35223 41.9329
35224 41.9309
35225 41.9282
35226 41.9248
35227 41.9215
35228 41.9167
35229 41.9113
35230 41.9055
35231 41.9005
35232 41.8967
35233 41.8943
35234 41.8931
35235 41.8925
35236 41.8924
35237 41.8925
35238 41.8932
35239 41.8931
35240 41.8919
35241 41.8902
35242 41.8883
35243 41.8857
35244 41.884
35245 41.8838
35246 41.8842
35247 41.8853
35248 41.8869
35249 41.8892
35250 41.8918
35251 41.8948
35252 41.898
35253 41.9014
35254 41.9043
35255 41.9059
35256 41.9075
35257 41.9088
35258 41.9107
35259 41.9135
35260 41.9164
35261 41.9201
35262 41.9236
35263 41.9276
35264 41.9319
35265 41.936
35266 41.9388
35267 41.941
35268 41.9424
35269 41.9436
35270 41.9451
35271 41.9478
35272 41.9493
35273 41.9493
35274 41.948
35275 41.9465
35276 41.945
35277 41.9425
35278 41.9398
35279 41.9375
35280 41.9364
35281 41.9361
35282 41.9362
35283 41.9364
35284 41.9353
35285 41.9337
35286 41.9315
35287 41.9293
35288 41.9254
35289 41.9192
35290 41.9112
35291 41.9025
35292 41.895
35293 41.889
35294 41.8846
35295 41.8814
35296 41.8785
35297 41.8748
35298 41.8706
35299 41.8664
35300 41.8622
35301 41.857
35302 41.8517
35303 41.8446
35304 41.837
35305 41.829
35306 41.822
35307 41.8159
35308 41.8115
35309 41.8086
35310 41.8066
35311 41.8061
35312 41.8062
35313 41.8067
35314 41.806
35315 41.804
35316 41.8008
35317 41.798
35318 41.7957
35319 41.7941
35320 41.7939
35321 41.7933
35322 41.7941
35323 41.7959
35324 41.7982
35325 41.8007
35326 41.8029
35327 41.8054
35328 41.8079
35329 41.8103
35330 41.8125
35331 41.8142
35332 41.8159
35333 41.8174
35334 41.8192
35335 41.8212
35336 41.8239
35337 41.8281
35338 41.8336
35339 41.8401
35340 41.8466
35341 41.8532
35342 41.8582
35343 41.8616
35344 41.8629
35345 41.8633
35346 41.8642
35347 41.8672
35348 41.871
35349 41.8751
35350 41.8792
35351 41.884
35352 41.889
35353 41.893
35354 41.8964
35355 41.8986
35356 41.8999
35357 41.9006
35358 41.9011
35359 41.9012
35360 41.9023
35361 41.9046
35362 41.9066
35363 41.9094
35364 41.9121
35365 41.9145
35366 41.9163
35367 41.917
35368 41.9174
35369 41.9176
35370 41.9169
35371 41.9159
35372 41.9152
35373 41.9149
35374 41.9149
35375 41.917
35376 41.9195
35377 41.9211
35378 41.9211
35379 41.9204
35380 41.9194
35381 41.918
35382 41.916
35383 41.9139
35384 41.9135
35385 41.9139
35386 41.9152
35387 41.9164
35388 41.9178
35389 41.919
35390 41.9191
35391 41.9182
35392 41.9166
35393 41.9146
35394 41.9126
35395 41.9108
35396 41.9089
35397 41.9081
35398 41.9079
35399 41.9083
35400 41.9093
35401 41.9116
35402 41.9142
35403 41.9171
35404 41.9202
35405 41.9225
35406 41.9234
35407 41.9231
35408 41.9219
35409 41.9198
35410 41.9177
35411 41.9159
35412 41.9138
35413 41.9124
35414 41.9109
35415 41.911
35416 41.9132
35417 41.9159
35418 41.9183
35419 41.9204
35420 41.9203
35421 41.9196
35422 41.9172
35423 41.9139
35424 41.9111
35425 41.9085
35426 41.9068
35427 41.9068
35428 41.9078
35429 41.9098
35430 41.912
35431 41.9129
35432 41.9123
35433 41.9115
35434 41.9111
35435 41.911
35436 41.9103
35437 41.9095
35438 41.9093
35439 41.91
35440 41.9117
35441 41.913
35442 41.9126
35443 41.9115
35444 41.9101
35445 41.909
35446 41.9086
35447 41.9083
35448 41.9089
35449 41.9101
35450 41.9122
35451 41.9139
35452 41.9149
35453 41.9162
35454 41.9174
35455 41.9179
35456 41.9165
35457 41.9145
35458 41.9133
35459 41.9136
35460 41.915
35461 41.9179
35462 41.9217
35463 41.9253
35464 41.9286
35465 41.9315
35466 41.9335
35467 41.9347
35468 41.9351
35469 41.9341
35470 41.9319
35471 41.9308
35472 41.9306
35473 41.9307
35474 41.9301
35475 41.9291
35476 41.9279
35477 41.9261
35478 41.924
35479 41.9225
35480 41.9209
35481 41.9197
35482 41.9181
35483 41.9168
35484 41.9158
35485 41.9154
35486 41.9154
35487 41.9167
35488 41.9192
35489 41.9232
35490 41.9276
35491 41.9319
35492 41.9352
35493 41.9386
35494 41.9411
35495 41.9418
35496 41.9407
35497 41.9404
35498 41.9415
35499 41.9435
35500 41.9463
35501 41.9491
35502 41.9515
35503 41.9525
35504 41.9536
35505 41.9555
35506 41.9573
35507 41.9587
35508 41.9597
35509 41.9611
35510 41.9634
35511 41.9666
35512 41.9695
35513 41.9714
35514 41.9723
35515 41.9716
35516 41.9691
35517 41.9664
35518 41.9631
35519 41.9608
35520 41.9587
35521 41.9573
35522 41.9569
35523 41.958
35524 41.9601
35525 41.962
35526 41.9636
35527 41.9645
35528 41.9651
35529 41.9655
35530 41.9643
35531 41.9619
35532 41.9594
35533 41.957
35534 41.9544
35535 41.9521
35536 41.9503
35537 41.9498
35538 41.9505
35539 41.9511
35540 41.951
35541 41.9498
35542 41.9477
35543 41.9446
35544 41.9411
35545 41.9376
35546 41.9346
35547 41.9323
35548 41.9304
35549 41.9279
35550 41.9253
35551 41.9232
35552 41.9214
35553 41.9189
35554 41.9162
35555 41.9132
35556 41.9112
35557 41.9093
35558 41.9076
35559 41.9066
35560 41.905
35561 41.9034
35562 41.9015
35563 41.9008
35564 41.9007
35565 41.9011
35566 41.9013
35567 41.9023
35568 41.9044
35569 41.9075
35570 41.9111
35571 41.9147
35572 41.9175
35573 41.9197
35574 41.9208
35575 41.9203
35576 41.9195
35577 41.9197
35578 41.9217
35579 41.9252
35580 41.9306
35581 41.9382
35582 41.9465
35583 41.9552
35584 41.9627
35585 41.9685
35586 41.9729
35587 41.9748
35588 41.9748
35589 41.9746
35590 41.9739
35591 41.9741
35592 41.9766
35593 41.9812
35594 41.9866
35595 41.9924
35596 41.998
35597 42.0039
35598 42.0089
35599 42.0133
35600 42.0164
35601 42.0185
35602 42.0203
35603 42.0211
35604 42.0208
35605 42.0212
35606 42.0237
35607 42.0267
35608 42.0298
35609 42.0332
35610 42.0371
35611 42.0398
35612 42.0411
35613 42.0414
35614 42.0408
35615 42.0387
35616 42.0361
35617 42.0337
35618 42.0315
35619 42.0292
35620 42.0284
35621 42.0281
35622 42.0278
35623 42.0266
35624 42.025
35625 42.0224
35626 42.018
35627 42.0133
35628 42.0091
35629 42.0043
35630 42
35631 41.9964
35632 41.9933
35633 41.9907
35634 41.9887
35635 41.9866
35636 41.984
35637 41.9815
35638 41.9788
35639 41.9761
35640 41.9739
35641 41.9717
35642 41.9694
35643 41.9665
35644 41.9638
35645 41.9607
35646 41.958
35647 41.9561
35648 41.9543
35649 41.9531
35650 41.952
35651 41.951
35652 41.95
35653 41.9494
35654 41.9491
35655 41.9502
35656 41.9501
35657 41.9481
35658 41.9455
35659 41.9442
35660 41.9433
35661 41.9434
35662 41.9431
35663 41.9417
35664 41.9407
35665 41.9399
35666 41.9387
35667 41.9374
35668 41.9365
35669 41.9359
35670 41.9358
35671 41.9358
35672 41.9352
35673 41.9344
35674 41.9336
35675 41.9327
35676 41.9322
35677 41.9313
35678 41.9309
35679 41.93
35680 41.9295
35681 41.9301
35682 41.9306
35683 41.9306
35684 41.9308
35685 41.9304
35686 41.9297
35687 41.929
35688 41.9282
35689 41.928
35690 41.9284
35691 41.928
35692 41.927
35693 41.9251
35694 41.9235
35695 41.9228
35696 41.9245
35697 41.9274
35698 41.9309
35699 41.9346
35700 41.9381
35701 41.9418
35702 41.945
35703 41.9486
35704 41.9508
35705 41.9524
35706 41.9529
35707 41.953
35708 41.9541
35709 41.9558
35710 41.959
35711 41.9627
35712 41.9673
35713 41.9723
35714 41.9774
35715 41.9818
35716 41.9842
35717 41.9845
35718 41.9831
35719 41.9806
35720 41.9777
35721 41.9755
35722 41.9749
35723 41.9764
35724 41.9785
35725 41.981
35726 41.984
35727 41.9862
35728 41.9869
35729 41.9862
35730 41.9835
35731 41.9793
35732 41.9752
35733 41.9702
35734 41.9652
35735 41.9612
35736 41.9584
35737 41.9571
35738 41.9567
35739 41.9561
35740 41.9554
35741 41.9547
35742 41.954
35743 41.951
35744 41.947
35745 41.9425
35746 41.9378
35747 41.9338
35748 41.9302
35749 41.9279
35750 41.9272
35751 41.9272
35752 41.9279
35753 41.9285
35754 41.928
35755 41.9266
35756 41.9238
35757 41.9211
35758 41.9194
35759 41.9186
35760 41.9181
35761 41.9181
35762 41.9179
35763 41.9183
35764 41.9205
35765 41.924
35766 41.9279
35767 41.9319
35768 41.9349
35769 41.937
35770 41.9393
35771 41.9414
35772 41.9432
35773 41.9439
35774 41.9456
35775 41.9487
35776 41.9533
35777 41.9588
35778 41.9654
35779 41.9704
35780 41.9741
35781 41.9759
35782 41.9764
35783 41.9761
35784 41.9761
35785 41.9774
35786 41.9793
35787 41.9818
35788 41.9841
35789 41.9866
35790 41.9894
35791 41.9925
35792 41.9953
35793 41.9974
35794 41.9984
35795 41.9989
35796 41.9996
35797 41.9999
35798 42.0005
35799 42.0013
35800 42.002
35801 42.0019
35802 42.002
35803 42.0021
35804 42.0016
35805 42.0008
35806 41.9994
35807 41.9974
35808 41.9948
35809 41.9923
35810 41.9904
35811 41.988
35812 41.9856
35813 41.9837
35814 41.9825
35815 41.9828
35816 41.9847
35817 41.9866
35818 41.9882
35819 41.9887
35820 41.9877
35821 41.9851
35822 41.9813
35823 41.9778
35824 41.9742
35825 41.9707
35826 41.9666
35827 41.9628
35828 41.9595
35829 41.9574
35830 41.9565
35831 41.9561
35832 41.9557
35833 41.9555
35834 41.9543
35835 41.9527
35836 41.952
35837 41.9509
35838 41.95
35839 41.9489
35840 41.948
35841 41.9476
35842 41.9487
35843 41.9504
35844 41.9524
35845 41.9553
35846 41.9585
35847 41.962
35848 41.9655
35849 41.9683
35850 41.971
35851 41.9736
35852 41.9763
35853 41.9791
35854 41.9831
35855 41.9874
35856 41.9921
35857 41.9972
35858 42.0031
35859 42.0093
35860 42.0145
35861 42.0185
35862 42.022
35863 42.0256
35864 42.0297
35865 42.0334
35866 42.038
35867 42.0424
35868 42.0468
35869 42.0513
35870 42.0557
35871 42.0594
35872 42.0634
35873 42.0678
35874 42.0732
35875 42.0792
35876 42.085
35877 42.0903
35878 42.0944
35879 42.0978
35880 42.1002
35881 42.1011
35882 42.1015
35883 42.1016
35884 42.1014
35885 42.1013
35886 42.1016
35887 42.1027
35888 42.1048
35889 42.1057
35890 42.1055
35891 42.1044
35892 42.1034
35893 42.1023
35894 42.1009
35895 42.0993
35896 42.0961
35897 42.0928
35898 42.0895
35899 42.0872
35900 42.0859
35901 42.0848
35902 42.0843
35903 42.0826
35904 42.0802
35905 42.0777
35906 42.075
35907 42.0718
35908 42.0681
35909 42.064
35910 42.0588
35911 42.0515
35912 42.0441
35913 42.0393
35914 42.0366
35915 42.0348
35916 42.0326
35917 42.0296
35918 42.0258
35919 42.0221
35920 42.0197
35921 42.0178
35922 42.0151
35923 42.0107
35924 42.0056
35925 42.0007
35926 41.9952
35927 41.9905
35928 41.986
35929 41.9815
35930 41.9783
35931 41.9756
35932 41.9732
35933 41.9709
35934 41.9679
35935 41.9652
35936 41.9617
35937 41.9584
35938 41.9557
35939 41.9527
35940 41.9489
35941 41.9454
35942 41.9434
35943 41.9424
35944 41.942
35945 41.9424
35946 41.9432
35947 41.9441
35948 41.9449
35949 41.9456
35950 41.9462
35951 41.9459
35952 41.9443
35953 41.9419
35954 41.9387
35955 41.9361
35956 41.9348
35957 41.9345
35958 41.9348
35959 41.9362
35960 41.9374
35961 41.9379
35962 41.9373
35963 41.9366
35964 41.9356
35965 41.9341
35966 41.9324
35967 41.9315
35968 41.9315
35969 41.9325
35970 41.9344
35971 41.9372
35972 41.9398
35973 41.9418
35974 41.9425
35975 41.9425
35976 41.9422
35977 41.942
35978 41.9427
35979 41.944
35980 41.9458
35981 41.9483
35982 41.9508
35983 41.9547
35984 41.9603
35985 41.966
35986 41.9721
35987 41.9787
35988 41.9839
35989 41.9877
35990 41.9907
35991 41.9923
35992 41.9937
35993 41.9952
35994 41.9975
35995 42.0005
35996 42.0046
35997 42.0091
35998 42.014
35999 42.0185
36000 42.0219
36001 42.0243
36002 42.0252
36003 42.0254
36004 42.0249
36005 42.0246
36006 42.0245
36007 42.0248
36008 42.0263
36009 42.0297
36010 42.0346
36011 42.04
36012 42.0448
36013 42.0493
36014 42.0525
36015 42.0543
36016 42.0551
36017 42.0553
36018 42.0558
36019 42.0567
36020 42.0575
36021 42.0573
36022 42.0565
36023 42.0549
36024 42.0537
36025 42.0531
36026 42.0529
36027 42.0535
36028 42.0539
36029 42.0544
36030 42.0539
36031 42.0537
36032 42.0533
36033 42.0525
36034 42.0521
36035 42.0512
36036 42.0503
36037 42.0498
36038 42.0508
36039 42.0513
36040 42.0514
36041 42.0514
36042 42.0508
36043 42.0499
36044 42.0486
36045 42.0472
36046 42.0465
36047 42.0466
36048 42.048
36049 42.0495
36050 42.0504
36051 42.0513
36052 42.0517
36053 42.0515
36054 42.0512
36055 42.0506
36056 42.0505
36057 42.0516
36058 42.0525
36059 42.0532
36060 42.0535
36061 42.054
36062 42.0541
36063 42.053
36064 42.0519
36065 42.0518
36066 42.0511
36067 42.0501
36068 42.0495
36069 42.0497
36070 42.0511
36071 42.0531
36072 42.055
36073 42.0569
36074 42.0588
36075 42.0615
36076 42.0647
36077 42.068
36078 42.0709
36079 42.0734
36080 42.0759
36081 42.0779
36082 42.0807
36083 42.0845
36084 42.0897
36085 42.0956
36086 42.1012
36087 42.1057
36088 42.1096
36089 42.1126
36090 42.1141
36091 42.1146
36092 42.1154
36093 42.1175
36094 42.1196
36095 42.1216
36096 42.1231
36097 42.1248
36098 42.1264
36099 42.1274
36100 42.1287
36101 42.1292
36102 42.1286
36103 42.128
36104 42.1282
36105 42.1284
36106 42.1289
36107 42.1298
36108 42.1314
36109 42.1336
36110 42.1357
36111 42.1365
36112 42.1355
36113 42.1336
36114 42.1319
36115 42.1306
36116 42.1296
36117 42.129
36118 42.1285
36119 42.1278
36120 42.1264
36121 42.1254
36122 42.1235
36123 42.1214
36124 42.1195
36125 42.1176
36126 42.1175
36127 42.118
36128 42.1184
36129 42.1187
36130 42.1185
36131 42.1178
36132 42.1166
36133 42.1155
36134 42.1156
36135 42.116
36136 42.1166
36137 42.1167
36138 42.117
36139 42.1173
36140 42.1172
36141 42.1164
36142 42.1153
36143 42.1145
36144 42.1151
36145 42.1153
36146 42.1157
36147 42.1162
36148 42.1172
36149 42.119
36150 42.1208
36151 42.1226
36152 42.1242
36153 42.1253
36154 42.1263
36155 42.1259
36156 42.1249
36157 42.1226
36158 42.1214
36159 42.1214
36160 42.1229
36161 42.1247
36162 42.1271
36163 42.1302
36164 42.133
36165 42.1345
36166 42.1351
36167 42.1344
36168 42.1332
36169 42.1313
36170 42.1299
36171 42.129
36172 42.1292
36173 42.1304
36174 42.1317
36175 42.1344
36176 42.1376
36177 42.1404
36178 42.143
36179 42.1443
36180 42.1448
36181 42.1456
36182 42.1454
36183 42.1447
36184 42.1437
36185 42.1418
36186 42.1399
36187 42.1382
36188 42.1369
36189 42.1365
36190 42.138
36191 42.1388
36192 42.1376
36193 42.135
36194 42.1323
36195 42.1295
36196 42.1265
36197 42.1241
36198 42.1222
36199 42.1212
36200 42.1211
36201 42.1207
36202 42.1196
36203 42.1186
36204 42.117
36205 42.1137
36206 42.1099
36207 42.1062
36208 42.103
36209 42.0999
36210 42.0974
36211 42.0953
36212 42.095
36213 42.095
36214 42.0955
36215 42.0947
36216 42.0937
36217 42.0917
36218 42.0901
36219 42.0893
36220 42.0898
36221 42.091
36222 42.0928
36223 42.096
36224 42.1001
36225 42.1043
36226 42.1083
36227 42.1111
36228 42.1125
36229 42.1124
36230 42.1117
36231 42.1113
36232 42.1115
36233 42.113
36234 42.1158
36235 42.1199
36236 42.1238
36237 42.1278
36238 42.1323
36239 42.1353
36240 42.1379
36241 42.1412
36242 42.1433
36243 42.1447
36244 42.1453
36245 42.1462
36246 42.1472
36247 42.1474
36248 42.1479
36249 42.1489
36250 42.1515
36251 42.1553
36252 42.1601
36253 42.1653
36254 42.1703
36255 42.1749
36256 42.179
36257 42.1807
36258 42.181
36259 42.1809
36260 42.1799
36261 42.1775
36262 42.1749
36263 42.1745
36264 42.1758
36265 42.1776
36266 42.1783
36267 42.1788
36268 42.1792
36269 42.1796
36270 42.1798
36271 42.1801
36272 42.1792
36273 42.1767
36274 42.1741
36275 42.1728
36276 42.1728
36277 42.1732
36278 42.1746
36279 42.1765
36280 42.1779
36281 42.1809
36282 42.1832
36283 42.1843
36284 42.1839
36285 42.1834
36286 42.1814
36287 42.1795
36288 42.1772
36289 42.1753
36290 42.1744
36291 42.1744
36292 42.1751
36293 42.1764
36294 42.1773
36295 42.1777
36296 42.1781
36297 42.1774
36298 42.1753
36299 42.1724
36300 42.1688
36301 42.1657
36302 42.1631
36303 42.1618
36304 42.1616
36305 42.162
36306 42.1625
36307 42.163
36308 42.1636
36309 42.1624
36310 42.1613
36311 42.1601
36312 42.1582
36313 42.1563
36314 42.1546
36315 42.1532
36316 42.1523
36317 42.1527
36318 42.1528
36319 42.1537
36320 42.1558
36321 42.1577
36322 42.1599
36323 42.1626
36324 42.1647
36325 42.1661
36326 42.1667
36327 42.166
36328 42.1656
36329 42.1656
36330 42.1666
36331 42.1688
36332 42.1711
36333 42.173
36334 42.1743
36335 42.1755
36336 42.1762
36337 42.1765
36338 42.1769
36339 42.1782
36340 42.1792
36341 42.1796
36342 42.1793
36343 42.1795
36344 42.1794
36345 42.1788
36346 42.1774
36347 42.1768
36348 42.1768
36349 42.176
36350 42.1748
36351 42.1735
36352 42.1726
36353 42.172
36354 42.1718
36355 42.1718
36356 42.1716
36357 42.1714
36358 42.1708
36359 42.1695
36360 42.168
36361 42.1663
36362 42.165
36363 42.1645
36364 42.1646
36365 42.165
36366 42.1656
36367 42.166
36368 42.1655
36369 42.1636
36370 42.1606
36371 42.1561
36372 42.1523
36373 42.1503
36374 42.1499
36375 42.1509
36376 42.1523
36377 42.1551
36378 42.158
36379 42.16
36380 42.1597
36381 42.1572
36382 42.1525
36383 42.1474
36384 42.1418
36385 42.1376
36386 42.1352
36387 42.1347
36388 42.1362
36389 42.14
36390 42.1443
36391 42.148
36392 42.1502
36393 42.1501
36394 42.149
36395 42.1473
36396 42.1439
36397 42.1395
36398 42.135
36399 42.131
36400 42.129
36401 42.1293
36402 42.1314
36403 42.1335
36404 42.1349
36405 42.1356
36406 42.1344
36407 42.1315
36408 42.1281
36409 42.1252
36410 42.1232
36411 42.1222
36412 42.1222
36413 42.1235
36414 42.1263
36415 42.1282
36416 42.13
36417 42.1314
36418 42.1321
36419 42.1312
36420 42.13
36421 42.1284
36422 42.1255
36423 42.1231
36424 42.1233
36425 42.1255
36426 42.1289
36427 42.1329
36428 42.1371
36429 42.1401
36430 42.1423
36431 42.1415
36432 42.1383
36433 42.1346
36434 42.1316
36435 42.1303
36436 42.1303
36437 42.1314
36438 42.1324
36439 42.1328
36440 42.133
36441 42.1328
36442 42.1314
36443 42.1289
36444 42.1257
36445 42.1225
36446 42.1198
36447 42.1174
36448 42.116
36449 42.1151
36450 42.1154
36451 42.1163
36452 42.1181
36453 42.119
36454 42.1203
36455 42.1207
36456 42.1191
36457 42.1145
36458 42.1092
36459 42.1034
36460 42.0985
36461 42.0953
36462 42.0941
36463 42.0939
36464 42.0947
36465 42.0961
36466 42.0983
36467 42.1
36468 42.0998
36469 42.0975
36470 42.0938
36471 42.0899
36472 42.0866
36473 42.0829
36474 42.0806
36475 42.0789
36476 42.0783
36477 42.0777
36478 42.0773
36479 42.0769
36480 42.0764
36481 42.0746
36482 42.0716
36483 42.0689
36484 42.0672
36485 42.0662
36486 42.0651
36487 42.0642
36488 42.0653
36489 42.0675
36490 42.0707
36491 42.0742
36492 42.0771
36493 42.079
36494 42.0803
36495 42.0801
36496 42.079
36497 42.0775
36498 42.0763
36499 42.0752
36500 42.0744
36501 42.0747
36502 42.0755
36503 42.0766
36504 42.0786
36505 42.0818
36506 42.0841
36507 42.0862
36508 42.087
36509 42.0874
36510 42.0874
36511 42.0863
36512 42.0848
36513 42.0829
36514 42.082
36515 42.0815
36516 42.0813
36517 42.0806
36518 42.0798
36519 42.0798
36520 42.08
36521 42.0807
36522 42.0818
36523 42.0814
36524 42.0809
36525 42.0804
36526 42.0797
36527 42.0773
36528 42.0744
36529 42.0723
36530 42.0704
36531 42.0688
36532 42.0677
36533 42.067
36534 42.0667
36535 42.0667
36536 42.0665
36537 42.0654
36538 42.0636
36539 42.0608
36540 42.0567
36541 42.0526
36542 42.0487
36543 42.0453
36544 42.0425
36545 42.0406
36546 42.0392
36547 42.0385
36548 42.0377
36549 42.0363
36550 42.0337
36551 42.0305
36552 42.0282
36553 42.0267
36554 42.0262
36555 42.0252
36556 42.0243
36557 42.0247
36558 42.0251
36559 42.025
36560 42.0247
36561 42.0238
36562 42.0226
36563 42.0216
36564 42.0216
36565 42.0219
36566 42.023
36567 42.0236
36568 42.0233
36569 42.0218
36570 42.0197
36571 42.0163
36572 42.0105
36573 42.0045
36574 42.0004
36575 41.9977
36576 41.9963
36577 41.9956
36578 41.9949
36579 41.9934
36580 41.992
36581 41.9903
36582 41.9895
36583 41.9893
36584 41.9894
36585 41.9896
36586 41.9893
36587 41.988
36588 41.986
36589 41.9843
36590 41.983
36591 41.9817
36592 41.9806
36593 41.9797
36594 41.9788
36595 41.9786
36596 41.9789
36597 41.9788
36598 41.9783
36599 41.9781
36600 41.9779
36601 41.9766
36602 41.9749
36603 41.9726
36604 41.9702
36605 41.9685
36606 41.9678
36607 41.9677
36608 41.9671
36609 41.9661
36610 41.9653
36611 41.9644
36612 41.9638
36613 41.9632
36614 41.9627
36615 41.9624
36616 41.9628
36617 41.9637
36618 41.9644
36619 41.9656
36620 41.9672
36621 41.969
36622 41.9697
36623 41.9695
36624 41.9676
36625 41.9643
36626 41.9614
36627 41.9582
36628 41.9558
36629 41.9547
36630 41.9553
36631 41.9574
36632 41.9601
36633 41.9628
36634 41.965
36635 41.9656
36636 41.9647
36637 41.9632
36638 41.9617
36639 41.9603
36640 41.9586
36641 41.9578
36642 41.9575
36643 41.9577
36644 41.9588
36645 41.9598
36646 41.9604
36647 41.9604
36648 41.9602
36649 41.9587
36650 41.9559
36651 41.9519
36652 41.9479
36653 41.9459
36654 41.9453
36655 41.9469
36656 41.9504
36657 41.9549
36658 41.9594
36659 41.9634
36660 41.9668
36661 41.9694
36662 41.9712
36663 41.9739
36664 41.9771
36665 41.9804
36666 41.9831
36667 41.9848
36668 41.9864
36669 41.9885
36670 41.991
36671 41.994
36672 41.9977
36673 42.002
36674 42.0044
36675 42.0057
36676 42.0058
36677 42.0052
36678 42.0036
36679 42.0012
36680 41.9982
36681 41.9956
36682 41.9937
36683 41.9928
36684 41.9923
36685 41.9916
36686 41.9898
36687 41.9888
36688 41.9869
36689 41.9834
36690 41.9794
36691 41.9743
36692 41.9694
36693 41.9656
36694 41.9629
36695 41.9608
36696 41.9585
36697 41.9567
36698 41.9543
36699 41.9513
36700 41.9486
36701 41.9459
36702 41.944
36703 41.942
36704 41.939
36705 41.9357
36706 41.9328
36707 41.9297
36708 41.9266
36709 41.9242
36710 41.923
36711 41.9223
36712 41.9227
36713 41.9232
36714 41.9239
36715 41.924
36716 41.9238
36717 41.9239
36718 41.9237
36719 41.9227
36720 41.9218
36721 41.9205
36722 41.9194
36723 41.9199
36724 41.9217
36725 41.9247
36726 41.9286
36727 41.9329
36728 41.9364
36729 41.9403
36730 41.9438
36731 41.9454
36732 41.946
36733 41.9455
36734 41.9443
36735 41.9424
36736 41.9406
36737 41.9394
36738 41.9401
36739 41.9417
36740 41.9441
36741 41.946
36742 41.9471
36743 41.9485
36744 41.9505
36745 41.952
36746 41.9526
36747 41.9526
36748 41.9521
36749 41.9517
36750 41.9516
36751 41.9516
36752 41.9525
36753 41.9543
36754 41.9565
36755 41.9595
36756 41.9623
36757 41.9655
36758 41.9675
36759 41.9681
36760 41.9684
36761 41.9678
36762 41.9675
36763 41.9684
36764 41.9691
36765 41.9706
36766 41.9719
36767 41.9734
36768 41.9745
36769 41.9756
36770 41.9764
36771 41.978
36772 41.9814
36773 41.9853
36774 41.9891
36775 41.9927
36776 41.996
36777 41.9987
36778 42.0003
36779 42.0006
36780 42.0014
36781 42.0013
36782 42.0017
36783 42.0024
36784 42.0032
36785 42.0039
36786 42.0052
36787 42.0054
36788 42.004
36789 42.0017
36790 41.9988
36791 41.9957
36792 41.9936
36793 41.9919
36794 41.9906
36795 41.9903
36796 41.9908
36797 41.9908
36798 41.99
36799 41.9898
36800 41.9888
36801 41.9872
36802 41.9848
36803 41.9822
36804 41.98
36805 41.9786
36806 41.9786
36807 41.9788
36808 41.9796
36809 41.98
36810 41.9805
36811 41.9811
36812 41.9831
36813 41.9863
36814 41.9895
36815 41.9919
36816 41.9934
36817 41.9938
36818 41.9937
36819 41.993
36820 41.9929
36821 41.9944
36822 41.9962
36823 41.999
36824 42.0033
36825 42.0083
36826 42.0142
36827 42.0203
36828 42.0249
36829 42.0284
36830 42.0304
36831 42.0319
36832 42.0327
36833 42.0336
36834 42.0351
36835 42.0374
36836 42.0405
36837 42.0442
36838 42.0488
36839 42.0535
36840 42.0584
36841 42.0617
36842 42.0632
36843 42.063
36844 42.0626
36845 42.0608
36846 42.0578
36847 42.0543
36848 42.051
36849 42.0486
36850 42.0474
36851 42.0476
36852 42.0481
36853 42.0489
36854 42.05
36855 42.0516
36856 42.0514
36857 42.0492
36858 42.0463
36859 42.042
36860 42.0363
36861 42.0312
36862 42.0266
36863 42.0231
36864 42.021
36865 42.0206
36866 42.021
36867 42.0217
36868 42.0221
36869 42.0226
36870 42.022
36871 42.0207
36872 42.0184
36873 42.0148
36874 42.0098
36875 42.0053
36876 42.0013
36877 41.998
36878 41.9962
36879 41.9958
36880 41.997
36881 41.9993
36882 42.0005
36883 41.9999
36884 41.9985
36885 41.9961
36886 41.9931
36887 41.9903
36888 41.9873
36889 41.9851
36890 41.9852
36891 41.9872
36892 41.989
36893 41.9897
36894 41.9903
36895 41.9898
36896 41.9892
36897 41.989
36898 41.9888
36899 41.9891
36900 41.9904
36901 41.9928
36902 41.9954
36903 41.9979
36904 42.0007
36905 42.0037
36906 42.0068
36907 42.0085
36908 42.0098
36909 42.0113
36910 42.0123
36911 42.0121
36912 42.0122
36913 42.0126
36914 42.0138
36915 42.0155
36916 42.0183
36917 42.0221
36918 42.0257
36919 42.0285
36920 42.0294
36921 42.0298
36922 42.0299
36923 42.0293
36924 42.0289
36925 42.0283
36926 42.0289
36927 42.03
36928 42.0311
36929 42.0326
36930 42.0341
36931 42.0359
36932 42.0377
36933 42.0387
36934 42.0382
36935 42.0372
36936 42.0357
36937 42.0341
36938 42.0321
36939 42.0302
36940 42.0294
36941 42.0292
36942 42.0305
36943 42.0321
36944 42.0336
36945 42.034
36946 42.0334
36947 42.0321
36948 42.03
36949 42.0264
36950 42.0226
36951 42.0209
36952 42.0206
36953 42.0201
36954 42.0176
36955 42.0143
36956 42.0115
36957 42.0102
36958 42.0112
36959 42.0146
36960 42.019
36961 42.0233
36962 42.0264
36963 42.0276
36964 42.0278
36965 42.0266
36966 42.0255
36967 42.025
36968 42.0255
36969 42.0271
36970 42.0306
36971 42.036
36972 42.0422
36973 42.0477
36974 42.0523
36975 42.0555
36976 42.0575
36977 42.0588
36978 42.0605
36979 42.0627
36980 42.0665
36981 42.0714
36982 42.0761
36983 42.0805
36984 42.0844
36985 42.0886
36986 42.0925
36987 42.0966
36988 42.1006
36989 42.1036
36990 42.1048
36991 42.1045
36992 42.1038
36993 42.1029
36994 42.1028
36995 42.1035
36996 42.1049
36997 42.1073
36998 42.1107
36999 42.114
37000 42.1165
37001 42.1189
37002 42.1212
37003 42.1217
37004 42.1213
37005 42.1216
37006 42.1222
37007 42.1233
37008 42.1251
37009 42.1274
37010 42.13
37011 42.1318
37012 42.1322
37013 42.1315
37014 42.1301
37015 42.1278
37016 42.1242
37017 42.1206
37018 42.1172
37019 42.114
37020 42.1116
37021 42.111
37022 42.1113
37023 42.1127
37024 42.1134
37025 42.1122
37026 42.1089
37027 42.1052
37028 42.1006
37029 42.0955
37030 42.0906
37031 42.0855
37032 42.0813
37033 42.0782
37034 42.0766
37035 42.0765
37036 42.0766
37037 42.0771
37038 42.0788
37039 42.0794
37040 42.0794
37041 42.0779
37042 42.0745
37043 42.0703
37044 42.0665
37045 42.0622
37046 42.0589
37047 42.0566
37048 42.0555
37049 42.0552
37050 42.0546
37051 42.0534
37052 42.0525
37053 42.0509
37054 42.0482
37055 42.0447
37056 42.0417
37057 42.0389
37058 42.0357
37059 42.0336
37060 42.0325
37061 42.0321
37062 42.0319
37063 42.0328
37064 42.0329
37065 42.0335
37066 42.0335
37067 42.0316
37068 42.0297
37069 42.0275
37070 42.0253
37071 42.0239
37072 42.0246
37073 42.026
37074 42.0284
37075 42.0319
37076 42.0366
37077 42.0424
37078 42.047
37079 42.05
37080 42.052
37081 42.0538
37082 42.0549
37083 42.0558
37084 42.0579
37085 42.0605
37086 42.0633
37087 42.0674
37088 42.0712
37089 42.0746
37090 42.0783
37091 42.0827
37092 42.0883
37093 42.0929
37094 42.0964
37095 42.0992
37096 42.1018
37097 42.104
37098 42.1067
37099 42.1106
37100 42.1148
37101 42.1188
37102 42.1228
37103 42.1266
37104 42.1281
37105 42.1275
37106 42.1257
37107 42.1236
37108 42.1212
37109 42.1194
37110 42.1184
37111 42.119
37112 42.1215
37113 42.1248
37114 42.128
37115 42.1315
37116 42.1342
37117 42.1359
37118 42.1361
37119 42.1354
37120 42.1344
37121 42.1331
37122 42.1313
37123 42.1284
37124 42.1268
37125 42.1263
37126 42.1271
37127 42.1292
37128 42.1326
37129 42.135
37130 42.1369
37131 42.1381
37132 42.1374
37133 42.1351
37134 42.131
37135 42.1275
37136 42.1248
37137 42.1233
37138 42.1219
37139 42.1215
37140 42.1214
37141 42.1222
37142 42.1227
37143 42.1231
37144 42.123
37145 42.1232
37146 42.1224
37147 42.1213
37148 42.119
37149 42.1168
37150 42.1153
37151 42.1146
37152 42.1145
37153 42.1147
37154 42.115
37155 42.1155
37156 42.1151
37157 42.1139
37158 42.1124
37159 42.1109
37160 42.1098
37161 42.1086
37162 42.1065
37163 42.1054
37164 42.1047
37165 42.1037
37166 42.1018
37167 42.1001
37168 42.0986
37169 42.0981
37170 42.098
37171 42.0989
37172 42.0998
37173 42.1014
37174 42.1031
37175 42.1047
37176 42.1061
37177 42.1061
37178 42.1056
37179 42.1055
37180 42.1058
37181 42.1062
37182 42.1072
37183 42.1082
37184 42.1088
37185 42.1094
37186 42.1099
37187 42.1113
37188 42.1128
37189 42.1131
37190 42.1144
37191 42.1159
37192 42.1157
37193 42.1148
37194 42.1131
37195 42.1113
37196 42.1086
37197 42.1054
37198 42.1024
37199 42.1002
37200 42.0994
37201 42.1007
37202 42.1028
37203 42.1049
37204 42.1063
37205 42.1073
37206 42.1087
37207 42.1093
37208 42.1083
37209 42.1055
37210 42.1028
37211 42.101
37212 42.0997
37213 42.0992
37214 42.0995
37215 42.1014
37216 42.1037
37217 42.1068
37218 42.1105
37219 42.1134
37220 42.116
37221 42.1168
37222 42.1147
37223 42.1123
37224 42.1107
37225 42.1096
37226 42.1101
37227 42.1118
37228 42.1137
37229 42.1157
37230 42.1166
37231 42.1163
37232 42.1158
37233 42.1151
37234 42.1139
37235 42.113
37236 42.1123
37237 42.1124
37238 42.1124
37239 42.1128
37240 42.1147
37241 42.1181
37242 42.1224
37243 42.1275
37244 42.1325
37245 42.1364
37246 42.1388
37247 42.1409
37248 42.1431
37249 42.1452
37250 42.1472
37251 42.148
37252 42.1485
37253 42.1498
37254 42.1516
37255 42.153
37256 42.1539
37257 42.1552
37258 42.1575
37259 42.1596
37260 42.1613
37261 42.1624
37262 42.1629
37263 42.1636
37264 42.1644
37265 42.165
37266 42.1655
37267 42.1649
37268 42.1641
37269 42.1628
37270 42.1624
37271 42.1623
37272 42.1635
37273 42.1649
37274 42.1669
37275 42.1678
37276 42.1679
37277 42.1669
37278 42.1655
37279 42.162
37280 42.1589
37281 42.1571
37282 42.1568
37283 42.1573
37284 42.1595
37285 42.161
37286 42.1625
37287 42.1634
37288 42.1637
37289 42.1634
37290 42.1632
37291 42.163
37292 42.1611
37293 42.1588
37294 42.1568
37295 42.1552
37296 42.154
37297 42.1543
37298 42.1555
37299 42.1574
37300 42.1601
37301 42.1623
37302 42.165
37303 42.1678
37304 42.1709
37305 42.1735
37306 42.175
37307 42.1756
37308 42.1747
37309 42.1725
37310 42.1706
37311 42.1692
37312 42.1693
37313 42.1698
37314 42.1699
37315 42.1695
37316 42.1701
37317 42.17
37318 42.17
37319 42.1704
37320 42.1716
37321 42.1731
37322 42.1747
37323 42.1762
37324 42.1761
37325 42.1746
37326 42.1736
37327 42.173
37328 42.1732
37329 42.1732
37330 42.1732
37331 42.1733
37332 42.1732
37333 42.1731
37334 42.1737
37335 42.175
37336 42.1763
37337 42.1766
37338 42.1761
37339 42.1748
37340 42.174
37341 42.1736
37342 42.173
37343 42.1724
37344 42.1721
37345 42.1707
37346 42.1685
37347 42.1655
37348 42.163
37349 42.1613
37350 42.16
37351 42.1594
37352 42.159
37353 42.1589
37354 42.1586
37355 42.1588
37356 42.1596
37357 42.1606
37358 42.163
37359 42.1647
37360 42.1653
37361 42.1665
37362 42.1656
37363 42.1632
37364 42.1608
37365 42.1588
37366 42.158
37367 42.1583
37368 42.1582
37369 42.159
37370 42.1603
37371 42.1616
37372 42.1629
37373 42.1638
37374 42.1643
37375 42.1635
37376 42.1619
37377 42.1601
37378 42.1581
37379 42.1573
37380 42.1576
37381 42.1581
37382 42.1584
37383 42.1588
37384 42.1595
37385 42.1605
37386 42.1606
37387 42.1596
37388 42.1584
37389 42.1565
37390 42.1548
37391 42.1532
37392 42.1507
37393 42.1487
37394 42.1484
37395 42.1492
37396 42.1515
37397 42.1534
37398 42.1555
37399 42.158
37400 42.1604
37401 42.1616
37402 42.1611
37403 42.1595
37404 42.1578
37405 42.1555
37406 42.153
37407 42.1509
37408 42.1489
37409 42.1476
37410 42.1464
37411 42.1462
37412 42.1463
37413 42.146
37414 42.1449
37415 42.1435
37416 42.142
37417 42.1414
37418 42.1397
37419 42.1386
37420 42.1384
37421 42.1377
37422 42.1359
37423 42.1344
37424 42.1327
37425 42.1318
37426 42.131
37427 42.1314
37428 42.1318
37429 42.1322
37430 42.1331
37431 42.1351
37432 42.1372
37433 42.1394
37434 42.1412
37435 42.1435
37436 42.1459
37437 42.1488
37438 42.152
37439 42.1547
37440 42.1575
37441 42.1595
37442 42.1605
37443 42.1618
37444 42.163
37445 42.1649
37446 42.1681
37447 42.1726
37448 42.1769
37449 42.1815
37450 42.1865
37451 42.1924
37452 42.1967
37453 42.1997
37454 42.2027
37455 42.2052
37456 42.2072
37457 42.2082
37458 42.2082
37459 42.209
37460 42.21
37461 42.2127
37462 42.216
37463 42.2186
37464 42.2204
37465 42.2219
37466 42.2229
37467 42.2228
37468 42.2223
37469 42.2215
37470 42.2209
37471 42.2205
37472 42.2202
37473 42.2203
37474 42.2204
37475 42.2208
37476 42.2208
37477 42.2211
37478 42.2203
37479 42.2194
37480 42.2184
37481 42.2167
37482 42.2142
37483 42.2122
37484 42.21
37485 42.2093
37486 42.2091
37487 42.2108
37488 42.2137
37489 42.2172
37490 42.2209
37491 42.2237
37492 42.2248
37493 42.2247
37494 42.2235
37495 42.2214
37496 42.2203
37497 42.2197
37498 42.2189
37499 42.2181
37500 42.2186
37501 42.2197
37502 42.2203
37503 42.2202
37504 42.2207
37505 42.2226
37506 42.2236
37507 42.2238
37508 42.2236
37509 42.2219
37510 42.22
37511 42.2186
37512 42.2193
37513 42.2203
37514 42.222
37515 42.2243
37516 42.2272
37517 42.2302
37518 42.2333
37519 42.2363
37520 42.2385
37521 42.2401
37522 42.2415
37523 42.2437
37524 42.2461
37525 42.2486
37526 42.2514
37527 42.255
37528 42.2597
37529 42.2648
37530 42.2697
37531 42.2746
37532 42.2795
37533 42.2849
37534 42.2907
37535 42.2959
37536 42.3011
37537 42.306
37538 42.3103
37539 42.3132
37540 42.3151
37541 42.3172
37542 42.3197
37543 42.3228
37544 42.3255
37545 42.3271
37546 42.3292
37547 42.3311
37548 42.3319
37549 42.3333
37550 42.3353
37551 42.3358
37552 42.336
37553 42.3359
37554 42.3355
37555 42.3352
37556 42.3347
37557 42.3335
37558 42.3319
37559 42.3296
37560 42.3278
37561 42.3265
37562 42.3253
37563 42.3247
37564 42.3252
37565 42.3265
37566 42.3273
37567 42.3267
37568 42.325
37569 42.3223
37570 42.3189
37571 42.3148
37572 42.3094
37573 42.3041
37574 42.3
37575 42.297
37576 42.295
37577 42.2938
37578 42.2928
37579 42.2914
37580 42.2899
37581 42.2882
37582 42.2871
37583 42.2859
37584 42.285
37585 42.2835
37586 42.2807
37587 42.2777
37588 42.2744
37589 42.2707
37590 42.2675
37591 42.2652
37592 42.2646
37593 42.264
37594 42.264
37595 42.2637
37596 42.2625
37597 42.2601
37598 42.2574
37599 42.2548
37600 42.2523
37601 42.2496
37602 42.2466
37603 42.2441
37604 42.243
37605 42.2429
37606 42.2431
37607 42.2431
37608 42.2418
37609 42.2405
37610 42.238
37611 42.2363
37612 42.2356
37613 42.2346
37614 42.2338
37615 42.2333
37616 42.2333
37617 42.2339
37618 42.2336
37619 42.2332
37620 42.2334
37621 42.2336
37622 42.2343
37623 42.2354
37624 42.2364
37625 42.2379
37626 42.2386
37627 42.2381
37628 42.237
37629 42.2344
37630 42.2321
37631 42.2296
37632 42.2273
37633 42.2257
37634 42.2253
37635 42.2254
37636 42.2261
37637 42.2277
37638 42.2287
37639 42.2285
37640 42.2275
37641 42.2264
37642 42.2256
37643 42.2247
37644 42.2236
37645 42.2231
37646 42.2229
37647 42.2225
37648 42.2221
37649 42.2226
37650 42.2241
37651 42.2265
37652 42.2294
37653 42.2314
37654 42.2328
37655 42.2336
37656 42.2349
37657 42.2351
37658 42.2351
37659 42.2351
37660 42.236
37661 42.2362
37662 42.2357
37663 42.2356
37664 42.2368
37665 42.2378
37666 42.239
37667 42.2419
37668 42.2452
37669 42.2483
37670 42.2512
37671 42.2532
37672 42.2535
37673 42.253
37674 42.2524
37675 42.2521
37676 42.2525
37677 42.2532
37678 42.2544
37679 42.2546
37680 42.2555
37681 42.2569
37682 42.2568
37683 42.2565
37684 42.2567
37685 42.2565
37686 42.2565
37687 42.2549
37688 42.2523
37689 42.2504
37690 42.2481
37691 42.2456
37692 42.2433
37693 42.2411
37694 42.239
37695 42.2379
37696 42.2383
37697 42.2388
37698 42.2388
37699 42.2384
37700 42.2371
37701 42.2357
37702 42.2344
37703 42.2337
37704 42.2335
37705 42.2338
37706 42.2339
37707 42.233
37708 42.2324
37709 42.2316
37710 42.2307
37711 42.2287
37712 42.2263
37713 42.2245
37714 42.2232
37715 42.2226
37716 42.2231
37717 42.2244
37718 42.2264
37719 42.2279
37720 42.2288
37721 42.2295
37722 42.2291
37723 42.2275
37724 42.2253
37725 42.2224
37726 42.2193
37727 42.2173
37728 42.2161
37729 42.2167
37730 42.2182
37731 42.219
37732 42.2185
37733 42.2185
37734 42.2178
37735 42.2159
37736 42.2135
37737 42.211
37738 42.2089
37739 42.2082
37740 42.2096
37741 42.2109
37742 42.2118
37743 42.2118
37744 42.2105
37745 42.2091
37746 42.2071
37747 42.2054
37748 42.2041
37749 42.2032
37750 42.2025
37751 42.2021
37752 42.2016
37753 42.2008
37754 42.1998
37755 42.1982
37756 42.1965
37757 42.1946
37758 42.1917
37759 42.1886
37760 42.1854
37761 42.1825
37762 42.1799
37763 42.1781
37764 42.1778
37765 42.1782
37766 42.1787
37767 42.179
37768 42.1781
37769 42.1759
37770 42.1718
37771 42.1661
37772 42.1589
37773 42.1521
37774 42.1469
37775 42.1431
37776 42.1408
37777 42.1395
37778 42.1397
37779 42.1401
37780 42.1409
37781 42.1406
37782 42.1378
37783 42.1332
37784 42.1276
37785 42.1223
37786 42.1183
37787 42.1158
37788 42.114
37789 42.1134
37790 42.1137
37791 42.1149
37792 42.1156
37793 42.1156
37794 42.1158
37795 42.116
37796 42.1154
37797 42.1131
37798 42.1104
37799 42.1085
37800 42.108
37801 42.1077
37802 42.1069
37803 42.1074
37804 42.1086
37805 42.1107
37806 42.1139
37807 42.1173
37808 42.1198
37809 42.1212
37810 42.1222
37811 42.1235
37812 42.1248
37813 42.125
37814 42.1251
37815 42.1246
37816 42.124
37817 42.1242
37818 42.1255
37819 42.1282
37820 42.1316
37821 42.136
37822 42.1399
37823 42.1435
37824 42.1464
37825 42.1483
37826 42.1485
37827 42.1482
37828 42.1472
37829 42.1464
37830 42.1461
37831 42.1474
37832 42.1496
37833 42.1525
37834 42.1551
37835 42.1572
37836 42.1595
37837 42.16
37838 42.1595
37839 42.159
37840 42.1596
37841 42.1603
37842 42.1621
37843 42.164
37844 42.1642
37845 42.1633
37846 42.1625
37847 42.1604
37848 42.1575
37849 42.1551
37850 42.1534
37851 42.1527
37852 42.1536
37853 42.1552
37854 42.1581
37855 42.1608
37856 42.1631
37857 42.1641
37858 42.1627
37859 42.159
37860 42.1539
37861 42.1486
37862 42.1428
37863 42.1379
37864 42.1339
37865 42.1315
37866 42.131
37867 42.1313
37868 42.1326
37869 42.1343
37870 42.1358
37871 42.1349
37872 42.1321
37873 42.1276
37874 42.1233
37875 42.1192
37876 42.1163
37877 42.1148
37878 42.1144
37879 42.1149
37880 42.1172
37881 42.1213
37882 42.1249
37883 42.1282
37884 42.1309
37885 42.1322
37886 42.1337
37887 42.1346
37888 42.1356
37889 42.138
37890 42.1415
37891 42.1459
37892 42.1514
37893 42.157
37894 42.1615
37895 42.1662
37896 42.1696
37897 42.1723
37898 42.1737
37899 42.1747
37900 42.1754
37901 42.1754
37902 42.1751
37903 42.1764
37904 42.1795
37905 42.1831
37906 42.1873
37907 42.1902
37908 42.192
37909 42.1941
37910 42.197
37911 42.1991
37912 42.2013
37913 42.2021
37914 42.2024
37915 42.2034
37916 42.2046
37917 42.2053
37918 42.206
37919 42.2066
37920 42.206
37921 42.2045
37922 42.203
37923 42.2024
37924 42.2022
37925 42.2022
37926 42.2027
37927 42.2032
37928 42.2039
37929 42.2043
37930 42.2045
37931 42.2027
37932 42.201
37933 42.198
37934 42.1954
37935 42.1927
37936 42.1898
37937 42.1863
37938 42.1834
37939 42.1815
37940 42.1803
37941 42.1794
37942 42.1788
37943 42.1782
37944 42.1764
37945 42.1744
37946 42.1709
37947 42.1673
37948 42.1637
37949 42.1609
37950 42.1593
37951 42.1585
37952 42.1582
37953 42.1588
37954 42.1605
37955 42.1619
37956 42.1617
37957 42.1594
37958 42.1556
37959 42.151
37960 42.1474
37961 42.1454
37962 42.1441
37963 42.1441
37964 42.1429
37965 42.141
37966 42.1386
37967 42.1362
37968 42.1345
37969 42.1324
37970 42.1302
37971 42.1281
37972 42.1266
37973 42.1266
37974 42.1284
37975 42.1312
37976 42.1352
37977 42.1395
37978 42.1425
37979 42.1447
37980 42.1456
37981 42.1443
37982 42.1419
37983 42.1394
37984 42.1377
37985 42.1372
37986 42.1381
37987 42.141
37988 42.1456
37989 42.1511
37990 42.1574
37991 42.1619
37992 42.1649
37993 42.1666
37994 42.1652
37995 42.1618
37996 42.1566
37997 42.1528
37998 42.1511
37999 42.1523
38000 42.1553
38001 42.159
38002 42.1625
38003 42.165
38004 42.1668
38005 42.1667
38006 42.1656
38007 42.1631
38008 42.1602
38009 42.1574
38010 42.1549
38011 42.1534
38012 42.1515
38013 42.1499
38014 42.149
38015 42.1491
38016 42.1488
38017 42.1482
38018 42.1467
38019 42.1456
38020 42.1458
38021 42.1474
38022 42.1486
38023 42.1499
38024 42.1507
38025 42.1496
38026 42.1477
38027 42.1457
38028 42.1447
38029 42.1445
38030 42.1453
38031 42.1468
38032 42.149
38033 42.1507
38034 42.1512
38035 42.1509
38036 42.1502
38037 42.1491
38038 42.1474
38039 42.1456
38040 42.1432
38041 42.1417
38042 42.1402
38043 42.1391
38044 42.1387
38045 42.1382
38046 42.1379
38047 42.1363
38048 42.1343
38049 42.1331
38050 42.133
38051 42.1338
38052 42.1353
38053 42.1366
38054 42.1368
38055 42.1367
38056 42.1357
38057 42.1333
38058 42.131
38059 42.1296
38060 42.1298
38061 42.1307
38062 42.1324
38063 42.1352
38064 42.1389
38065 42.1426
38066 42.1449
38067 42.1458
38068 42.1465
38069 42.1466
38070 42.1459
38071 42.1444
38072 42.1423
38073 42.1406
38074 42.141
38075 42.1428
38076 42.1456
38077 42.1502
38078 42.157
38079 42.1645
38080 42.1706
38081 42.1744
38082 42.1761
38083 42.1758
38084 42.174
38085 42.1709
38086 42.1688
38087 42.1677
38088 42.167
38089 42.1666
38090 42.1666
38091 42.1682
38092 42.1702
38093 42.1718
38094 42.1734
38095 42.1745
38096 42.1748
38097 42.1738
38098 42.1711
38099 42.1676
38100 42.1643
38101 42.1617
38102 42.1594
38103 42.1573
38104 42.1551
38105 42.1537
38106 42.1534
38107 42.1534
38108 42.1535
38109 42.1539
38110 42.1543
38111 42.153
38112 42.15
38113 42.1454
38114 42.1401
38115 42.1342
38116 42.1283
38117 42.123
38118 42.1199
38119 42.1194
38120 42.1211
38121 42.1229
38122 42.124
38123 42.1247
38124 42.1249
38125 42.1253
38126 42.1247
38127 42.1231
38128 42.1211
38129 42.119
38130 42.1168
38131 42.1139
38132 42.1108
38133 42.1083
38134 42.1073
38135 42.1073
38136 42.1078
38137 42.11
38138 42.1129
38139 42.1148
38140 42.1153
38141 42.1151
38142 42.114
38143 42.1128
38144 42.1121
38145 42.1128
38146 42.113
38147 42.1132
38148 42.113
38149 42.1141
38150 42.117
38151 42.1206
38152 42.1227
38153 42.1233
38154 42.1232
38155 42.1225
38156 42.1224
38157 42.1232
38158 42.1241
38159 42.1247
38160 42.127
38161 42.1311
38162 42.1357
38163 42.138
38164 42.1378
38165 42.1378
38166 42.1381
38167 42.1386
38168 42.1385
38169 42.1392
38170 42.1412
38171 42.1427
38172 42.1434
38173 42.1429
38174 42.1419
38175 42.1408
38176 42.14
38177 42.1405
38178 42.1408
38179 42.141
38180 42.1412
38181 42.1418
38182 42.1424
38183 42.1435
38184 42.1444
38185 42.1434
38186 42.142
38187 42.1405
38188 42.1389
38189 42.137
38190 42.1345
38191 42.1321
38192 42.1306
38193 42.1293
38194 42.1281
38195 42.1266
38196 42.1241
38197 42.1209
38198 42.117
38199 42.1132
38200 42.1093
38201 42.1052
38202 42.1008
38203 42.0967
38204 42.0933
38205 42.0903
38206 42.088
38207 42.0864
38208 42.0853
38209 42.0841
38210 42.0829
38211 42.0807
38212 42.0779
38213 42.075
38214 42.0727
38215 42.0702
38216 42.0686
38217 42.0675
38218 42.0673
38219 42.0674
38220 42.0674
38221 42.0684
38222 42.07
38223 42.0718
38224 42.073
38225 42.0742
38226 42.0754
38227 42.0771
38228 42.0779
38229 42.0793
38230 42.0805
38231 42.0809
38232 42.0821
38233 42.0839
38234 42.0864
38235 42.0901
38236 42.094
38237 42.0979
38238 42.1017
38239 42.1059
38240 42.1113
38241 42.1157
38242 42.1196
38243 42.1226
38244 42.125
38245 42.1265
38246 42.1264
38247 42.1255
38248 42.1245
38249 42.1242
38250 42.1247
38251 42.1248
38252 42.1244
38253 42.1234
38254 42.1223
38255 42.1206
38256 42.1184
38257 42.1159
38258 42.1134
38259 42.1106
38260 42.1076
38261 42.1055
38262 42.1039
38263 42.1031
38264 42.1029
38265 42.1028
38266 42.1028
38267 42.1031
38268 42.1025
38269 42.1012
38270 42.0983
38271 42.0943
38272 42.0895
38273 42.0855
38274 42.0817
38275 42.078
38276 42.074
38277 42.0717
38278 42.0702
38279 42.0685
38280 42.067
38281 42.0654
38282 42.063
38283 42.0612
38284 42.0594
38285 42.0575
38286 42.0557
38287 42.0543
38288 42.0539
38289 42.0539
38290 42.0542
38291 42.054
38292 42.0537
38293 42.0538
38294 42.0551
38295 42.0565
38296 42.0576
38297 42.0593
38298 42.0615
38299 42.0637
38300 42.0666
38301 42.0698
38302 42.0735
38303 42.0775
38304 42.0817
38305 42.0849
38306 42.0873
38307 42.0899
38308 42.0935
38309 42.0976
38310 42.1037
38311 42.1108
38312 42.1183
38313 42.1259
38314 42.1326
38315 42.1379
38316 42.1418
38317 42.1452
38318 42.1479
38319 42.1488
38320 42.1495
38321 42.1506
38322 42.1535
38323 42.1578
38324 42.1618
38325 42.1654
38326 42.1701
38327 42.1744
38328 42.1782
38329 42.1814
38330 42.1834
38331 42.1841
38332 42.184
38333 42.1835
38334 42.1825
38335 42.181
38336 42.1795
38337 42.1789
38338 42.179
38339 42.1801
38340 42.1804
38341 42.1799
38342 42.1789
38343 42.1767
38344 42.1732
38345 42.1693
38346 42.1664
38347 42.163
38348 42.1599
38349 42.1576
38350 42.1566
38351 42.1552
38352 42.1525
38353 42.1491
38354 42.1444
38355 42.1395
38356 42.1335
38357 42.1277
38358 42.1221
38359 42.1165
38360 42.1106
38361 42.1052
38362 42.1002
38363 42.0951
38364 42.0912
38365 42.0873
38366 42.0828
38367 42.0783
38368 42.0743
38369 42.0713
38370 42.0688
38371 42.0671
38372 42.0651
38373 42.0631
38374 42.0607
38375 42.0568
38376 42.0522
38377 42.0475
38378 42.043
38379 42.0381
38380 42.034
38381 42.0323
38382 42.0324
38383 42.0347
38384 42.0378
38385 42.0416
38386 42.0454
38387 42.0481
38388 42.0493
38389 42.0502
38390 42.0501
38391 42.0495
38392 42.0485
38393 42.0476
38394 42.0483
38395 42.0504
38396 42.0546
38397 42.0599
38398 42.066
38399 42.0733
38400 42.0798
38401 42.0849
38402 42.0881
38403 42.0902
38404 42.0911
38405 42.0908
38406 42.0892
38407 42.0871
38408 42.0854
38409 42.0859
38410 42.0891
38411 42.0931
38412 42.0989
38413 42.1039
38414 42.1081
38415 42.1123
38416 42.1163
38417 42.1184
38418 42.1177
38419 42.1168
38420 42.1167
38421 42.1171
38422 42.1183
38423 42.1211
38424 42.1254
38425 42.1296
38426 42.1337
38427 42.1372
38428 42.139
38429 42.1411
38430 42.1429
38431 42.1453
38432 42.148
38433 42.1499
38434 42.152
38435 42.1545
38436 42.1572
38437 42.1609
38438 42.1649
38439 42.1696
38440 42.1739
38441 42.1774
38442 42.18
38443 42.1819
38444 42.1834
38445 42.1853
38446 42.1877
38447 42.1906
38448 42.193
38449 42.1951
38450 42.1974
38451 42.1995
38452 42.2006
38453 42.201
38454 42.2009
38455 42.2006
38456 42.2
38457 42.1998
38458 42.1997
38459 42.1992
38460 42.199
38461 42.2003
38462 42.2019
38463 42.2042
38464 42.2077
38465 42.2115
38466 42.2155
38467 42.2194
38468 42.2227
38469 42.2254
38470 42.2268
38471 42.2259
38472 42.2243
38473 42.2228
38474 42.2221
38475 42.2229
38476 42.2257
38477 42.2298
38478 42.2344
38479 42.2392
38480 42.2443
38481 42.2486
38482 42.2508
38483 42.2507
38484 42.2492
38485 42.2473
38486 42.2453
38487 42.2434
38488 42.2429
38489 42.2442
38490 42.2465
38491 42.2498
38492 42.2532
38493 42.2558
38494 42.2576
38495 42.2583
38496 42.2581
38497 42.2576
38498 42.2571
38499 42.2574
38500 42.2577
38501 42.2586
38502 42.2602
38503 42.2623
38504 42.2654
38505 42.269
38506 42.2723
38507 42.2752
38508 42.2767
38509 42.2775
38510 42.2791
38511 42.2803
38512 42.2816
38513 42.2836
38514 42.2864
38515 42.2903
38516 42.2963
38517 42.3019
38518 42.3069
38519 42.3112
38520 42.3153
38521 42.319
38522 42.3222
38523 42.3255
38524 42.3296
38525 42.3336
38526 42.3387
38527 42.3442
38528 42.3483
38529 42.351
38530 42.3537
38531 42.3561
38532 42.3595
38533 42.3619
38534 42.3643
38535 42.3671
38536 42.3705
38537 42.3736
38538 42.3766
38539 42.3792
38540 42.3822
38541 42.3848
38542 42.3875
38543 42.3897
38544 42.3909
38545 42.3911
38546 42.3909
38547 42.3903
38548 42.3901
38549 42.3888
38550 42.3867
38551 42.3843
38552 42.3806
38553 42.3774
38554 42.3747
38555 42.3721
38556 42.3695
38557 42.3675
38558 42.3657
38559 42.3635
38560 42.3604
38561 42.356
38562 42.3507
38563 42.3456
38564 42.3415
38565 42.3386
38566 42.3354
38567 42.3327
38568 42.3302
38569 42.3288
38570 42.3277
38571 42.3256
38572 42.3226
38573 42.3183
38574 42.3131
38575 42.3082
38576 42.3041
38577 42.3014
38578 42.2993
38579 42.2974
38580 42.2954
38581 42.2929
38582 42.2907
38583 42.2882
38584 42.2855
38585 42.2838
38586 42.2826
38587 42.2811
38588 42.2797
38589 42.2791
38590 42.2795
38591 42.28
38592 42.2802
38593 42.2804
38594 42.2807
38595 42.2805
38596 42.2794
38597 42.2782
38598 42.2779
38599 42.2783
38600 42.2796
38601 42.2821
38602 42.2861
38603 42.2921
38604 42.2984
38605 42.3034
38606 42.3075
38607 42.3094
38608 42.3105
38609 42.3111
38610 42.3119
38611 42.3127
38612 42.3152
38613 42.3189
38614 42.3252
38615 42.3323
38616 42.3397
38617 42.3462
38618 42.3522
38619 42.357
38620 42.361
38621 42.3647
38622 42.3676
38623 42.3694
38624 42.3703
38625 42.3709
38626 42.3711
38627 42.3724
38628 42.3747
38629 42.3793
38630 42.3846
38631 42.3888
38632 42.391
38633 42.391
38634 42.3893
38635 42.3876
38636 42.3862
38637 42.3854
38638 42.3848
38639 42.385
38640 42.3843
38641 42.3825
38642 42.3815
38643 42.3808
38644 42.38
38645 42.3802
38646 42.3801
38647 42.3808
38648 42.38
38649 42.3783
38650 42.3758
38651 42.3728
38652 42.3702
38653 42.3686
38654 42.3672
38655 42.3656
38656 42.3647
38657 42.3632
38658 42.3618
38659 42.3606
38660 42.361
38661 42.3619
38662 42.3625
38663 42.3628
38664 42.3632
38665 42.3632
38666 42.3628
38667 42.3632
38668 42.3635
38669 42.3634
38670 42.364
38671 42.3662
38672 42.369
38673 42.3728
38674 42.3774
38675 42.383
38676 42.3888
38677 42.3935
38678 42.3958
38679 42.3981
38680 42.4012
38681 42.4041
38682 42.407
38683 42.409
38684 42.4106
38685 42.4137
38686 42.4181
38687 42.4217
38688 42.4254
38689 42.4302
38690 42.4351
38691 42.4392
38692 42.4408
38693 42.4402
38694 42.4394
38695 42.4387
38696 42.4386
38697 42.4391
38698 42.4408
38699 42.4424
38700 42.4434
38701 42.4444
38702 42.4455
38703 42.4466
38704 42.4467
38705 42.4453
38706 42.4438
38707 42.4436
38708 42.4435
38709 42.4429
38710 42.4419
38711 42.4418
38712 42.4423
38713 42.444
38714 42.4456
38715 42.4468
38716 42.4476
38717 42.4485
38718 42.4496
38719 42.4486
38720 42.4468
38721 42.4445
38722 42.4421
38723 42.4408
38724 42.4422
38725 42.4436
38726 42.4453
38727 42.4455
38728 42.4447
38729 42.4434
38730 42.4415
38731 42.4394
38732 42.4368
38733 42.4343
38734 42.4324
38735 42.4326
38736 42.4331
38737 42.4341
38738 42.4349
38739 42.4364
38740 42.4376
38741 42.4388
38742 42.439
38743 42.4379
38744 42.4373
38745 42.4366
38746 42.4371
38747 42.4386
38748 42.4403
38749 42.4416
38750 42.4426
38751 42.4425
38752 42.4417
38753 42.4399
38754 42.4378
38755 42.436
38756 42.4355
38757 42.4368
38758 42.4392
38759 42.4432
38760 42.4461
38761 42.4487
38762 42.4513
38763 42.4533
38764 42.4537
38765 42.4532
38766 42.4526
38767 42.4527
38768 42.4536
38769 42.4552
38770 42.4585
38771 42.4615
38772 42.4646
38773 42.467
38774 42.4686
38775 42.4692
38776 42.4698
38777 42.4707
38778 42.4706
38779 42.4697
38780 42.4686
38781 42.4678
38782 42.467
38783 42.4653
38784 42.4643
38785 42.4645
38786 42.466
38787 42.468
38788 42.4708
38789 42.4745
38790 42.4772
38791 42.4795
38792 42.4826
38793 42.4864
38794 42.4902
38795 42.4942
38796 42.499
38797 42.5037
38798 42.5088
38799 42.5131
38800 42.5169
38801 42.5209
38802 42.5248
38803 42.5288
38804 42.5319
38805 42.5352
38806 42.5387
38807 42.5429
38808 42.5477
38809 42.5524
38810 42.5561
38811 42.5597
38812 42.5632
38813 42.5663
38814 42.5676
38815 42.5679
38816 42.5667
38817 42.5644
38818 42.562
38819 42.5592
38820 42.5575
38821 42.5571
38822 42.5581
38823 42.5605
38824 42.5624
38825 42.5633
38826 42.5616
38827 42.5594
38828 42.5561
38829 42.552
38830 42.5467
38831 42.541
38832 42.537
38833 42.5352
38834 42.5352
38835 42.5358
38836 42.536
38837 42.5352
38838 42.5347
38839 42.534
38840 42.5318
38841 42.5282
38842 42.523
38843 42.5176
38844 42.5122
38845 42.5077
38846 42.5051
38847 42.5038
38848 42.5041
38849 42.5054
38850 42.5074
38851 42.5088
38852 42.5106
38853 42.5117
38854 42.5116
38855 42.5115
38856 42.5119
38857 42.5127
38858 42.513
38859 42.5143
38860 42.5155
38861 42.5167
38862 42.5187
38863 42.5203
38864 42.5226
38865 42.5258
38866 42.5298
38867 42.5329
38868 42.536
38869 42.5383
38870 42.5395
38871 42.5412
38872 42.5437
38873 42.5464
38874 42.5485
38875 42.5505
38876 42.5521
38877 42.553
38878 42.5546
38879 42.5575
38880 42.561
38881 42.5648
38882 42.569
38883 42.5736
38884 42.5782
38885 42.5822
38886 42.5848
38887 42.5856
38888 42.5844
38889 42.5836
38890 42.5834
38891 42.5848
38892 42.5886
38893 42.5941
38894 42.6
38895 42.605
38896 42.609
38897 42.612
38898 42.6122
38899 42.6099
38900 42.607
38901 42.6049
38902 42.6037
38903 42.6046
38904 42.6069
38905 42.6106
38906 42.6148
38907 42.6191
38908 42.6234
38909 42.6258
38910 42.6269
38911 42.6267
38912 42.6238
38913 42.6195
38914 42.6152
38915 42.6106
38916 42.607
38917 42.6047
38918 42.6036
38919 42.6042
38920 42.6056
38921 42.6068
38922 42.6057
38923 42.6004
38924 42.5927
38925 42.5854
38926 42.5788
38927 42.5722
38928 42.5658
38929 42.5608
38930 42.555
38931 42.5496
38932 42.5439
38933 42.5389
38934 42.534
38935 42.5283
38936 42.5221
38937 42.5157
38938 42.5096
38939 42.5044
38940 42.4998
38941 42.4951
38942 42.4911
38943 42.487
38944 42.4843
38945 42.483
38946 42.4818
38947 42.4802
38948 42.4796
38949 42.4793
38950 42.4793
38951 42.4788
38952 42.4783
38953 42.4783
38954 42.4784
38955 42.4788
38956 42.4797
38957 42.4811
38958 42.4831
38959 42.4852
38960 42.4883
38961 42.4929
38962 42.498
38963 42.5032
38964 42.5083
38965 42.5127
38966 42.517
38967 42.5215
38968 42.5259
38969 42.5304
38970 42.5345
38971 42.5389
38972 42.5427
38973 42.5467
38974 42.5518
38975 42.5584
38976 42.5648
38977 42.5709
38978 42.5773
38979 42.5821
38980 42.5863
38981 42.5894
38982 42.5908
38983 42.5925
38984 42.594
38985 42.5957
38986 42.5983
38987 42.6017
38988 42.6056
38989 42.6097
38990 42.6115
38991 42.6116
38992 42.6108
38993 42.6097
38994 42.6085
38995 42.6061
38996 42.6035
38997 42.6007
38998 42.5976
38999 42.5948
39000 42.5917
39001 42.5879
39002 42.5827
39003 42.5767
39004 42.5706
39005 42.5635
39006 42.5557
39007 42.548
39008 42.5413
39009 42.5355
39010 42.531
39011 42.5273
39012 42.524
39013 42.52
39014 42.5167
39015 42.5137
39016 42.5099
39017 42.5055
39018 42.5008
39019 42.4959
39020 42.4918
39021 42.488
39022 42.4841
39023 42.4817
39024 42.4805
39025 42.4791
39026 42.4772
39027 42.4758
39028 42.4747
39029 42.4752
39030 42.4761
39031 42.4767
39032 42.4774
39033 42.4783
39034 42.4799
39035 42.4808
39036 42.4834
39037 42.4873
39038 42.4914
39039 42.4957
39040 42.4993
39041 42.5033
39042 42.5069
39043 42.5116
39044 42.5152
39045 42.5183
39046 42.5215
39047 42.5244
39048 42.5272
39049 42.5305
39050 42.5344
39051 42.538
39052 42.5421
39053 42.5465
39054 42.5508
39055 42.5552
39056 42.5585
39057 42.5605
39058 42.5619
39059 42.5629
39060 42.5633
39061 42.5643
39062 42.5659
39063 42.5679
39064 42.5697
39065 42.5708
39066 42.5723
39067 42.5742
39068 42.5764
39069 42.5791
39070 42.5806
39071 42.5793
39072 42.5775
39073 42.5753
39074 42.5726
39075 42.5702
39076 42.5678
39077 42.5657
39078 42.5644
39079 42.5646
39080 42.5656
39081 42.5663
39082 42.5658
39083 42.5639
39084 42.561
39085 42.5575
39086 42.5538
39087 42.5493
39088 42.5449
39089 42.5408
39090 42.5371
39091 42.534
39092 42.5314
39093 42.5293
39094 42.5269
39095 42.5241
39096 42.5215
39097 42.5189
39098 42.5161
39099 42.5134
39100 42.5101
39101 42.5063
39102 42.5028
39103 42.5002
39104 42.4983
39105 42.4963
39106 42.4943
39107 42.4936
39108 42.4946
39109 42.4965
39110 42.4987
39111 42.5003
39112 42.501
39113 42.5018
39114 42.5025
39115 42.5021
39116 42.5008
39117 42.4987
39118 42.497
39119 42.4968
39120 42.4987
39121 42.5018
39122 42.5062
39123 42.5108
39124 42.5164
39125 42.5207
39126 42.5237
39127 42.526
39128 42.5274
39129 42.5281
39130 42.5284
39131 42.5287
39132 42.529
39133 42.5297
39134 42.5312
39135 42.5336
39136 42.5369
39137 42.5408
39138 42.5443
39139 42.5472
39140 42.5487
39141 42.5491
39142 42.5492
39143 42.5493
39144 42.5486
39145 42.547
39146 42.5449
39147 42.5424
39148 42.5406
39149 42.5405
39150 42.5418
39151 42.5446
39152 42.5472
39153 42.5491
39154 42.5504
39155 42.551
39156 42.5504
39157 42.549
39158 42.5465
39159 42.5439
39160 42.542
39161 42.5417
39162 42.5422
39163 42.5433
39164 42.5446
39165 42.545
39166 42.5453
39167 42.5455
39168 42.5457
39169 42.5455
39170 42.545
39171 42.5445
39172 42.5451
39173 42.5459
39174 42.5461
39175 42.5458
39176 42.5452
39177 42.5444
39178 42.543
39179 42.5408
39180 42.539
39181 42.5376
39182 42.5352
39183 42.5323
39184 42.5296
39185 42.5264
39186 42.5235
39187 42.5224
39188 42.5221
39189 42.5215
39190 42.52
39191 42.5178
39192 42.5155
39193 42.512
39194 42.5075
39195 42.5022
39196 42.4959
39197 42.4898
39198 42.4844
39199 42.48
39200 42.477
39201 42.4756
39202 42.4752
39203 42.4754
39204 42.4759
39205 42.477
39206 42.4783
39207 42.4786
39208 42.4771
39209 42.4754
39210 42.4736
39211 42.4738
39212 42.475
39213 42.4781
39214 42.4817
39215 42.4859
39216 42.4897
39217 42.4931
39218 42.4945
39219 42.4946
39220 42.4949
39221 42.4956
39222 42.497
39223 42.499
39224 42.502
39225 42.5058
39226 42.5093
39227 42.5121
39228 42.5162
39229 42.5215
39230 42.5274
39231 42.5328
39232 42.537
39233 42.5401
39234 42.5423
39235 42.5439
39236 42.5439
39237 42.5423
39238 42.5403
39239 42.539
39240 42.5389
39241 42.5396
39242 42.5421
39243 42.5454
39244 42.5482
39245 42.5506
39246 42.5528
39247 42.5537
39248 42.5523
39249 42.5487
39250 42.5449
39251 42.542
39252 42.5398
39253 42.5389
39254 42.5398
39255 42.5424
39256 42.5461
39257 42.5503
39258 42.5529
39259 42.553
39260 42.5526
39261 42.5505
39262 42.5475
39263 42.5453
39264 42.5435
39265 42.5424
39266 42.5409
39267 42.5397
39268 42.5387
39269 42.5391
39270 42.54
39271 42.5407
39272 42.5416
39273 42.542
39274 42.5414
39275 42.5399
39276 42.5382
39277 42.5353
39278 42.5318
39279 42.5288
39280 42.5266
39281 42.5259
39282 42.526
39283 42.5276
39284 42.529
39285 42.5296
39286 42.5292
39287 42.5271
39288 42.5241
39289 42.5211
39290 42.5183
39291 42.5164
39292 42.5141
39293 42.5121
39294 42.5106
39295 42.5098
39296 42.5092
39297 42.5086
39298 42.5082
39299 42.508
39300 42.5084
39301 42.5091
39302 42.5104
39303 42.5111
39304 42.5108
39305 42.5095
39306 42.507
39307 42.5042
39308 42.5009
39309 42.4986
39310 42.4973
39311 42.4968
39312 42.4971
39313 42.4996
39314 42.5035
39315 42.5078
39316 42.5122
39317 42.515
39318 42.5153
39319 42.5154
39320 42.5157
39321 42.5148
39322 42.5138
39323 42.5134
39324 42.5143
39325 42.5171
39326 42.5212
39327 42.525
39328 42.5293
39329 42.5332
39330 42.5363
39331 42.5389
39332 42.541
39333 42.5429
39334 42.5437
39335 42.544
39336 42.5444
39337 42.546
39338 42.5484
39339 42.5509
39340 42.5537
39341 42.5573
39342 42.5608
39343 42.5643
39344 42.5678
39345 42.5709
39346 42.5725
39347 42.5727
39348 42.5733
39349 42.5749
39350 42.5779
39351 42.5812
39352 42.5837
39353 42.5856
39354 42.5875
39355 42.5889
39356 42.5888
39357 42.5885
39358 42.5884
39359 42.5879
39360 42.5864
39361 42.5839
39362 42.5812
39363 42.5782
39364 42.5756
39365 42.5734
39366 42.5714
39367 42.5698
39368 42.5679
39369 42.565
39370 42.5611
39371 42.557
39372 42.5525
39373 42.5481
39374 42.5434
39375 42.5392
39376 42.5359
39377 42.533
39378 42.5308
39379 42.5288
39380 42.5271
39381 42.5262
39382 42.5255
39383 42.5241
39384 42.5214
39385 42.5178
39386 42.5148
39387 42.5123
39388 42.51
39389 42.5078
39390 42.5059
39391 42.5047
39392 42.5051
39393 42.5067
39394 42.5082
39395 42.5089
39396 42.5097
39397 42.5098
39398 42.5094
39399 42.5094
39400 42.5098
39401 42.5094
39402 42.5092
39403 42.5099
39404 42.5111
39405 42.5127
39406 42.5137
39407 42.5149
39408 42.5142
39409 42.5134
39410 42.513
39411 42.5124
39412 42.5124
39413 42.5132
39414 42.5143
39415 42.5161
39416 42.5182
39417 42.521
39418 42.524
39419 42.5269
39420 42.5299
39421 42.5332
39422 42.536
39423 42.5392
39424 42.5419
39425 42.5443
39426 42.5464
39427 42.5491
39428 42.5517
39429 42.5534
39430 42.5547
39431 42.557
39432 42.5602
39433 42.5625
39434 42.5654
39435 42.5686
39436 42.5717
39437 42.5744
39438 42.5762
39439 42.5774
39440 42.579
39441 42.5808
39442 42.5823
39443 42.5837
39444 42.5852
39445 42.5854
39446 42.586
39447 42.5861
39448 42.585
39449 42.5846
39450 42.5843
39451 42.5847
39452 42.5854
39453 42.5849
39454 42.5842
39455 42.5824
39456 42.5799
39457 42.5784
39458 42.5775
39459 42.5774
39460 42.5778
39461 42.5785
39462 42.5794
39463 42.5806
39464 42.5814
39465 42.5811
39466 42.5807
39467 42.5795
39468 42.5775
39469 42.5753
39470 42.5726
39471 42.57
39472 42.5684
39473 42.5671
39474 42.5658
39475 42.566
39476 42.5665
39477 42.5678
39478 42.5695
39479 42.5709
39480 42.5716
39481 42.5721
39482 42.5727
39483 42.572
39484 42.5702
39485 42.5687
39486 42.5677
39487 42.5675
39488 42.567
39489 42.566
39490 42.5655
39491 42.5655
39492 42.5664
39493 42.5686
39494 42.5706
39495 42.5731
39496 42.5755
39497 42.5763
39498 42.5765
39499 42.5771
39500 42.5777
39501 42.5778
39502 42.5773
39503 42.576
39504 42.5737
39505 42.5712
39506 42.5695
39507 42.5677
39508 42.5653
39509 42.5624
39510 42.5594
39511 42.557
39512 42.5556
39513 42.5546
39514 42.5548
39515 42.5556
39516 42.5565
39517 42.5562
39518 42.5542
39519 42.5519
39520 42.5494
39521 42.5475
39522 42.5459
39523 42.5442
39524 42.5428
39525 42.5414
39526 42.5398
39527 42.5381
39528 42.5365
39529 42.5344
39530 42.5322
39531 42.531
39532 42.5303
39533 42.5297
39534 42.5296
39535 42.53
39536 42.5311
39537 42.5319
39538 42.5337
39539 42.5361
39540 42.5381
39541 42.5402
39542 42.5414
39543 42.5423
39544 42.5425
39545 42.5426
39546 42.5431
39547 42.5447
39548 42.5466
39549 42.5488
39550 42.5495
39551 42.5494
39552 42.5497
39553 42.5499
39554 42.5495
39555 42.5492
39556 42.5491
39557 42.5488
39558 42.5485
39559 42.5487
39560 42.5493
39561 42.549
39562 42.548
39563 42.5467
39564 42.5459
39565 42.5454
39566 42.5444
39567 42.5439
39568 42.5439
39569 42.5438
39570 42.5428
39571 42.5409
39572 42.5388
39573 42.5371
39574 42.5358
39575 42.5347
39576 42.5341
39577 42.5334
39578 42.5337
39579 42.5336
39580 42.5323
39581 42.5298
39582 42.5277
39583 42.5268
39584 42.526
39585 42.5252
39586 42.5253
39587 42.5258
39588 42.5262
39589 42.5268
39590 42.527
39591 42.5271
39592 42.5268
39593 42.5263
39594 42.5249
39595 42.5235
39596 42.5223
39597 42.5212
39598 42.5206
39599 42.5204
39600 42.5215
39601 42.5232
39602 42.526
39603 42.5296
39604 42.5327
39605 42.5357
39606 42.5378
39607 42.5391
39608 42.5402
39609 42.5414
39610 42.5426
39611 42.5436
39612 42.5444
39613 42.5446
39614 42.5443
39615 42.5453
39616 42.5471
39617 42.5496
39618 42.5517
39619 42.5534
39620 42.5548
39621 42.5546
39622 42.5533
39623 42.5506
39624 42.5478
39625 42.5446
39626 42.5418
39627 42.5396
39628 42.5379
39629 42.5369
39630 42.5353
39631 42.5335
39632 42.5312
39633 42.528
39634 42.5252
39635 42.5233
39636 42.5215
39637 42.5185
39638 42.5137
39639 42.5076
39640 42.5019
39641 42.4968
39642 42.4926
39643 42.4903
39644 42.4891
39645 42.4873
39646 42.4848
39647 42.4811
39648 42.4773
39649 42.4741
39650 42.4719
39651 42.4697
39652 42.4685
39653 42.468
39654 42.4681
39655 42.4677
39656 42.4668
39657 42.4649
39658 42.4633
39659 42.4618
39660 42.4607
39661 42.4602
39662 42.4596
39663 42.4601
39664 42.4607
39665 42.4611
39666 42.4624
39667 42.4639
39668 42.4646
39669 42.4653
39670 42.4665
39671 42.4678
39672 42.4691
39673 42.4697
39674 42.4697
39675 42.469
39676 42.4678
39677 42.466
39678 42.4639
39679 42.4618
39680 42.4609
39681 42.4618
39682 42.4637
39683 42.4653
39684 42.4663
39685 42.4652
39686 42.4631
39687 42.4611
39688 42.4587
39689 42.4568
39690 42.4562
39691 42.4558
39692 42.4558
39693 42.4563
39694 42.4568
39695 42.4574
39696 42.4578
39697 42.4582
39698 42.4583
39699 42.4581
39700 42.4577
39701 42.4582
39702 42.4593
39703 42.4614
39704 42.4634
39705 42.4648
39706 42.4654
39707 42.4657
39708 42.466
39709 42.4666
39710 42.4684
39711 42.4708
39712 42.4733
39713 42.4761
39714 42.4793
39715 42.4832
39716 42.487
39717 42.4897
39718 42.4914
39719 42.4919
39720 42.4919
39721 42.4917
39722 42.4913
39723 42.4909
39724 42.491
39725 42.4914
39726 42.4922
39727 42.4932
39728 42.4944
39729 42.4962
39730 42.4975
39731 42.4986
39732 42.5
39733 42.5012
39734 42.5022
39735 42.5037
39736 42.5057
39737 42.5082
39738 42.5116
39739 42.5159
39740 42.5203
39741 42.5236
39742 42.5275
39743 42.5321
39744 42.5379
39745 42.5434
39746 42.5492
39747 42.555
39748 42.5606
39749 42.5665
39750 42.572
39751 42.5772
39752 42.5818
39753 42.5859
39754 42.5906
39755 42.5954
39756 42.6014
39757 42.6078
39758 42.6149
39759 42.6204
39760 42.6255
39761 42.6298
39762 42.6332
39763 42.6359
39764 42.6376
39765 42.639
39766 42.6406
39767 42.6441
39768 42.6484
39769 42.6526
39770 42.6568
39771 42.6601
39772 42.6625
39773 42.6644
39774 42.6667
39775 42.6691
39776 42.67
39777 42.67
39778 42.6695
39779 42.67
39780 42.671
39781 42.6723
39782 42.6741
39783 42.6764
39784 42.6783
39785 42.6806
39786 42.6825
39787 42.6834
39788 42.6837
39789 42.6851
39790 42.6858
39791 42.6853
39792 42.6846
39793 42.6839
39794 42.6829
39795 42.6821
39796 42.6815
39797 42.6817
39798 42.6821
39799 42.6816
39800 42.6803
39801 42.6782
39802 42.6757
39803 42.6731
39804 42.6702
39805 42.6676
39806 42.6648
39807 42.6633
39808 42.6627
39809 42.6614
39810 42.6597
39811 42.6571
39812 42.6535
39813 42.6494
39814 42.6455
39815 42.6425
39816 42.6411
39817 42.6407
39818 42.6399
39819 42.6395
39820 42.6392
39821 42.6378
39822 42.6355
39823 42.6337
39824 42.6325
39825 42.632
39826 42.6318
39827 42.6318
39828 42.6315
39829 42.6307
39830 42.6294
39831 42.628
39832 42.626
39833 42.6243
39834 42.6224
39835 42.6212
39836 42.621
39837 42.6216
39838 42.6224
39839 42.6233
39840 42.6237
39841 42.6249
39842 42.6265
39843 42.6295
39844 42.6333
39845 42.6364
39846 42.6389
39847 42.6411
39848 42.6424
39849 42.6428
39850 42.6434
39851 42.6446
39852 42.6462
39853 42.6488
39854 42.6523
39855 42.6561
39856 42.6599
39857 42.6634
39858 42.6665
39859 42.6695
39860 42.6727
39861 42.6757
39862 42.6779
39863 42.6797
39864 42.681
39865 42.6827
39866 42.6855
39867 42.6888
39868 42.6933
39869 42.6976
39870 42.7012
39871 42.7039
39872 42.7057
39873 42.7065
39874 42.7065
39875 42.7072
39876 42.7082
39877 42.7095
39878 42.7116
39879 42.7135
39880 42.7154
39881 42.7169
39882 42.7171
39883 42.716
39884 42.7147
39885 42.713
39886 42.7126
39887 42.7126
39888 42.7129
39889 42.7137
39890 42.7135
39891 42.7127
39892 42.711
39893 42.7093
39894 42.7078
39895 42.7078
39896 42.7087
39897 42.7096
39898 42.7098
39899 42.7101
39900 42.7105
39901 42.7102
39902 42.7096
39903 42.7096
39904 42.7103
39905 42.7123
39906 42.7154
39907 42.718
39908 42.7195
39909 42.7211
39910 42.7217
39911 42.7216
39912 42.7221
39913 42.7233
39914 42.725
39915 42.7268
39916 42.7281
39917 42.7299
39918 42.7322
39919 42.7345
39920 42.7361
39921 42.7367
39922 42.7367
39923 42.7363
39924 42.7358
39925 42.7352
39926 42.7338
39927 42.7341
39928 42.7348
39929 42.7366
39930 42.7394
39931 42.7431
39932 42.7457
39933 42.7474
39934 42.7471
39935 42.7453
39936 42.7435
39937 42.7418
39938 42.7408
39939 42.7407
39940 42.7419
39941 42.7442
39942 42.7467
39943 42.7488
39944 42.7504
39945 42.7509
39946 42.7508
39947 42.7513
39948 42.7521
39949 42.7523
39950 42.7528
39951 42.7532
39952 42.7543
39953 42.7561
39954 42.7576
39955 42.7587
39956 42.7595
39957 42.7599
39958 42.7596
39959 42.7587
39960 42.7578
39961 42.7578
39962 42.7578
39963 42.7575
39964 42.7567
39965 42.7557
39966 42.7546
39967 42.7538
39968 42.7525
39969 42.7507
39970 42.7495
39971 42.7483
39972 42.7471
39973 42.7458
39974 42.7441
39975 42.7425
39976 42.7414
39977 42.7411
39978 42.7412
39979 42.7417
39980 42.742
39981 42.742
39982 42.742
39983 42.7415
39984 42.7408
39985 42.74
39986 42.7392
39987 42.7393
39988 42.7399
39989 42.7408
39990 42.7418
39991 42.7428
39992 42.7438
39993 42.7437
39994 42.7428
39995 42.7421
39996 42.7425
39997 42.7428
39998 42.7431
39999 42.7434
40000 42.7445
40001 42.746
40002 42.7477
40003 42.7496
40004 42.7511
40005 42.7515
40006 42.7515
40007 42.751
40008 42.75
40009 42.7499
40010 42.7514
40011 42.7537
40012 42.7564
40013 42.7591
40014 42.7616
40015 42.7631
40016 42.7636
40017 42.7625
40018 42.7602
40019 42.758
40020 42.7563
40021 42.7549
40022 42.7546
40023 42.7558
40024 42.7574
40025 42.7577
40026 42.7581
40027 42.7571
40028 42.7557
40029 42.7544
40030 42.7535
40031 42.7511
40032 42.7486
40033 42.7467
40034 42.7453
40035 42.7446
40036 42.7435
40037 42.7419
40038 42.7404
40039 42.7393
40040 42.7384
40041 42.737
40042 42.7351
40043 42.7337
40044 42.7325
40045 42.7308
40046 42.7298
40047 42.7289
40048 42.7276
40049 42.7264
40050 42.7255
40051 42.7239
40052 42.7227
40053 42.7211
40054 42.72
40055 42.7194
40056 42.7194
40057 42.7199
40058 42.7197
40059 42.7187
40060 42.7183
40061 42.7177
40062 42.7164
40063 42.7139
40064 42.711
40065 42.7087
40066 42.7069
40067 42.7061
40068 42.7061
40069 42.7058
40070 42.7043
40071 42.7021
40072 42.6989
40073 42.6944
40074 42.6897
40075 42.6861
40076 42.6837
40077 42.6819
40078 42.6801
40079 42.6785
40080 42.6771
40081 42.6765
40082 42.6763
40083 42.6772
40084 42.6788
40085 42.6801
40086 42.6809
40087 42.6816
40088 42.6819
40089 42.6829
40090 42.6845
40091 42.6868
40092 42.6874
40093 42.6874
40094 42.689
40095 42.6912
40096 42.6943
40097 42.6974
40098 42.6992
40099 42.6998
40100 42.7004
40101 42.7015
40102 42.7027
40103 42.7044
40104 42.7066
40105 42.7095
40106 42.7133
40107 42.7173
40108 42.7218
40109 42.7253
40110 42.7281
40111 42.7305
40112 42.7324
40113 42.7339
40114 42.7343
40115 42.7346
40116 42.7355
40117 42.7378
40118 42.7425
40119 42.7491
40120 42.7568
40121 42.7647
40122 42.7718
40123 42.777
40124 42.7807
40125 42.7831
40126 42.7848
40127 42.7849
40128 42.7852
40129 42.7847
40130 42.7846
40131 42.7853
40132 42.7864
40133 42.7877
40134 42.7887
40135 42.7888
40136 42.788
40137 42.7862
40138 42.784
40139 42.7821
40140 42.7807
40141 42.7788
40142 42.7776
40143 42.7764
40144 42.7755
40145 42.7742
40146 42.7732
40147 42.7718
40148 42.7703
40149 42.7682
40150 42.7662
40151 42.763
40152 42.7603
40153 42.7582
40154 42.7568
40155 42.7554
40156 42.7537
40157 42.7509
40158 42.7485
40159 42.7465
40160 42.745
40161 42.7438
40162 42.7414
40163 42.7386
40164 42.7356
40165 42.7323
40166 42.7289
40167 42.7251
40168 42.7225
40169 42.7209
40170 42.7195
40171 42.7192
40172 42.7193
40173 42.7197
40174 42.7203
40175 42.7204
40176 42.7197
40177 42.7184
40178 42.7173
40179 42.717
40180 42.7167
40181 42.7171
40182 42.7183
40183 42.7203
40184 42.7227
40185 42.7253
40186 42.7282
40187 42.7315
40188 42.7344
40189 42.7367
40190 42.7387
40191 42.7413
40192 42.744
40193 42.7464
40194 42.7487
40195 42.7517
40196 42.756
40197 42.7606
40198 42.765
40199 42.7682
40200 42.771
40201 42.7747
40202 42.7787
40203 42.7818
40204 42.7841
40205 42.7863
40206 42.7893
40207 42.7919
40208 42.7945
40209 42.7963
40210 42.7991
40211 42.8016
40212 42.8039
40213 42.806
40214 42.8079
40215 42.81
40216 42.8126
40217 42.8156
40218 42.8193
40219 42.8233
40220 42.8274
40221 42.831
40222 42.8325
40223 42.8329
40224 42.8337
40225 42.834
40226 42.8334
40227 42.8319
40228 42.8312
40229 42.8311
40230 42.831
40231 42.8314
40232 42.8322
40233 42.8335
40234 42.8342
40235 42.8345
40236 42.8357
40237 42.8374
40238 42.8392
40239 42.8409
40240 42.8414
40241 42.8411
40242 42.8395
40243 42.8379
40244 42.8367
40245 42.8361
40246 42.835
40247 42.8333
40248 42.8323
40249 42.8321
40250 42.8324
40251 42.8323
40252 42.8314
40253 42.8304
40254 42.8283
40255 42.8255
40256 42.8216
40257 42.8177
40258 42.8149
40259 42.8126
40260 42.8112
40261 42.8093
40262 42.8087
40263 42.8088
40264 42.809
40265 42.8096
40266 42.8085
40267 42.8054
40268 42.8015
40269 42.7989
40270 42.7971
40271 42.7958
40272 42.7943
40273 42.7944
40274 42.795
40275 42.7957
40276 42.7968
40277 42.7986
40278 42.8
40279 42.8015
40280 42.8029
40281 42.8027
40282 42.8027
40283 42.8017
40284 42.8011
40285 42.8009
40286 42.8018
40287 42.8028
40288 42.8039
40289 42.8052
40290 42.8079
40291 42.8126
40292 42.8179
40293 42.8226
40294 42.8263
40295 42.8283
40296 42.8287
40297 42.8296
40298 42.8311
40299 42.8329
40300 42.8361
40301 42.8415
40302 42.8483
40303 42.8552
40304 42.8617
40305 42.8668
40306 42.8699
40307 42.8706
40308 42.8701
40309 42.8691
40310 42.8683
40311 42.8687
40312 42.8705
40313 42.8726
40314 42.8753
40315 42.8784
40316 42.8811
40317 42.8844
40318 42.8879
40319 42.8901
40320 42.8893
40321 42.8865
40322 42.8827
40323 42.879
40324 42.875
40325 42.8713
40326 42.8696
40327 42.869
40328 42.8687
40329 42.8692
40330 42.8701
40331 42.8717
40332 42.8726
40333 42.8724
40334 42.8711
40335 42.8694
40336 42.8673
40337 42.865
40338 42.8636
40339 42.8624
40340 42.8627
40341 42.8643
40342 42.867
40343 42.8704
40344 42.874
40345 42.8759
40346 42.8757
40347 42.8742
40348 42.8728
40349 42.8719
40350 42.8703
40351 42.8694
40352 42.8686
40353 42.8689
40354 42.8705
40355 42.8723
40356 42.8743
40357 42.8764
40358 42.8784
40359 42.88
40360 42.8817
40361 42.8839
40362 42.8858
40363 42.8865
40364 42.8864
40365 42.8866
40366 42.8867
40367 42.8876
40368 42.8891
40369 42.8905
40370 42.8918
40371 42.8928
40372 42.8941
40373 42.8953
40374 42.8968
40375 42.898
40376 42.8994
40377 42.8998
40378 42.8992
40379 42.8998
40380 42.9004
40381 42.9015
40382 42.9034
40383 42.9054
40384 42.9076
40385 42.9096
40386 42.9114
40387 42.9128
40388 42.9139
40389 42.9151
40390 42.9173
40391 42.9205
40392 42.9244
40393 42.9284
40394 42.932
40395 42.9354
40396 42.9384
40397 42.9412
40398 42.9438
40399 42.9467
40400 42.949
40401 42.9498
40402 42.9503
40403 42.9511
40404 42.9518
40405 42.9538
40406 42.956
40407 42.9598
40408 42.9641
40409 42.9692
40410 42.9742
40411 42.9784
40412 42.9815
40413 42.9837
40414 42.9845
40415 42.9836
40416 42.9817
40417 42.9801
40418 42.9796
40419 42.9794
40420 42.9794
40421 42.9803
40422 42.9821
40423 42.9851
40424 42.989
40425 42.9927
40426 42.9958
40427 42.9974
40428 42.997
40429 42.9956
40430 42.9936
40431 42.9913
40432 42.9896
40433 42.9888
40434 42.9888
40435 42.9899
40436 42.9916
40437 42.9929
40438 42.9934
40439 42.9937
40440 42.9941
40441 42.9946
40442 42.9946
40443 42.9946
40444 42.9945
40445 42.9954
40446 42.9957
40447 42.9961
40448 42.9969
40449 42.9975
40450 42.997
40451 42.9963
40452 42.9951
40453 42.9938
40454 42.9932
40455 42.9927
40456 42.9933
40457 42.9953
40458 42.997
40459 42.9981
40460 42.9987
40461 42.9984
40462 42.9978
40463 42.9973
40464 42.9977
40465 42.9981
40466 42.999
40467 42.9999
40468 43.001
40469 43.0019
40470 43.0028
40471 43.0038
40472 43.0047
40473 43.0049
40474 43.0035
40475 43.0029
40476 43.003
40477 43.0038
40478 43.0065
40479 43.01
40480 43.0139
40481 43.0186
40482 43.0237
40483 43.029
40484 43.0338
40485 43.0363
40486 43.0371
40487 43.0377
40488 43.0384
40489 43.0396
40490 43.0412
40491 43.0432
40492 43.0453
40493 43.0469
40494 43.0477
40495 43.0488
40496 43.0489
40497 43.0492
40498 43.0506
40499 43.0527
40500 43.0544
40501 43.0548
40502 43.054
40503 43.0537
40504 43.0532
40505 43.0519
40506 43.051
40507 43.0511
40508 43.0529
40509 43.0557
40510 43.0581
40511 43.0594
40512 43.0594
40513 43.0582
40514 43.0568
40515 43.0559
40516 43.0556
40517 43.0562
40518 43.057
40519 43.0589
40520 43.0614
40521 43.0638
40522 43.0652
40523 43.066
40524 43.0669
40525 43.0675
40526 43.0678
40527 43.0683
40528 43.0687
40529 43.0699
40530 43.0724
40531 43.075
40532 43.0775
40533 43.0798
40534 43.081
40535 43.0829
40536 43.0853
40537 43.0889
40538 43.0928
40539 43.0965
40540 43.0995
40541 43.1014
40542 43.1022
40543 43.1019
40544 43.102
40545 43.1027
40546 43.1018
40547 43.1001
40548 43.0984
40549 43.0967
40550 43.0948
40551 43.0943
40552 43.0955
40553 43.0973
40554 43.0985
40555 43.0993
40556 43.0989
40557 43.0974
40558 43.0945
40559 43.092
40560 43.0897
40561 43.0888
40562 43.0887
40563 43.0886
40564 43.0881
40565 43.0884
40566 43.0887
40567 43.0896
40568 43.0905
40569 43.0918
40570 43.0934
40571 43.0942
40572 43.0935
40573 43.0922
40574 43.0905
40575 43.0901
40576 43.0912
40577 43.0938
40578 43.0973
40579 43.1009
40580 43.104
40581 43.1066
40582 43.109
40583 43.1116
40584 43.1149
40585 43.1185
40586 43.1215
40587 43.1227
40588 43.1231
40589 43.1243
40590 43.1252
40591 43.1262
40592 43.1287
40593 43.133
40594 43.1376
40595 43.1433
40596 43.1492
40597 43.1546
40598 43.159
40599 43.1628
40600 43.1655
40601 43.1669
40602 43.1684
40603 43.1699
40604 43.1708
40605 43.1709
40606 43.1713
40607 43.1725
40608 43.1749
40609 43.1784
40610 43.1823
40611 43.1863
40612 43.191
40613 43.1952
40614 43.1977
40615 43.1992
40616 43.1998
40617 43.1989
40618 43.1976
40619 43.1969
40620 43.1967
40621 43.1973
40622 43.1996
40623 43.2033
40624 43.207
40625 43.2102
40626 43.2133
40627 43.2156
40628 43.218
40629 43.2209
40630 43.2241
40631 43.2271
40632 43.2291
40633 43.2303
40634 43.2301
40635 43.2294
40636 43.229
40637 43.229
40638 43.2306
40639 43.2332
40640 43.236
40641 43.2381
40642 43.2402
40643 43.2424
40644 43.2447
40645 43.247
40646 43.2477
40647 43.2471
40648 43.2465
40649 43.2457
40650 43.2444
40651 43.2427
40652 43.2418
40653 43.2423
40654 43.2447
40655 43.2485
40656 43.253
40657 43.2578
40658 43.2622
40659 43.2641
40660 43.2633
40661 43.2593
40662 43.2546
40663 43.2506
40664 43.2489
40665 43.2493
40666 43.2512
40667 43.2551
40668 43.2599
40669 43.2653
40670 43.2702
40671 43.2731
40672 43.2752
40673 43.2768
40674 43.2783
40675 43.2792
40676 43.2806
40677 43.2826
40678 43.2855
40679 43.2897
40680 43.294
40681 43.2968
40682 43.3005
40683 43.3047
40684 43.3092
40685 43.313
40686 43.3157
40687 43.3181
40688 43.3195
40689 43.3188
40690 43.3183
40691 43.3181
40692 43.3183
40693 43.3195
40694 43.3223
40695 43.3276
40696 43.3349
40697 43.3413
40698 43.3456
40699 43.348
40700 43.3491
40701 43.3487
40702 43.347
40703 43.3451
40704 43.3447
40705 43.3461
40706 43.3484
40707 43.3511
40708 43.3541
40709 43.3571
40710 43.3585
40711 43.3596
40712 43.3589
40713 43.3575
40714 43.3552
40715 43.3527
40716 43.3501
40717 43.3481
40718 43.3467
40719 43.3459
40720 43.3454
40721 43.3448
40722 43.3437
40723 43.3429
40724 43.3421
40725 43.3411
40726 43.3395
40727 43.338
40728 43.3361
40729 43.334
40730 43.3318
40731 43.3295
40732 43.3275
40733 43.3268
40734 43.3275
40735 43.3286
40736 43.3297
40737 43.3305
40738 43.3307
40739 43.3308
40740 43.3306
40741 43.3292
40742 43.327
40743 43.325
40744 43.3237
40745 43.3223
40746 43.3217
40747 43.3212
40748 43.3211
40749 43.3213
40750 43.3222
40751 43.323
40752 43.3233
40753 43.3238
40754 43.3249
40755 43.3262
40756 43.3278
40757 43.3295
40758 43.3314
40759 43.3334
40760 43.335
40761 43.3362
40762 43.3368
40763 43.3376
40764 43.3386
40765 43.34
40766 43.341
40767 43.3408
40768 43.3411
40769 43.3418
40770 43.3432
40771 43.3454
40772 43.3485
40773 43.3521
40774 43.356
40775 43.36
40776 43.3633
40777 43.3656
40778 43.3677
40779 43.368
40780 43.3678
40781 43.3684
40782 43.3696
40783 43.3721
40784 43.3754
40785 43.3788
40786 43.3817
40787 43.384
40788 43.3859
40789 43.3867
40790 43.3877
40791 43.3894
40792 43.392
40793 43.3942
40794 43.3967
40795 43.3995
40796 43.402
40797 43.4031
40798 43.4037
40799 43.4038
40800 43.4033
40801 43.4023
40802 43.4009
40803 43.3999
40804 43.3996
40805 43.3991
40806 43.399
40807 43.3991
40808 43.3992
40809 43.3996
40810 43.4002
40811 43.4001
40812 43.3993
40813 43.3985
40814 43.3966
40815 43.3937
40816 43.3906
40817 43.3882
40818 43.3866
40819 43.3856
40820 43.385
40821 43.3843
40822 43.3838
40823 43.383
40824 43.3825
40825 43.3811
40826 43.3782
40827 43.3756
40828 43.3739
40829 43.373
40830 43.3728
40831 43.3716
40832 43.3705
40833 43.3698
40834 43.3698
40835 43.3705
40836 43.3706
40837 43.3709
40838 43.3718
40839 43.3736
40840 43.3763
40841 43.379
40842 43.3814
40843 43.3832
40844 43.3852
40845 43.3863
40846 43.3875
40847 43.3897
40848 43.3934
40849 43.3985
40850 43.4038
40851 43.4092
40852 43.4141
40853 43.4178
40854 43.4209
40855 43.4239
40856 43.4265
40857 43.4289
40858 43.4311
40859 43.4326
40860 43.4337
40861 43.435
40862 43.4357
40863 43.4365
40864 43.4376
40865 43.4387
40866 43.4391
40867 43.4386
40868 43.4379
40869 43.4376
40870 43.4371
40871 43.4362
40872 43.4356
40873 43.4346
40874 43.4334
40875 43.4319
40876 43.4308
40877 43.4303
40878 43.4301
40879 43.4303
40880 43.4294
40881 43.4279
40882 43.4264
40883 43.4249
40884 43.424
40885 43.4237
40886 43.4241
40887 43.4249
40888 43.4257
40889 43.4262
40890 43.4257
40891 43.4244
40892 43.4235
40893 43.4224
40894 43.4214
40895 43.4211
40896 43.4203
40897 43.4195
40898 43.4194
40899 43.4188
40900 43.4179
40901 43.417
40902 43.416
40903 43.414
40904 43.4115
40905 43.4076
40906 43.4041
40907 43.4014
40908 43.3995
40909 43.3982
40910 43.3972
40911 43.395
40912 43.3929
40913 43.3911
40914 43.3897
40915 43.3881
40916 43.3855
40917 43.3819
40918 43.3795
40919 43.3778
40920 43.3769
40921 43.3768
40922 43.3764
40923 43.3758
40924 43.3763
40925 43.3774
40926 43.3785
40927 43.3791
40928 43.3788
40929 43.3779
40930 43.3766
40931 43.3755
40932 43.3749
40933 43.3741
40934 43.374
40935 43.3748
40936 43.3772
40937 43.3805
40938 43.3833
40939 43.3859
40940 43.3882
40941 43.3896
40942 43.3913
40943 43.3925
40944 43.3931
40945 43.3929
40946 43.3931
40947 43.3941
40948 43.3965
40949 43.4
40950 43.4037
40951 43.4078
40952 43.4125
40953 43.4164
40954 43.4194
40955 43.4214
40956 43.423
40957 43.4243
40958 43.4242
40959 43.4234
40960 43.4228
40961 43.4229
40962 43.4235
40963 43.4243
40964 43.4263
40965 43.428
40966 43.4294
40967 43.4311
40968 43.4326
40969 43.4328
40970 43.4326
40971 43.4335
40972 43.4346
40973 43.4362
40974 43.4381
40975 43.4398
40976 43.442
40977 43.4448
40978 43.4471
40979 43.449
40980 43.4487
40981 43.4467
40982 43.4438
40983 43.4404
40984 43.4365
40985 43.4322
40986 43.4287
40987 43.4262
40988 43.425
40989 43.4251
40990 43.426
40991 43.4272
40992 43.4274
40993 43.426
40994 43.4238
40995 43.4209
40996 43.417
40997 43.4125
40998 43.4077
40999 43.4026
41000 43.3976
41001 43.3935
41002 43.3904
41003 43.3872
41004 43.3847
41005 43.3828
41006 43.3804
41007 43.3771
41008 43.3735
41009 43.3697
41010 43.3654
41011 43.3613
41012 43.3583
41013 43.3558
41014 43.354
41015 43.3524
41016 43.3511
41017 43.3509
41018 43.3514
41019 43.3521
41020 43.353
41021 43.3536
41022 43.3538
41023 43.354
41024 43.3532
41025 43.3521
41026 43.3506
41027 43.3491
41028 43.3486
41029 43.3494
41030 43.3511
41031 43.3526
41032 43.3545
41033 43.3561
41034 43.3577
41035 43.3602
41036 43.3633
41037 43.3661
41038 43.3681
41039 43.3701
41040 43.3724
41041 43.3753
41042 43.3782
41043 43.3813
41044 43.3842
41045 43.3861
41046 43.3887
41047 43.3925
41048 43.3956
41049 43.3979
41050 43.4004
41051 43.4028
41052 43.404
41053 43.4049
41054 43.4063
41055 43.4089
41056 43.4124
41057 43.4172
41058 43.4221
41059 43.4273
41060 43.4323
41061 43.437
41062 43.4403
41063 43.4415
41064 43.442
41065 43.4424
41066 43.4419
41067 43.4416
41068 43.4422
41069 43.4433
41070 43.4448
41071 43.446
41072 43.4481
41073 43.4504
41074 43.4525
41075 43.4539
41076 43.4526
41077 43.4502
41078 43.4475
41079 43.4437
41080 43.4396
41081 43.4356
41082 43.433
41083 43.4307
41084 43.4289
41085 43.4271
41086 43.4243
41087 43.4216
41088 43.4197
41089 43.4189
41090 43.4184
41091 43.4179
41092 43.4173
41093 43.4164
41094 43.4151
41095 43.4132
41096 43.4109
41097 43.408
41098 43.406
41099 43.4056
41100 43.406
41101 43.4074
41102 43.4097
41103 43.4128
41104 43.416
41105 43.4193
41106 43.4227
41107 43.4257
41108 43.4279
41109 43.4291
41110 43.4302
41111 43.4319
41112 43.4329
41113 43.4336
41114 43.4344
41115 43.4356
41116 43.4378
41117 43.4409
41118 43.4455
41119 43.4511
41120 43.4568
41121 43.4617
41122 43.4671
41123 43.4708
41124 43.473
41125 43.4743
41126 43.475
41127 43.4745
41128 43.4732
41129 43.4729
41130 43.4743
41131 43.4775
41132 43.4814
41133 43.4862
41134 43.4923
41135 43.4984
41136 43.5038
41137 43.5076
41138 43.5094
41139 43.5092
41140 43.5089
41141 43.5081
41142 43.5087
41143 43.5101
41144 43.5133
41145 43.5172
41146 43.5217
41147 43.527
41148 43.5329
41149 43.5385
41150 43.5418
41151 43.5429
41152 43.5423
41153 43.5417
41154 43.541
41155 43.5398
41156 43.5381
41157 43.5375
41158 43.5393
41159 43.5433
41160 43.5483
41161 43.5526
41162 43.5565
41163 43.559
41164 43.5601
41165 43.5596
41166 43.558
41167 43.5553
41168 43.5527
41169 43.5509
41170 43.55
41171 43.5504
41172 43.5524
41173 43.5544
41174 43.5564
41175 43.559
41176 43.5613
41177 43.5628
41178 43.5633
41179 43.5618
41180 43.5594
41181 43.557
41182 43.5554
41183 43.5536
41184 43.5528
41185 43.5524
41186 43.5526
41187 43.5535
41188 43.5551
41189 43.5575
41190 43.5606
41191 43.5639
41192 43.5662
41193 43.567
41194 43.5672
41195 43.5664
41196 43.5657
41197 43.5652
41198 43.5654
41199 43.5668
41200 43.5688
41201 43.5705
41202 43.5721
41203 43.5741
41204 43.5751
41205 43.574
41206 43.5715
41207 43.5694
41208 43.5677
41209 43.5656
41210 43.5647
41211 43.5651
41212 43.5662
41213 43.569
41214 43.5728
41215 43.5761
41216 43.579
41217 43.5802
41218 43.5806
41219 43.5797
41220 43.5789
41221 43.5793
41222 43.5801
41223 43.5823
41224 43.5846
41225 43.5873
41226 43.5905
41227 43.5934
41228 43.5963
41229 43.5992
41230 43.6017
41231 43.6037
41232 43.6056
41233 43.6067
41234 43.6071
41235 43.606
41236 43.6045
41237 43.6027
41238 43.6014
41239 43.6019
41240 43.6034
41241 43.6064
41242 43.6098
41243 43.6113
41244 43.6112
41245 43.6104
41246 43.6092
41247 43.6079
41248 43.6062
41249 43.6041
41250 43.6029
41251 43.6028
41252 43.6038
41253 43.6046
41254 43.6054
41255 43.6067
41256 43.6077
41257 43.6082
41258 43.6077
41259 43.6065
41260 43.6053
41261 43.604
41262 43.6031
41263 43.6038
41264 43.6059
41265 43.6082
41266 43.6115
41267 43.6151
41268 43.6184
41269 43.6214
41270 43.6239
41271 43.6248
41272 43.6248
41273 43.6253
41274 43.6262
41275 43.6277
41276 43.6297
41277 43.6323
41278 43.6349
41279 43.6373
41280 43.6377
41281 43.6383
41282 43.6388
41283 43.6395
41284 43.6406
41285 43.642
41286 43.6443
41287 43.6477
41288 43.6516
41289 43.6557
41290 43.6598
41291 43.6637
41292 43.6667
41293 43.6687
41294 43.6698
41295 43.6705
41296 43.6716
41297 43.6723
41298 43.672
41299 43.6706
41300 43.6692
41301 43.6681
41302 43.6684
41303 43.67
41304 43.6729
41305 43.6761
41306 43.679
41307 43.6808
41308 43.6816
41309 43.6807
41310 43.679
41311 43.6767
41312 43.675
41313 43.6741
41314 43.6742
41315 43.6751
41316 43.6784
41317 43.6825
41318 43.686
41319 43.6878
41320 43.688
41321 43.6857
41322 43.6807
41323 43.6754
41324 43.6714
41325 43.6685
41326 43.6666
41327 43.6672
41328 43.67
41329 43.6742
41330 43.6792
41331 43.6839
41332 43.6875
41333 43.6904
41334 43.6922
41335 43.6926
41336 43.6923
41337 43.6922
41338 43.6923
41339 43.6929
41340 43.6948
41341 43.6979
41342 43.7014
41343 43.7048
41344 43.7084
41345 43.7105
41346 43.7117
41347 43.7129
41348 43.7141
41349 43.7157
41350 43.7176
41351 43.7197
41352 43.7219
41353 43.7242
41354 43.7268
41355 43.7295
41356 43.7321
41357 43.7331
41358 43.7333
41359 43.7332
41360 43.7323
41361 43.7314
41362 43.7299
41363 43.7284
41364 43.7282
41365 43.7301
41366 43.7324
41367 43.7356
41368 43.7384
41369 43.74
41370 43.7409
41371 43.7406
41372 43.7394
41373 43.7376
41374 43.7362
41375 43.7356
41376 43.7358
41377 43.7369
41378 43.7381
41379 43.7388
41380 43.7387
41381 43.7379
41382 43.7371
41383 43.7358
41384 43.7341
41385 43.7328
41386 43.7318
41387 43.7302
41388 43.7286
41389 43.7288
41390 43.7298
41391 43.731
41392 43.7324
41393 43.7344
41394 43.737
41395 43.7385
41396 43.7394
41397 43.7396
41398 43.739
41399 43.7377
41400 43.7363
41401 43.7351
41402 43.7347
41403 43.7355
41404 43.7368
41405 43.738
41406 43.7401
41407 43.7428
41408 43.7445
41409 43.7453
41410 43.7453
41411 43.7439
41412 43.7414
41413 43.7381
41414 43.7352
41415 43.7329
41416 43.7315
41417 43.7312
41418 43.7316
41419 43.7329
41420 43.7337
41421 43.7339
41422 43.7336
41423 43.732
41424 43.7296
41425 43.727
41426 43.7247
41427 43.7229
41428 43.7222
41429 43.7228
41430 43.7253
41431 43.7281
41432 43.7305
41433 43.7325
41434 43.7329
41435 43.7305
41436 43.7268
41437 43.7234
41438 43.7212
41439 43.7198
41440 43.7191
41441 43.7188
41442 43.7186
41443 43.7182
41444 43.7184
41445 43.7189
41446 43.7181
41447 43.7175
41448 43.7175
41449 43.7173
41450 43.7169
41451 43.7159
41452 43.7143
41453 43.7133
41454 43.7131
41455 43.713
41456 43.713
41457 43.7137
41458 43.715
41459 43.7175
41460 43.7209
41461 43.725
41462 43.7288
41463 43.7318
41464 43.7343
41465 43.7365
41466 43.7388
41467 43.7416
41468 43.745
41469 43.7485
41470 43.7523
41471 43.7566
41472 43.7617
41473 43.7665
41474 43.772
41475 43.7771
41476 43.781
41477 43.784
41478 43.786
41479 43.7878
41480 43.7904
41481 43.7937
41482 43.7977
41483 43.8026
41484 43.8075
41485 43.8124
41486 43.8164
41487 43.8201
41488 43.8237
41489 43.8275
41490 43.8313
41491 43.8341
41492 43.8359
41493 43.8383
41494 43.8409
41495 43.8436
41496 43.846
41497 43.8488
41498 43.853
41499 43.8576
41500 43.8623
41501 43.8673
41502 43.872
41503 43.876
41504 43.8794
41505 43.8833
41506 43.8868
41507 43.8894
41508 43.8918
41509 43.8935
41510 43.8937
41511 43.8925
41512 43.891
41513 43.8902
41514 43.8896
41515 43.889
41516 43.8877
41517 43.8867
41518 43.8854
41519 43.8832
41520 43.8811
41521 43.8786
41522 43.8764
41523 43.8742
41524 43.8716
41525 43.8683
41526 43.8642
41527 43.8603
41528 43.8572
41529 43.8551
41530 43.8539
41531 43.8528
41532 43.8517
41533 43.8507
41534 43.8493
41535 43.848
41536 43.8448
41537 43.841
41538 43.8368
41539 43.8327
41540 43.8292
41541 43.8273
41542 43.8266
41543 43.8268
41544 43.8266
41545 43.8263
41546 43.826
41547 43.8257
41548 43.8247
41549 43.8242
41550 43.8236
41551 43.8236
41552 43.824
41553 43.8246
41554 43.8253
41555 43.8252
41556 43.8236
41557 43.8212
41558 43.8186
41559 43.8158
41560 43.814
41561 43.8143
41562 43.8162
41563 43.8196
41564 43.8239
41565 43.8289
41566 43.8339
41567 43.8375
41568 43.8397
41569 43.8406
41570 43.8399
41571 43.8396
41572 43.8394
41573 43.8395
41574 43.8407
41575 43.8432
41576 43.8463
41577 43.85
41578 43.8535
41579 43.857
41580 43.8609
41581 43.8655
41582 43.871
41583 43.8762
41584 43.8794
41585 43.8823
41586 43.8842
41587 43.8859
41588 43.8881
41589 43.8891
41590 43.8897
41591 43.8906
41592 43.8923
41593 43.8944
41594 43.896
41595 43.8975
41596 43.8985
41597 43.8991
41598 43.8984
41599 43.8955
41600 43.892
41601 43.888
41602 43.8845
41603 43.8815
41604 43.8794
41605 43.8789
41606 43.8789
41607 43.8787
41608 43.878
41609 43.8768
41610 43.8744
41611 43.8702
41612 43.8644
41613 43.8579
41614 43.8515
41615 43.8456
41616 43.8408
41617 43.8372
41618 43.8342
41619 43.8315
41620 43.8288
41621 43.8252
41622 43.821
41623 43.8169
41624 43.813
41625 43.8091
41626 43.8059
41627 43.8028
41628 43.8002
41629 43.7978
41630 43.7959
41631 43.7935
41632 43.7915
41633 43.7897
41634 43.7879
41635 43.786
41636 43.7839
41637 43.7822
41638 43.7817
41639 43.7816
41640 43.7817
41641 43.782
41642 43.7826
41643 43.7836
41644 43.7859
41645 43.7893
41646 43.7934
41647 43.7989
41648 43.8037
41649 43.8075
41650 43.8107
41651 43.8138
41652 43.8173
41653 43.8208
41654 43.8254
41655 43.8314
41656 43.8374
41657 43.8428
41658 43.8482
41659 43.8537
41660 43.8596
41661 43.8662
41662 43.8735
41663 43.881
41664 43.8879
41665 43.8946
41666 43.9014
41667 43.908
41668 43.9143
41669 43.9204
41670 43.9266
41671 43.933
41672 43.9395
41673 43.9465
41674 43.9537
41675 43.9602
41676 43.9665
41677 43.9725
41678 43.9768
41679 43.9801
41680 43.983
41681 43.9864
41682 43.9904
41683 43.9943
41684 43.9977
41685 44.0013
41686 44.0046
41687 44.0074
41688 44.0093
41689 44.0103
41690 44.0099
41691 44.0088
41692 44.0073
41693 44.0058
41694 44.0038
41695 44.0014
41696 43.9994
41697 43.9971
41698 43.9952
41699 43.9931
41700 43.9917
41701 43.9903
41702 43.9882
41703 43.9855
41704 43.9822
41705 43.9783
41706 43.9747
41707 43.971
41708 43.9667
41709 43.9629
41710 43.9602
41711 43.9586
41712 43.9581
41713 43.9576
41714 43.9562
41715 43.9548
41716 43.953
41717 43.9499
41718 43.946
41719 43.9429
41720 43.9407
41721 43.9397
41722 43.9389
41723 43.9392
41724 43.9405
41725 43.9435
41726 43.9475
41727 43.9521
41728 43.9566
41729 43.96
41730 43.9628
41731 43.9648
41732 43.9669
41733 43.9692
41734 43.9709
41735 43.9722
41736 43.9729
41737 43.9746
41738 43.9774
41739 43.9814
41740 43.9864
41741 43.9921
41742 43.9982
41743 44.0044
41744 44.0101
41745 44.0143
41746 44.0177
41747 44.0208
41748 44.0239
41749 44.0271
41750 44.03
41751 44.0323
41752 44.0358
41753 44.0398
41754 44.0443
41755 44.0488
41756 44.0518
41757 44.0536
41758 44.0545
41759 44.0557
41760 44.0569
41761 44.0577
41762 44.059
41763 44.0597
41764 44.0604
41765 44.0611
41766 44.0618
41767 44.0624
41768 44.0631
41769 44.0635
41770 44.0643
41771 44.065
41772 44.0657
41773 44.0655
41774 44.0648
41775 44.0637
41776 44.0619
41777 44.06
41778 44.0582
41779 44.0567
41780 44.0559
41781 44.0551
41782 44.0537
41783 44.0525
41784 44.0513
41785 44.0506
41786 44.0503
41787 44.0493
41788 44.0479
41789 44.0458
41790 44.0432
41791 44.0406
41792 44.0366
41793 44.0326
41794 44.029
41795 44.0262
41796 44.0244
41797 44.0235
41798 44.0227
41799 44.0222
41800 44.0224
41801 44.0233
41802 44.0236
41803 44.0235
41804 44.0227
41805 44.0213
41806 44.0203
41807 44.0195
41808 44.0195
41809 44.0204
41810 44.0223
41811 44.025
41812 44.0283
41813 44.0323
41814 44.0361
41815 44.0396
41816 44.0426
41817 44.0453
41818 44.0476
41819 44.0499
41820 44.0525
41821 44.055
41822 44.0566
41823 44.0582
41824 44.0602
41825 44.0618
41826 44.0629
41827 44.064
41828 44.0657
41829 44.0671
41830 44.0676
41831 44.0668
41832 44.0657
41833 44.0641
41834 44.0629
41835 44.0613
41836 44.0601
41837 44.0596
41838 44.06
41839 44.0603
41840 44.0614
41841 44.0625
41842 44.0641
41843 44.0663
41844 44.0687
41845 44.0703
41846 44.0721
41847 44.0745
41848 44.0771
41849 44.0801
41850 44.083
41851 44.0855
41852 44.0873
41853 44.089
41854 44.091
41855 44.0917
41856 44.0918
41857 44.0922
41858 44.0923
41859 44.0931
41860 44.0946
41861 44.0971
41862 44.0996
41863 44.1018
41864 44.1039
41865 44.1054
41866 44.1072
41867 44.1087
41868 44.1091
41869 44.1094
41870 44.1097
41871 44.1096
41872 44.109
41873 44.1087
41874 44.1089
41875 44.1095
41876 44.1107
41877 44.1124
41878 44.1145
41879 44.1163
41880 44.1171
41881 44.1164
41882 44.1152
41883 44.1146
41884 44.1141
41885 44.1145
41886 44.1154
41887 44.1177
41888 44.1216
41889 44.1268
41890 44.132
41891 44.1361
41892 44.1398
41893 44.1419
41894 44.1435
41895 44.1448
41896 44.1466
41897 44.1482
41898 44.1496
41899 44.1509
41900 44.1529
41901 44.1553
41902 44.1586
41903 44.1621
41904 44.1647
41905 44.1667
41906 44.1683
41907 44.1696
41908 44.1704
41909 44.1711
41910 44.1714
41911 44.1726
41912 44.1746
41913 44.1775
41914 44.1808
41915 44.1834
41916 44.1855
41917 44.1866
41918 44.1873
41919 44.1878
41920 44.1871
41921 44.1862
41922 44.186
41923 44.1861
41924 44.1869
41925 44.1885
41926 44.1907
41927 44.194
41928 44.1977
41929 44.1998
41930 44.2015
41931 44.2019
41932 44.2021
41933 44.2024
41934 44.2024
41935 44.2025
41936 44.2024
41937 44.2019
41938 44.2016
41939 44.2025
41940 44.2039
41941 44.206
41942 44.2076
41943 44.2087
41944 44.2089
41945 44.208
41946 44.2068
41947 44.2047
41948 44.2017
41949 44.1987
41950 44.1959
41951 44.1942
41952 44.1931
41953 44.1918
41954 44.1902
41955 44.1885
41956 44.1876
41957 44.187
41958 44.1864
41959 44.1854
41960 44.184
41961 44.182
41962 44.18
41963 44.1778
41964 44.1756
41965 44.1722
41966 44.1689
41967 44.1659
41968 44.1628
41969 44.1608
41970 44.1602
41971 44.16
41972 44.1602
41973 44.1594
41974 44.158
41975 44.1563
41976 44.1537
41977 44.1511
41978 44.1493
41979 44.1487
41980 44.1499
41981 44.1522
41982 44.1555
41983 44.1601
41984 44.1652
41985 44.1698
41986 44.1737
41987 44.1767
41988 44.1788
41989 44.1811
41990 44.1827
41991 44.1843
41992 44.1862
41993 44.1891
41994 44.1931
41995 44.1972
41996 44.2019
41997 44.2062
41998 44.21
41999 44.2139
42000 44.2177
42001 44.2205
42002 44.2232
42003 44.2261
42004 44.229
42005 44.2317
42006 44.2342
42007 44.2369
42008 44.2393
42009 44.2412
42010 44.2437
42011 44.2465
42012 44.249
42013 44.2511
42014 44.253
42015 44.2544
42016 44.2556
42017 44.2563
42018 44.2579
42019 44.2602
42020 44.2639
42021 44.2677
42022 44.2697
42023 44.2717
42024 44.2737
42025 44.2756
42026 44.2766
42027 44.2773
42028 44.2785
42029 44.2794
42030 44.2795
42031 44.2802
42032 44.281
42033 44.2816
42034 44.2828
42035 44.2836
42036 44.2839
42037 44.2844
42038 44.2851
42039 44.286
42040 44.2878
42041 44.2901
42042 44.2923
42043 44.2932
42044 44.2942
42045 44.2955
42046 44.2979
42047 44.3
42048 44.3016
42049 44.3025
42050 44.3037
42051 44.3049
42052 44.3064
42053 44.3088
42054 44.3116
42055 44.3136
42056 44.3145
42057 44.3159
42058 44.3172
42059 44.3181
42060 44.3189
42061 44.3193
42062 44.3201
42063 44.3199
42064 44.3196
42065 44.3195
42066 44.3192
42067 44.3194
42068 44.3199
42069 44.3197
42070 44.3198
42071 44.3202
42072 44.322
42073 44.3254
42074 44.3296
42075 44.3337
42076 44.3376
42077 44.342
42078 44.3466
42079 44.3511
42080 44.3553
42081 44.3588
42082 44.3614
42083 44.3642
42084 44.3667
42085 44.3697
42086 44.3737
42087 44.3775
42088 44.3814
42089 44.3853
42090 44.3896
42091 44.3936
42092 44.3977
42093 44.4006
42094 44.4021
42095 44.4012
42096 44.4001
42097 44.3992
42098 44.3985
42099 44.3984
42100 44.3989
42101 44.3995
42102 44.4008
42103 44.4026
42104 44.4041
42105 44.4043
42106 44.4038
42107 44.4025
42108 44.401
42109 44.3992
42110 44.3975
42111 44.3963
42112 44.3956
42113 44.3948
42114 44.3932
42115 44.3909
42116 44.3888
42117 44.3868
42118 44.3856
42119 44.3853
42120 44.3858
42121 44.3868
42122 44.3875
42123 44.3881
42124 44.3872
42125 44.3866
42126 44.3859
42127 44.3864
42128 44.3876
42129 44.388
42130 44.3874
42131 44.3863
42132 44.3854
42133 44.385
42134 44.3842
42135 44.3839
42136 44.3842
42137 44.3856
42138 44.3879
42139 44.3914
42140 44.3945
42141 44.398
42142 44.4013
42143 44.4042
42144 44.406
42145 44.407
42146 44.4076
42147 44.4087
42148 44.4099
42149 44.4115
42150 44.4136
42151 44.4161
42152 44.4189
42153 44.4218
42154 44.425
42155 44.4275
42156 44.4294
42157 44.4312
42158 44.4333
42159 44.4359
42160 44.4388
42161 44.4424
42162 44.446
42163 44.449
42164 44.4516
42165 44.4545
42166 44.4579
42167 44.4609
42168 44.4632
42169 44.4661
42170 44.4682
42171 44.4707
42172 44.473
42173 44.4741
42174 44.4758
42175 44.4784
42176 44.482
42177 44.4857
42178 44.489
42179 44.492
42180 44.494
42181 44.4956
42182 44.4963
42183 44.4955
42184 44.4941
42185 44.4935
42186 44.4941
42187 44.4961
42188 44.4984
42189 44.5005
42190 44.5025
42191 44.504
42192 44.5054
42193 44.5066
42194 44.5086
42195 44.5104
42196 44.5125
42197 44.5146
42198 44.5158
42199 44.5174
42200 44.5184
42201 44.5187
42202 44.519
42203 44.5189
42204 44.518
42205 44.5172
42206 44.5174
42207 44.5185
42208 44.5206
42209 44.5236
42210 44.5259
42211 44.5273
42212 44.5278
42213 44.5278
42214 44.5278
42215 44.5281
42216 44.5288
42217 44.5301
42218 44.5318
42219 44.5336
42220 44.5346
42221 44.535
42222 44.5341
42223 44.5325
42224 44.5305
42225 44.5285
42226 44.5274
42227 44.5276
42228 44.5284
42229 44.5296
42230 44.5307
42231 44.5309
42232 44.5309
42233 44.5302
42234 44.5294
42235 44.5286
42236 44.528
42237 44.5278
42238 44.5278
42239 44.5282
42240 44.5288
42241 44.5286
42242 44.5278
42243 44.5278
42244 44.5282
42245 44.5286
42246 44.5286
42247 44.5283
42248 44.5286
42249 44.5296
42250 44.53
42251 44.5309
42252 44.5326
42253 44.5351
42254 44.5382
42255 44.5406
42256 44.543
42257 44.5448
42258 44.5452
42259 44.5452
42260 44.546
42261 44.548
42262 44.5505
42263 44.5535
42264 44.5573
42265 44.5612
42266 44.5651
42267 44.5679
42268 44.5694
42269 44.5694
42270 44.5685
42271 44.5678
42272 44.5675
42273 44.5677
42274 44.5697
42275 44.5725
42276 44.5759
42277 44.5791
42278 44.5828
42279 44.5862
42280 44.5899
42281 44.593
42282 44.5952
42283 44.5962
42284 44.5972
42285 44.5982
42286 44.5994
42287 44.6011
42288 44.6027
42289 44.6042
42290 44.607
42291 44.6097
42292 44.6115
42293 44.6127
42294 44.6128
42295 44.6124
42296 44.6126
42297 44.6135
42298 44.6147
42299 44.6154
42300 44.6153
42301 44.6152
42302 44.6155
42303 44.6169
42304 44.6184
42305 44.6182
42306 44.6172
42307 44.6161
42308 44.6143
42309 44.6117
42310 44.6101
42311 44.6086
42312 44.607
42313 44.6067
42314 44.6078
42315 44.6101
42316 44.6123
42317 44.6147
42318 44.6156
42319 44.6157
42320 44.6152
42321 44.6142
42322 44.6122
42323 44.6103
42324 44.6086
42325 44.6073
42326 44.6067
42327 44.6072
42328 44.6086
42329 44.6093
42330 44.6095
42331 44.6097
42332 44.6096
42333 44.6091
42334 44.609
42335 44.6093
42336 44.6099
42337 44.6092
42338 44.6077
42339 44.6071
42340 44.6067
42341 44.6067
42342 44.6076
42343 44.6088
42344 44.6098
42345 44.6112
42346 44.6126
42347 44.614
42348 44.616
42349 44.6179
42350 44.6202
42351 44.6223
42352 44.6248
42353 44.6262
42354 44.628
42355 44.6306
42356 44.6344
42357 44.6391
42358 44.6442
42359 44.6493
42360 44.6541
42361 44.6575
42362 44.6605
42363 44.6636
42364 44.6649
42365 44.6652
42366 44.6659
42367 44.6678
42368 44.6714
42369 44.6761
42370 44.6816
42371 44.6868
42372 44.6906
42373 44.6944
42374 44.6977
42375 44.7007
42376 44.7035
42377 44.7064
42378 44.7091
42379 44.7112
42380 44.713
42381 44.7144
42382 44.7158
42383 44.7173
42384 44.7184
42385 44.7187
42386 44.7195
42387 44.7201
42388 44.7211
42389 44.7228
42390 44.7249
42391 44.7267
42392 44.7289
42393 44.7309
42394 44.7331
42395 44.7344
42396 44.7343
42397 44.7337
42398 44.7318
42399 44.729
42400 44.7265
42401 44.725
42402 44.7243
42403 44.7248
42404 44.7249
42405 44.7255
42406 44.7259
42407 44.7259
42408 44.7251
42409 44.7236
42410 44.7224
42411 44.7211
42412 44.7194
42413 44.7172
42414 44.715
42415 44.7133
42416 44.7114
42417 44.7097
42418 44.7089
42419 44.709
42420 44.7089
42421 44.7088
42422 44.7081
42423 44.7061
42424 44.7039
42425 44.7024
42426 44.7012
42427 44.6995
42428 44.6984
42429 44.6973
42430 44.6965
42431 44.6963
42432 44.6968
42433 44.6981
42434 44.6994
42435 44.6997
42436 44.6997
42437 44.6996
42438 44.699
42439 44.6994
42440 44.7008
42441 44.7026
42442 44.7055
42443 44.7096
42444 44.7142
42445 44.7181
42446 44.7217
42447 44.725
42448 44.7276
42449 44.7301
42450 44.7325
42451 44.7351
42452 44.7387
42453 44.7436
42454 44.7497
42455 44.7568
42456 44.7636
42457 44.7695
42458 44.7749
42459 44.7789
42460 44.7819
42461 44.785
42462 44.7874
42463 44.7896
42464 44.7917
42465 44.7945
42466 44.7979
42467 44.8017
42468 44.8059
42469 44.81
42470 44.8127
42471 44.8146
42472 44.8152
42473 44.8146
42474 44.8139
42475 44.8135
42476 44.8137
42477 44.8142
42478 44.8148
42479 44.8156
42480 44.8168
42481 44.8183
42482 44.8198
42483 44.8204
42484 44.8206
42485 44.8201
42486 44.8189
42487 44.8173
42488 44.816
42489 44.8146
42490 44.8129
42491 44.8121
42492 44.812
42493 44.8126
42494 44.8129
42495 44.8131
42496 44.813
42497 44.8133
42498 44.8132
42499 44.8129
42500 44.8111
42501 44.8078
42502 44.8038
42503 44.7998
42504 44.7964
42505 44.7941
42506 44.7931
42507 44.7924
42508 44.7913
42509 44.7902
42510 44.7891
42511 44.7889
42512 44.7897
42513 44.7912
42514 44.7928
42515 44.7935
42516 44.7937
42517 44.7939
42518 44.7938
42519 44.7936
42520 44.7933
42521 44.7939
42522 44.7951
42523 44.7973
42524 44.8
42525 44.8031
42526 44.8067
42527 44.8107
42528 44.815
42529 44.8191
42530 44.8228
42531 44.826
42532 44.8287
42533 44.8313
42534 44.8342
42535 44.8379
42536 44.8427
42537 44.8477
42538 44.8531
42539 44.8587
42540 44.8638
42541 44.8681
42542 44.8718
42543 44.8743
42544 44.8764
42545 44.8782
42546 44.88
42547 44.8815
42548 44.8833
42549 44.8854
42550 44.8871
42551 44.8881
42552 44.8896
42553 44.8915
42554 44.8938
42555 44.8965
42556 44.8997
42557 44.9016
42558 44.9022
42559 44.9026
42560 44.902
42561 44.9013
42562 44.9005
42563 44.9007
42564 44.9015
42565 44.9027
42566 44.9036
42567 44.9042
42568 44.9046
42569 44.9045
42570 44.9048
42571 44.9044
42572 44.9037
42573 44.904
42574 44.9053
42575 44.9072
42576 44.9087
42577 44.9093
42578 44.9095
42579 44.9096
42580 44.9095
42581 44.9093
42582 44.9095
42583 44.9105
42584 44.9113
42585 44.9119
42586 44.9129
42587 44.9142
42588 44.9157
42589 44.9173
42590 44.9187
42591 44.92
42592 44.9211
42593 44.922
42594 44.9216
42595 44.9214
42596 44.9214
42597 44.9213
42598 44.9216
42599 44.9224
42600 44.923
42601 44.9229
42602 44.9222
42603 44.9211
42604 44.9199
42605 44.9186
42606 44.918
42607 44.9186
42608 44.9201
42609 44.9217
42610 44.924
42611 44.9263
42612 44.9293
42613 44.932
42614 44.9336
42615 44.9351
42616 44.9365
42617 44.937
42618 44.9374
42619 44.9379
42620 44.9384
42621 44.9387
42622 44.9389
42623 44.939
42624 44.9396
42625 44.9405
42626 44.9423
42627 44.9442
42628 44.9461
42629 44.9484
42630 44.951
42631 44.9536
42632 44.9558
42633 44.9578
42634 44.9597
42635 44.9613
42636 44.9629
42637 44.9658
42638 44.9696
42639 44.9739
42640 44.9781
42641 44.9814
42642 44.9835
42643 44.9848
42644 44.9857
42645 44.9865
42646 44.9873
42647 44.9878
42648 44.9893
42649 44.9906
42650 44.9921
42651 44.9934
42652 44.9936
42653 44.9934
42654 44.9933
42655 44.9936
42656 44.9929
42657 44.9922
42658 44.9914
42659 44.9908
42660 44.9901
42661 44.9892
42662 44.9871
42663 44.9851
42664 44.9831
42665 44.9803
42666 44.9773
42667 44.9744
42668 44.9724
42669 44.9716
42670 44.9715
42671 44.9715
42672 44.9715
42673 44.9707
42674 44.9692
42675 44.9673
42676 44.9656
42677 44.964
42678 44.9625
42679 44.9607
42680 44.9598
42681 44.9596
42682 44.9599
42683 44.9608
42684 44.9629
42685 44.9654
42686 44.9674
42687 44.9692
42688 44.9698
42689 44.97
42690 44.9691
42691 44.9673
42692 44.9655
42693 44.9644
42694 44.9639
42695 44.9646
42696 44.9666
42697 44.9694
42698 44.9724
42699 44.9744
42700 44.9752
42701 44.9751
42702 44.9749
42703 44.9746
42704 44.9745
42705 44.9748
42706 44.9753
42707 44.9768
42708 44.9789
42709 44.9812
42710 44.9831
42711 44.9853
42712 44.9879
42713 44.9893
42714 44.9898
42715 44.9894
42716 44.9889
42717 44.989
42718 44.9899
42719 44.9914
42720 44.9933
42721 44.9953
42722 44.9969
42723 44.9978
42724 44.9984
42725 44.9986
42726 44.9989
42727 44.9994
42728 45.0006
42729 45.0025
42730 45.0049
42731 45.0076
42732 45.0099
42733 45.0122
42734 45.0148
42735 45.0169
42736 45.019
42737 45.021
42738 45.0224
42739 45.0232
42740 45.0234
42741 45.0245
42742 45.0269
42743 45.03
42744 45.0335
42745 45.0371
42746 45.0405
42747 45.0433
42748 45.0455
42749 45.0473
42750 45.0482
42751 45.0485
42752 45.0492
42753 45.051
42754 45.053
42755 45.0558
42756 45.0592
42757 45.0631
42758 45.066
42759 45.0677
42760 45.0693
42761 45.07
42762 45.0696
42763 45.069
42764 45.0687
42765 45.0695
42766 45.0713
42767 45.0736
42768 45.0767
42769 45.0794
42770 45.0815
42771 45.0835
42772 45.0847
42773 45.0859
42774 45.0874
42775 45.0884
42776 45.0895
42777 45.0908
42778 45.0921
42779 45.093
42780 45.0937
42781 45.094
42782 45.0936
42783 45.0925
42784 45.092
42785 45.0915
42786 45.0917
42787 45.0918
42788 45.0921
42789 45.0929
42790 45.094
42791 45.0946
42792 45.0951
42793 45.0959
42794 45.0971
42795 45.0976
42796 45.0973
42797 45.096
42798 45.0939
42799 45.0922
42800 45.0912
42801 45.0907
42802 45.0907
42803 45.0904
42804 45.0893
42805 45.0876
42806 45.0866
42807 45.0859
42808 45.0854
42809 45.0851
42810 45.0846
42811 45.0841
42812 45.0837
42813 45.0834
42814 45.0827
42815 45.0823
42816 45.0817
42817 45.0816
42818 45.0818
42819 45.0815
42820 45.0813
42821 45.0814
42822 45.0823
42823 45.0831
42824 45.0827
42825 45.0819
42826 45.0815
42827 45.0817
42828 45.0824
42829 45.0836
42830 45.0844
42831 45.084
42832 45.0829
42833 45.0815
42834 45.081
42835 45.0812
42836 45.0825
42837 45.0842
42838 45.086
42839 45.0881
42840 45.0902
42841 45.0916
42842 45.0918
42843 45.0919
42844 45.0921
42845 45.0915
42846 45.0905
42847 45.0897
42848 45.0897
42849 45.0904
42850 45.0922
42851 45.0941
42852 45.0952
42853 45.0966
42854 45.0972
42855 45.0975
42856 45.0972
42857 45.0969
42858 45.0965
42859 45.0962
42860 45.0958
42861 45.0952
42862 45.0941
42863 45.0935
42864 45.0936
42865 45.0943
42866 45.0944
42867 45.0945
42868 45.0953
42869 45.0966
42870 45.0969
42871 45.0968
42872 45.097
42873 45.0978
42874 45.0988
42875 45.1001
42876 45.1008
42877 45.1008
42878 45.102
42879 45.1037
42880 45.105
42881 45.106
42882 45.1077
42883 45.1093
42884 45.1106
42885 45.1124
42886 45.1145
42887 45.1159
42888 45.1174
42889 45.1185
42890 45.1208
42891 45.1233
42892 45.126
42893 45.1284
42894 45.1311
42895 45.1336
42896 45.1361
42897 45.1388
42898 45.142
42899 45.1452
42900 45.1489
42901 45.1529
42902 45.1563
42903 45.1582
42904 45.1603
42905 45.1629
42906 45.1661
42907 45.17
42908 45.1746
42909 45.1785
42910 45.1814
42911 45.1829
42912 45.1838
42913 45.1846
42914 45.1844
42915 45.1839
42916 45.1835
42917 45.1835
42918 45.1839
42919 45.1842
42920 45.1836
42921 45.1831
42922 45.1822
42923 45.1808
42924 45.1784
42925 45.1757
42926 45.1731
42927 45.1706
42928 45.1677
42929 45.1651
42930 45.1633
42931 45.1622
42932 45.1614
42933 45.1615
42934 45.162
42935 45.1618
42936 45.1614
42937 45.161
42938 45.1612
42939 45.162
42940 45.1626
42941 45.1628
42942 45.1631
42943 45.1636
42944 45.1644
42945 45.1647
42946 45.1654
42947 45.1662
42948 45.1667
42949 45.1681
42950 45.1693
42951 45.1709
42952 45.1721
42953 45.1734
42954 45.1751
42955 45.1769
42956 45.1789
42957 45.1817
42958 45.1847
42959 45.1876
42960 45.1903
42961 45.1925
42962 45.1943
42963 45.195
42964 45.1953
42965 45.1955
42966 45.1956
42967 45.1965
42968 45.1979
42969 45.1997
42970 45.2015
42971 45.204
42972 45.2065
42973 45.2079
42974 45.2082
42975 45.2067
42976 45.2052
42977 45.2041
42978 45.204
42979 45.2049
42980 45.2061
42981 45.2072
42982 45.2085
42983 45.2106
42984 45.2123
42985 45.214
42986 45.2151
42987 45.2157
42988 45.2154
42989 45.2149
42990 45.215
42991 45.2153
42992 45.215
42993 45.215
42994 45.2153
42995 45.2164
42996 45.2181
42997 45.2206
42998 45.2225
42999 45.2241
43000 45.2244
43001 45.2246
43002 45.2239
43003 45.223
43004 45.2232
43005 45.2245
43006 45.2268
43007 45.2298
43008 45.233
43009 45.235
43010 45.2363
43011 45.2379
43012 45.2395
43013 45.2402
43014 45.2401
43015 45.2397
43016 45.2395
43017 45.24
43018 45.2416
43019 45.2437
43020 45.2463
43021 45.2497
43022 45.2533
43023 45.2572
43024 45.2605
43025 45.2632
43026 45.2654
43027 45.2663
43028 45.2663
43029 45.2667
43030 45.2676
43031 45.269
43032 45.2711
43033 45.273
43034 45.2745
43035 45.2758
43036 45.277
43037 45.2784
43038 45.2788
43039 45.2785
43040 45.2776
43041 45.2769
43042 45.2773
43043 45.2778
43044 45.2788
43045 45.2808
43046 45.2827
43047 45.2843
43048 45.2856
43049 45.2869
43050 45.2879
43051 45.2876
43052 45.2862
43053 45.2856
43054 45.2857
43055 45.2867
43056 45.2883
43057 45.2892
43058 45.2897
43059 45.2898
43060 45.2895
43061 45.2889
43062 45.2876
43063 45.2862
43064 45.286
43065 45.2867
43066 45.2886
43067 45.2915
43068 45.2943
43069 45.2963
43070 45.2977
43071 45.2981
43072 45.2977
43073 45.2967
43074 45.2958
43075 45.2956
43076 45.2963
43077 45.2983
43078 45.3016
43079 45.3059
43080 45.3094
43081 45.3126
43082 45.3162
43083 45.3197
43084 45.3232
43085 45.3267
43086 45.3299
43087 45.3327
43088 45.3353
43089 45.3382
43090 45.3412
43091 45.345
43092 45.3497
43093 45.3547
43094 45.3591
43095 45.3638
43096 45.3689
43097 45.3749
43098 45.3801
43099 45.3846
43100 45.3881
43101 45.3911
43102 45.3946
43103 45.3983
43104 45.402
43105 45.4064
43106 45.4117
43107 45.4177
43108 45.4234
43109 45.4285
43110 45.4328
43111 45.4372
43112 45.4416
43113 45.4457
43114 45.4497
43115 45.454
43116 45.4578
43117 45.4607
43118 45.4629
43119 45.4645
43120 45.4665
43121 45.4697
43122 45.4741
43123 45.4798
43124 45.4858
43125 45.4905
43126 45.493
43127 45.4938
43128 45.4935
43129 45.4923
43130 45.4908
43131 45.4902
43132 45.4906
43133 45.4916
43134 45.4937
43135 45.4966
43136 45.4999
43137 45.5026
43138 45.5052
43139 45.5069
43140 45.5075
43141 45.5064
43142 45.5049
43143 45.503
43144 45.5017
43145 45.5009
43146 45.5002
43147 45.5002
43148 45.5014
43149 45.5035
43150 45.506
43151 45.5078
43152 45.5093
43153 45.51
43154 45.51
43155 45.5094
43156 45.5084
43157 45.5077
43158 45.5072
43159 45.507
43160 45.5066
43161 45.5059
43162 45.5057
43163 45.5047
43164 45.5034
43165 45.502
43166 45.5013
43167 45.5017
43168 45.5016
43169 45.5012
43170 45.4999
43171 45.4984
43172 45.4979
43173 45.4977
43174 45.4985
43175 45.5002
43176 45.5018
43177 45.5029
43178 45.5039
43179 45.5042
43180 45.5037
43181 45.5036
43182 45.5034
43183 45.5036
43184 45.5038
43185 45.5049
43186 45.5065
43187 45.5086
43188 45.5111
43189 45.5135
43190 45.5155
43191 45.5185
43192 45.5222
43193 45.5252
43194 45.5282
43195 45.5307
43196 45.5325
43197 45.5336
43198 45.5348
43199 45.5364
43200 45.5373
43201 45.5377
43202 45.5387
43203 45.54
43204 45.5416
43205 45.544
43206 45.5469
43207 45.5493
43208 45.5507
43209 45.5516
43210 45.5522
43211 45.5526
43212 45.553
43213 45.5518
43214 45.55
43215 45.5488
43216 45.5484
43217 45.5495
43218 45.5521
43219 45.5555
43220 45.5589
43221 45.5625
43222 45.5655
43223 45.5673
43224 45.5689
43225 45.5699
43226 45.57
43227 45.5695
43228 45.5687
43229 45.5683
43230 45.5686
43231 45.5688
43232 45.5694
43233 45.5709
43234 45.5731
43235 45.5764
43236 45.5789
43237 45.58
43238 45.5806
43239 45.5814
43240 45.5823
43241 45.5825
43242 45.582
43243 45.581
43244 45.5797
43245 45.5784
43246 45.5775
43247 45.5777
43248 45.5791
43249 45.581
43250 45.5827
43251 45.5842
43252 45.5848
43253 45.5851
43254 45.5845
43255 45.583
43256 45.5819
43257 45.5815
43258 45.5814
43259 45.5807
43260 45.5797
43261 45.5777
43262 45.5753
43263 45.5734
43264 45.5714
43265 45.5697
43266 45.569
43267 45.5684
43268 45.5673
43269 45.5665
43270 45.5654
43271 45.564
43272 45.5623
43273 45.561
43274 45.5603
43275 45.56
43276 45.5592
43277 45.5582
43278 45.557
43279 45.5563
43280 45.5561
43281 45.5561
43282 45.5564
43283 45.5557
43284 45.5552
43285 45.5551
43286 45.5552
43287 45.5551
43288 45.5547
43289 45.5547
43290 45.5549
43291 45.555
43292 45.5549
43293 45.5555
43294 45.5565
43295 45.557
43296 45.5572
43297 45.5581
43298 45.5581
43299 45.5587
43300 45.5594
43301 45.5612
43302 45.5635
43303 45.5657
43304 45.5676
43305 45.569
43306 45.5709
43307 45.573
43308 45.575
43309 45.5759
43310 45.5761
43311 45.5763
43312 45.5775
43313 45.5797
43314 45.5833
43315 45.5867
43316 45.5903
43317 45.5934
43318 45.5958
43319 45.5973
43320 45.5985
43321 45.6001
43322 45.6021
43323 45.6043
43324 45.6066
43325 45.6089
43326 45.6109
43327 45.613
43328 45.6137
43329 45.6137
43330 45.6139
43331 45.6151
43332 45.6163
43333 45.6176
43334 45.6197
43335 45.6228
43336 45.6258
43337 45.6285
43338 45.6303
43339 45.6304
43340 45.6302
43341 45.6295
43342 45.6297
43343 45.6302
43344 45.6309
43345 45.6322
43346 45.6338
43347 45.6352
43348 45.6365
43349 45.6372
43350 45.6371
43351 45.6364
43352 45.6354
43353 45.6344
43354 45.6334
43355 45.6328
43356 45.6327
43357 45.6333
43358 45.6342
43359 45.6351
43360 45.636
43361 45.6369
43362 45.6375
43363 45.6382
43364 45.6388
43365 45.639
43366 45.6393
43367 45.6387
43368 45.6378
43369 45.6366
43370 45.636
43371 45.6356
43372 45.6356
43373 45.6362
43374 45.636
43375 45.6364
43376 45.6373
43377 45.6383
43378 45.6392
43379 45.6392
43380 45.6386
43381 45.6378
43382 45.6371
43383 45.6368
43384 45.6369
43385 45.6371
43386 45.6372
43387 45.6367
43388 45.6367
43389 45.6364
43390 45.6363
43391 45.6363
43392 45.6373
43393 45.6387
43394 45.64
43395 45.6412
43396 45.642
43397 45.6425
43398 45.6427
43399 45.6432
43400 45.6442
43401 45.6462
43402 45.6489
43403 45.6521
43404 45.6546
43405 45.6571
43406 45.6598
43407 45.6622
43408 45.6628
43409 45.6622
43410 45.661
43411 45.6607
43412 45.661
43413 45.6627
43414 45.6654
43415 45.6695
43416 45.6738
43417 45.678
43418 45.6816
43419 45.6846
43420 45.686
43421 45.6872
43422 45.6889
43423 45.6908
43424 45.6929
43425 45.6954
43426 45.6985
43427 45.7008
43428 45.7032
43429 45.7054
43430 45.7067
43431 45.7079
43432 45.7097
43433 45.7112
43434 45.713
43435 45.7155
43436 45.718
43437 45.7208
43438 45.7234
43439 45.7242
43440 45.7231
43441 45.7214
43442 45.7187
43443 45.7163
43444 45.7141
43445 45.7117
43446 45.7102
43447 45.7105
43448 45.7116
43449 45.7131
43450 45.7147
43451 45.7154
43452 45.7151
43453 45.714
43454 45.7126
43455 45.7102
43456 45.708
43457 45.7056
43458 45.7022
43459 45.6991
43460 45.697
43461 45.6952
43462 45.6938
43463 45.6934
43464 45.693
43465 45.6929
43466 45.6923
43467 45.6909
43468 45.6881
43469 45.6845
43470 45.6802
43471 45.6766
43472 45.6739
43473 45.6724
43474 45.6721
43475 45.6727
43476 45.6736
43477 45.675
43478 45.6766
43479 45.6769
43480 45.6763
43481 45.6755
43482 45.6748
43483 45.6747
43484 45.6744
43485 45.6747
43486 45.6757
43487 45.6769
43488 45.6792
43489 45.6817
43490 45.6844
43491 45.6866
43492 45.689
43493 45.6917
43494 45.6944
43495 45.6968
43496 45.6989
43497 45.7009
43498 45.7024
43499 45.7035
43500 45.7048
43501 45.7059
43502 45.7065
43503 45.7068
43504 45.707
43505 45.7076
43506 45.709
43507 45.7108
43508 45.7129
43509 45.7146
43510 45.7162
43511 45.7175
43512 45.7186
43513 45.7197
43514 45.7206
43515 45.7217
43516 45.7232
43517 45.7243
43518 45.7256
43519 45.7264
43520 45.7271
43521 45.7277
43522 45.728
43523 45.7284
43524 45.7289
43525 45.7297
43526 45.7311
43527 45.7332
43528 45.7357
43529 45.7378
43530 45.7388
43531 45.7393
43532 45.739
43533 45.7374
43534 45.7357
43535 45.734
43536 45.7325
43537 45.7313
43538 45.7304
43539 45.7301
43540 45.7305
43541 45.7322
43542 45.7341
43543 45.7365
43544 45.7383
43545 45.74
43546 45.7412
43547 45.7426
43548 45.744
43549 45.7453
43550 45.7471
43551 45.7489
43552 45.7523
43553 45.7567
43554 45.7608
43555 45.7644
43556 45.7668
43557 45.7686
43558 45.7702
43559 45.7719
43560 45.7735
43561 45.7747
43562 45.7766
43563 45.7794
43564 45.7829
43565 45.7864
43566 45.7899
43567 45.7936
43568 45.796
43569 45.7977
43570 45.799
43571 45.8001
43572 45.8009
43573 45.8016
43574 45.8019
43575 45.803
43576 45.8051
43577 45.8076
43578 45.8103
43579 45.8133
43580 45.8156
43581 45.8177
43582 45.8194
43583 45.8216
43584 45.8239
43585 45.8257
43586 45.8278
43587 45.8295
43588 45.8305
43589 45.8312
43590 45.8322
43591 45.8324
43592 45.8329
43593 45.8337
43594 45.8345
43595 45.8355
43596 45.8366
43597 45.838
43598 45.8401
43599 45.8426
43600 45.8447
43601 45.8464
43602 45.8485
43603 45.8491
43604 45.8489
43605 45.8486
43606 45.8483
43607 45.8485
43608 45.849
43609 45.8499
43610 45.8513
43611 45.8528
43612 45.8536
43613 45.8543
43614 45.8555
43615 45.8565
43616 45.8572
43617 45.857
43618 45.8563
43619 45.8544
43620 45.853
43621 45.8519
43622 45.8515
43623 45.852
43624 45.853
43625 45.8545
43626 45.8554
43627 45.8562
43628 45.8572
43629 45.8578
43630 45.8586
43631 45.8598
43632 45.8613
43633 45.8638
43634 45.8669
43635 45.8691
43636 45.8704
43637 45.8716
43638 45.8731
43639 45.8737
43640 45.8732
43641 45.873
43642 45.8728
43643 45.8731
43644 45.8735
43645 45.8743
43646 45.8743
43647 45.8746
43648 45.8743
43649 45.8737
43650 45.8724
43651 45.8709
43652 45.8695
43653 45.8685
43654 45.8672
43655 45.8663
43656 45.8661
43657 45.8664
43658 45.8667
43659 45.867
43660 45.8675
43661 45.8682
43662 45.869
43663 45.8701
43664 45.8714
43665 45.8723
43666 45.8728
43667 45.8736
43668 45.8744
43669 45.8755
43670 45.8765
43671 45.878
43672 45.8796
43673 45.8811
43674 45.8827
43675 45.8846
43676 45.8865
43677 45.8884
43678 45.8903
43679 45.8928
43680 45.8954
43681 45.8978
43682 45.9002
43683 45.9025
43684 45.9048
43685 45.9078
43686 45.9116
43687 45.9158
43688 45.92
43689 45.9238
43690 45.9268
43691 45.9288
43692 45.9307
43693 45.9318
43694 45.9327
43695 45.9338
43696 45.9361
43697 45.9385
43698 45.9413
43699 45.9441
43700 45.9467
43701 45.9489
43702 45.9512
43703 45.9529
43704 45.9532
43705 45.953
43706 45.9533
43707 45.9539
43708 45.9545
43709 45.9551
43710 45.9558
43711 45.9562
43712 45.956
43713 45.9561
43714 45.9561
43715 45.9561
43716 45.9561
43717 45.9563
43718 45.9562
43719 45.9564
43720 45.9565
43721 45.9565
43722 45.9568
43723 45.9578
43724 45.9597
43725 45.9616
43726 45.9634
43727 45.9649
43728 45.9663
43729 45.9679
43730 45.9694
43731 45.9709
43732 45.9727
43733 45.9749
43734 45.977
43735 45.9789
43736 45.9814
43737 45.9834
43738 45.9854
43739 45.987
43740 45.9876
43741 45.9878
43742 45.9883
43743 45.9895
43744 45.991
43745 45.9925
43746 45.9948
43747 45.9976
43748 46.0005
43749 46.0041
43750 46.008
43751 46.0114
43752 46.0141
43753 46.0162
43754 46.0171
43755 46.0181
43756 46.0195
43757 46.0213
43758 46.0232
43759 46.0261
43760 46.0291
43761 46.0323
43762 46.0354
43763 46.0376
43764 46.0398
43765 46.0416
43766 46.0438
43767 46.0452
43768 46.0465
43769 46.0476
43770 46.0489
43771 46.05
43772 46.0514
43773 46.0535
43774 46.0564
43775 46.0607
43776 46.0661
43777 46.0718
43778 46.0766
43779 46.0804
43780 46.0834
43781 46.0857
43782 46.0866
43783 46.0878
43784 46.0895
43785 46.092
43786 46.0954
43787 46.1003
43788 46.1059
43789 46.1109
43790 46.1156
43791 46.119
43792 46.1214
43793 46.1232
43794 46.1251
43795 46.1268
43796 46.1286
43797 46.1306
43798 46.1334
43799 46.1363
43800 46.1396
43801 46.1425
43802 46.1448
43803 46.1461
43804 46.146
43805 46.1455
43806 46.1451
43807 46.1447
43808 46.1445
43809 46.1442
43810 46.1446
43811 46.1454
43812 46.1462
43813 46.1466
43814 46.1466
43815 46.1457
43816 46.1441
43817 46.143
43818 46.1418
43819 46.1407
43820 46.1404
43821 46.1407
43822 46.1412
43823 46.1416
43824 46.1415
43825 46.1412
43826 46.1409
43827 46.1404
43828 46.14
43829 46.1392
43830 46.1387
43831 46.1383
43832 46.1377
43833 46.136
43834 46.1338
43835 46.1312
43836 46.129
43837 46.1279
43838 46.1284
43839 46.13
43840 46.1324
43841 46.1354
43842 46.1374
43843 46.1387
43844 46.1388
43845 46.1379
43846 46.1366
43847 46.1359
43848 46.1355
43849 46.1356
43850 46.1368
43851 46.1397
43852 46.1435
43853 46.1467
43854 46.1483
43855 46.1482
43856 46.1475
43857 46.1471
43858 46.1469
43859 46.1466
43860 46.1457
43861 46.1447
43862 46.1444
43863 46.1446
43864 46.1451
43865 46.1469
43866 46.1494
43867 46.1518
43868 46.1545
43869 46.158
43870 46.1617
43871 46.1647
43872 46.1675
43873 46.1703
43874 46.1729
43875 46.1748
43876 46.1763
43877 46.1771
43878 46.1773
43879 46.1775
43880 46.1782
43881 46.1795
43882 46.1821
43883 46.1854
43884 46.1891
43885 46.1929
43886 46.1961
43887 46.1977
43888 46.1986
43889 46.1998
43890 46.2021
43891 46.2048
43892 46.2079
43893 46.2115
43894 46.2152
43895 46.2187
43896 46.2209
43897 46.222
43898 46.2222
43899 46.2211
43900 46.2199
43901 46.2191
43902 46.2189
43903 46.2195
43904 46.2202
43905 46.2217
43906 46.2237
43907 46.2259
43908 46.2276
43909 46.2279
43910 46.2273
43911 46.2264
43912 46.2256
43913 46.2242
43914 46.2225
43915 46.2217
43916 46.2217
43917 46.2234
43918 46.2257
43919 46.2284
43920 46.2307
43921 46.2324
43922 46.2329
43923 46.2327
43924 46.2322
43925 46.2313
43926 46.2308
43927 46.231
43928 46.2322
43929 46.2333
43930 46.2353
43931 46.2375
43932 46.24
43933 46.2423
43934 46.244
43935 46.2456
43936 46.2469
43937 46.2481
43938 46.2491
43939 46.2506
43940 46.2524
43941 46.2549
43942 46.2577
43943 46.2604
43944 46.2637
43945 46.2672
43946 46.2702
43947 46.2716
43948 46.2729
43949 46.2742
43950 46.2756
43951 46.2772
43952 46.2793
43953 46.2815
43954 46.2843
43955 46.2868
43956 46.2891
43957 46.2904
43958 46.2916
43959 46.2923
43960 46.2935
43961 46.2951
43962 46.297
43963 46.2978
43964 46.2976
43965 46.2975
43966 46.2974
43967 46.2972
43968 46.2961
43969 46.2946
43970 46.2927
43971 46.2913
43972 46.291
43973 46.2911
43974 46.2919
43975 46.2931
43976 46.2942
43977 46.294
43978 46.2927
43979 46.2917
43980 46.2919
43981 46.2918
43982 46.2911
43983 46.2907
43984 46.291
43985 46.2912
43986 46.2919
43987 46.2926
43988 46.2941
43989 46.2958
43990 46.2983
43991 46.3015
43992 46.3049
43993 46.3076
43994 46.3094
43995 46.3097
43996 46.3101
43997 46.3114
43998 46.3136
43999 46.3155
44000 46.3177
44001 46.32
44002 46.323
44003 46.3268
44004 46.331
44005 46.3351
44006 46.3391
44007 46.3422
44008 46.3448
44009 46.347
44010 46.3488
44011 46.3499
44012 46.3505
44013 46.3515
44014 46.3536
44015 46.3575
44016 46.3619
44017 46.3679
44018 46.3744
44019 46.3808
44020 46.3866
44021 46.3916
44022 46.3953
44023 46.3975
44024 46.3983
44025 46.3991
44026 46.4002
44027 46.4024
44028 46.4058
44029 46.4106
44030 46.4168
44031 46.4227
44032 46.4278
44033 46.4328
44034 46.4379
44035 46.4421
44036 46.4448
44037 46.4468
44038 46.4484
44039 46.4496
44040 46.4502
44041 46.4507
44042 46.4514
44043 46.453
44044 46.4555
44045 46.4583
44046 46.461
44047 46.4638
44048 46.4655
44049 46.4662
44050 46.4652
44051 46.463
44052 46.4604
44053 46.458
44054 46.4562
44055 46.4548
44056 46.4541
44057 46.4533
44058 46.4523
44059 46.4504
44060 46.4477
44061 46.4455
44062 46.4436
44063 46.4423
44064 46.4416
44065 46.4407
44066 46.439
44067 46.4371
44068 46.4362
44069 46.4361
44070 46.4361
44071 46.4364
44072 46.4363
44073 46.4367
44074 46.437
44075 46.436
44076 46.4343
44077 46.4327
44078 46.4307
44079 46.4292
44080 46.4277
44081 46.4273
44082 46.4271
44083 46.4272
44084 46.4277
44085 46.4279
44086 46.4282
44087 46.4286
44088 46.4293
44089 46.4309
44090 46.4322
44091 46.4326
44092 46.4329
44093 46.4329
44094 46.4335
44095 46.4341
44096 46.4356
44097 46.4374
44098 46.4388
44099 46.4401
44100 46.4419
44101 46.4445
44102 46.4475
44103 46.4498
44104 46.4519
44105 46.4541
44106 46.4558
44107 46.4585
44108 46.4614
44109 46.4637
44110 46.4659
44111 46.468
44112 46.4698
44113 46.4714
44114 46.474
44115 46.4777
44116 46.4816
44117 46.4844
44118 46.4854
44119 46.485
44120 46.4842
44121 46.4841
44122 46.484
44123 46.4843
44124 46.4851
44125 46.4854
44126 46.4859
44127 46.4863
44128 46.4861
44129 46.486
44130 46.4861
44131 46.4869
44132 46.4867
44133 46.4857
44134 46.4851
44135 46.4846
44136 46.4833
44137 46.4812
44138 46.4783
44139 46.4755
44140 46.4732
44141 46.4715
44142 46.4696
44143 46.4675
44144 46.4649
44145 46.4627
44146 46.4609
44147 46.4592
44148 46.4583
44149 46.4566
44150 46.4551
44151 46.4542
44152 46.4531
44153 46.4521
44154 46.451
44155 46.45
44156 46.4496
44157 46.4495
44158 46.4493
44159 46.4485
44160 46.4477
44161 46.4468
44162 46.4461
44163 46.4457
44164 46.4453
44165 46.4451
44166 46.4447
44167 46.4447
44168 46.4453
44169 46.4457
44170 46.4469
44171 46.4485
44172 46.4501
44173 46.4506
44174 46.4504
44175 46.4505
44176 46.451
44177 46.4517
44178 46.4519
44179 46.4526
44180 46.4547
44181 46.4574
44182 46.461
44183 46.4648
44184 46.4676
44185 46.4687
44186 46.4681
44187 46.4667
44188 46.4647
44189 46.4632
44190 46.4623
44191 46.4621
44192 46.4632
44193 46.4652
44194 46.4667
44195 46.4688
44196 46.4698
44197 46.4698
44198 46.4684
44199 46.4663
44200 46.4639
44201 46.4619
44202 46.4601
44203 46.4593
44204 46.4579
44205 46.4566
44206 46.4559
44207 46.4557
44208 46.4559
44209 46.4564
44210 46.4569
44211 46.4578
44212 46.4586
44213 46.4585
44214 46.4571
44215 46.4548
44216 46.4523
44217 46.4504
44218 46.4489
44219 46.4485
44220 46.4487
44221 46.4494
44222 46.4505
44223 46.4509
44224 46.4502
44225 46.4486
44226 46.4468
44227 46.445
44228 46.4426
44229 46.4401
44230 46.4381
44231 46.4365
44232 46.4345
44233 46.4331
44234 46.4325
44235 46.432
44236 46.4308
44237 46.4297
44238 46.4284
44239 46.4275
44240 46.4268
44241 46.4259
44242 46.4248
44243 46.424
44244 46.4236
44245 46.423
44246 46.4222
44247 46.4212
44248 46.4195
44249 46.4178
44250 46.4167
44251 46.4168
44252 46.4172
44253 46.4181
44254 46.4198
44255 46.4216
44256 46.4232
44257 46.4247
44258 46.4258
44259 46.426
44260 46.4264
44261 46.4274
44262 46.4287
44263 46.4306
44264 46.4339
44265 46.4377
44266 46.4423
44267 46.4475
44268 46.4525
44269 46.4575
44270 46.4622
44271 46.4666
44272 46.4703
44273 46.4743
44274 46.4782
44275 46.4828
44276 46.4873
44277 46.4913
44278 46.4949
44279 46.4986
44280 46.5026
44281 46.5067
44282 46.5109
44283 46.5151
44284 46.5192
44285 46.5237
44286 46.5279
44287 46.5318
44288 46.5342
44289 46.5361
44290 46.5382
44291 46.5406
44292 46.5429
44293 46.5453
44294 46.5477
44295 46.5512
44296 46.5559
44297 46.5617
44298 46.5674
44299 46.5716
44300 46.5743
44301 46.5769
44302 46.5798
44303 46.5831
44304 46.5865
44305 46.5898
44306 46.5929
44307 46.5955
44308 46.5978
44309 46.6001
44310 46.6023
44311 46.6041
44312 46.6057
44313 46.6065
44314 46.6058
44315 46.6044
44316 46.6031
44317 46.6013
44318 46.6
44319 46.5988
44320 46.5971
44321 46.5958
44322 46.5948
44323 46.5937
44324 46.5918
44325 46.5885
44326 46.5834
44327 46.5775
44328 46.572
44329 46.5674
44330 46.563
44331 46.5595
44332 46.5568
44333 46.554
44334 46.5521
44335 46.5517
44336 46.5511
44337 46.5506
44338 46.5501
44339 46.5493
44340 46.5481
44341 46.546
44342 46.5428
44343 46.5385
44344 46.5351
44345 46.5334
44346 46.5334
44347 46.5351
44348 46.5385
44349 46.5423
44350 46.5454
44351 46.547
44352 46.5472
44353 46.5469
44354 46.546
44355 46.5453
44356 46.5446
44357 46.5447
44358 46.5459
44359 46.5478
44360 46.5503
44361 46.5528
44362 46.5547
44363 46.5564
44364 46.5578
44365 46.5588
44366 46.558
44367 46.5571
44368 46.5571
44369 46.5571
44370 46.5572
44371 46.5569
44372 46.5567
44373 46.5575
44374 46.5582
44375 46.5576
44376 46.5561
44377 46.5548
44378 46.553
44379 46.5513
44380 46.5498
44381 46.5478
44382 46.5466
44383 46.5463
44384 46.5459
44385 46.5454
44386 46.544
44387 46.5417
44388 46.5387
44389 46.5347
44390 46.5308
44391 46.5269
44392 46.5247
44393 46.5237
44394 46.523
44395 46.5226
44396 46.523
44397 46.5234
44398 46.523
44399 46.5217
44400 46.5205
44401 46.5191
44402 46.5186
44403 46.5185
44404 46.5187
44405 46.5193
44406 46.5207
44407 46.5229
44408 46.5254
44409 46.5276
44410 46.5283
44411 46.5289
44412 46.5289
44413 46.5289
44414 46.529
44415 46.5299
44416 46.531
44417 46.5335
44418 46.5369
44419 46.5412
44420 46.546
44421 46.5498
44422 46.5529
44423 46.5544
44424 46.5553
44425 46.5564
44426 46.5579
44427 46.5599
44428 46.5628
44429 46.5663
44430 46.5702
44431 46.5741
44432 46.5785
44433 46.5815
44434 46.5838
44435 46.5858
44436 46.5875
44437 46.5896
44438 46.5921
44439 46.5945
44440 46.5967
44441 46.5992
44442 46.6018
44443 46.6043
44444 46.6058
44445 46.6064
44446 46.6059
44447 46.6047
44448 46.6037
44449 46.6037
44450 46.6046
44451 46.6053
44452 46.6058
44453 46.6062
44454 46.6069
44455 46.6065
44456 46.6056
44457 46.604
44458 46.6021
44459 46.6001
44460 46.5991
44461 46.5994
44462 46.5997
44463 46.6003
44464 46.6013
44465 46.602
44466 46.6021
44467 46.6015
44468 46.6002
44469 46.5987
44470 46.5976
44471 46.5965
44472 46.5952
44473 46.5949
44474 46.5947
44475 46.5944
44476 46.5931
44477 46.5912
44478 46.5889
44479 46.5855
44480 46.5815
44481 46.5778
44482 46.5749
44483 46.573
44484 46.5707
44485 46.5681
44486 46.5654
44487 46.5633
44488 46.5615
44489 46.5604
44490 46.5591
44491 46.5572
44492 46.555
44493 46.5532
44494 46.5508
44495 46.5484
44496 46.5467
44497 46.5455
44498 46.5451
44499 46.5452
44500 46.5452
44501 46.5456
44502 46.546
44503 46.5468
44504 46.5485
44505 46.5491
44506 46.5495
44507 46.55
44508 46.5502
44509 46.5503
44510 46.5507
44511 46.5507
44512 46.5502
44513 46.5498
44514 46.5498
44515 46.55
44516 46.5503
44517 46.5503
44518 46.5505
44519 46.5509
44520 46.5514
44521 46.552
44522 46.5524
44523 46.5526
44524 46.5524
44525 46.5522
44526 46.5519
44527 46.5512
44528 46.55
44529 46.5481
44530 46.5463
44531 46.5444
44532 46.5425
44533 46.5412
44534 46.5403
44535 46.5396
44536 46.5396
44537 46.5396
44538 46.5397
44539 46.5397
44540 46.5393
44541 46.5389
44542 46.5383
44543 46.5379
44544 46.5376
44545 46.5375
44546 46.5378
44547 46.538
44548 46.5383
44549 46.5392
44550 46.5405
44551 46.5418
44552 46.542
44553 46.5402
44554 46.5365
44555 46.5332
44556 46.5298
44557 46.527
44558 46.5248
44559 46.5232
44560 46.5225
44561 46.5225
44562 46.5225
44563 46.523
44564 46.5242
44565 46.5255
44566 46.5261
44567 46.5262
44568 46.5262
44569 46.5251
44570 46.5243
44571 46.5241
44572 46.5234
44573 46.5227
44574 46.5228
44575 46.5239
44576 46.5256
44577 46.5277
44578 46.5292
44579 46.5302
44580 46.5314
44581 46.5326
44582 46.5339
44583 46.5349
44584 46.5357
44585 46.5366
44586 46.5378
44587 46.5392
44588 46.5402
44589 46.5415
44590 46.5421
44591 46.5421
44592 46.5419
44593 46.5418
44594 46.5421
44595 46.5427
44596 46.5439
44597 46.5453
44598 46.5462
44599 46.5469
44600 46.5477
44601 46.5488
44602 46.5495
44603 46.55
44604 46.5502
44605 46.5507
44606 46.5505
44607 46.55
44608 46.5493
44609 46.5485
44610 46.5486
44611 46.55
44612 46.5519
44613 46.5535
44614 46.554
44615 46.5537
44616 46.5535
44617 46.5533
44618 46.552
44619 46.5501
44620 46.5478
44621 46.5457
44622 46.5446
44623 46.5441
44624 46.5441
44625 46.5446
44626 46.5455
44627 46.5468
44628 46.548
44629 46.5486
44630 46.5473
44631 46.5455
44632 46.5435
44633 46.5414
44634 46.5394
44635 46.5385
44636 46.5386
44637 46.539
44638 46.5396
44639 46.5399
44640 46.5389
44641 46.5375
44642 46.5359
44643 46.5347
44644 46.5337
44645 46.5333
44646 46.5338
44647 46.5344
44648 46.5354
44649 46.5358
44650 46.5365
44651 46.5374
44652 46.5379
44653 46.5383
44654 46.5388
44655 46.5391
44656 46.5392
44657 46.5401
44658 46.5413
44659 46.5425
44660 46.5433
44661 46.5442
44662 46.5454
44663 46.5471
44664 46.5489
44665 46.5505
44666 46.5519
44667 46.5532
44668 46.5549
44669 46.5567
44670 46.5587
44671 46.5602
44672 46.5617
44673 46.5627
44674 46.5637
44675 46.5642
44676 46.5654
44677 46.5668
44678 46.5671
44679 46.5674
44680 46.5681
44681 46.5688
44682 46.5702
44683 46.5718
44684 46.5728
44685 46.5734
44686 46.5735
44687 46.5722
44688 46.5701
44689 46.5681
44690 46.5662
44691 46.5649
44692 46.5642
44693 46.5644
44694 46.5653
44695 46.5661
44696 46.5665
44697 46.5667
44698 46.5661
44699 46.5639
44700 46.5612
44701 46.5589
44702 46.5563
44703 46.5547
44704 46.5538
44705 46.5535
44706 46.5528
44707 46.5514
44708 46.5497
44709 46.548
44710 46.547
44711 46.5462
44712 46.5456
44713 46.5443
44714 46.5425
44715 46.5405
44716 46.539
44717 46.5381
44718 46.537
44719 46.5357
44720 46.5348
44721 46.5328
44722 46.5304
44723 46.5276
44724 46.5255
44725 46.5228
44726 46.5193
44727 46.5163
44728 46.5141
44729 46.5129
44730 46.5121
44731 46.5111
44732 46.5097
44733 46.5081
44734 46.5067
44735 46.5049
44736 46.5037
44737 46.5038
44738 46.5038
44739 46.504
44740 46.5044
44741 46.505
44742 46.5058
44743 46.5071
44744 46.5079
44745 46.5088
44746 46.5098
44747 46.5109
44748 46.5125
44749 46.5147
44750 46.5172
44751 46.5196
44752 46.5215
44753 46.5234
44754 46.5249
44755 46.5257
44756 46.5264
44757 46.5274
44758 46.5292
44759 46.5318
44760 46.5352
44761 46.5386
44762 46.5408
44763 46.5425
44764 46.5427
44765 46.5422
44766 46.5419
44767 46.5421
44768 46.5426
44769 46.5435
44770 46.5448
44771 46.5471
44772 46.55
44773 46.5538
44774 46.5573
44775 46.5609
44776 46.5628
44777 46.5636
44778 46.5626
44779 46.5613
44780 46.5605
44781 46.5606
44782 46.563
44783 46.5668
44784 46.5715
44785 46.5759
44786 46.5787
44787 46.5802
44788 46.5805
44789 46.5805
44790 46.5804
44791 46.5801
44792 46.5798
44793 46.5802
44794 46.5811
44795 46.5829
44796 46.5848
44797 46.5876
44798 46.5914
44799 46.5959
44800 46.6008
44801 46.6052
44802 46.6088
44803 46.6114
44804 46.614
44805 46.617
44806 46.6197
44807 46.6221
44808 46.625
44809 46.6275
44810 46.6298
44811 46.6325
44812 46.636
44813 46.6391
44814 46.642
44815 46.644
44816 46.6453
44817 46.6458
44818 46.6457
44819 46.6463
44820 46.6477
44821 46.6496
44822 46.6517
44823 46.6537
44824 46.6556
44825 46.6579
44826 46.6611
44827 46.6642
44828 46.667
44829 46.6694
44830 46.6698
44831 46.6695
44832 46.6692
44833 46.6683
44834 46.6671
44835 46.6667
44836 46.6659
44837 46.6657
44838 46.666
44839 46.6669
44840 46.6679
44841 46.6685
44842 46.6691
44843 46.6692
44844 46.6696
44845 46.6706
44846 46.6722
44847 46.6736
44848 46.675
44849 46.6767
44850 46.6785
44851 46.6802
44852 46.6824
44853 46.6848
44854 46.6867
44855 46.6877
44856 46.6874
44857 46.6872
44858 46.6868
44859 46.6866
44860 46.6871
44861 46.6879
44862 46.6885
44863 46.6895
44864 46.6915
44865 46.6937
44866 46.6958
44867 46.6983
44868 46.7002
44869 46.7021
44870 46.7033
44871 46.7029
44872 46.7016
44873 46.7005
44874 46.6999
44875 46.6994
44876 46.6991
44877 46.6991
44878 46.6987
44879 46.6982
44880 46.6973
44881 46.6955
44882 46.6933
44883 46.6917
44884 46.6911
44885 46.6914
44886 46.6921
44887 46.6929
44888 46.6935
44889 46.6944
44890 46.6953
44891 46.6958
44892 46.6959
44893 46.6967
44894 46.6977
44895 46.6988
44896 46.7004
44897 46.702
44898 46.7039
44899 46.7056
44900 46.7069
44901 46.7087
44902 46.7109
44903 46.7137
44904 46.7163
44905 46.7198
44906 46.7237
44907 46.727
44908 46.7302
44909 46.7331
44910 46.7355
44911 46.7377
44912 46.7393
44913 46.7407
44914 46.7432
44915 46.7466
44916 46.7505
44917 46.7535
44918 46.7557
44919 46.7579
44920 46.76
44921 46.761
44922 46.7621
44923 46.7643
44924 46.7676
44925 46.7717
44926 46.7758
44927 46.7803
44928 46.7849
44929 46.7891
44930 46.7919
44931 46.7922
44932 46.7913
44933 46.7903
44934 46.7903
44935 46.7911
44936 46.7926
44937 46.795
44938 46.7973
44939 46.799
44940 46.8002
44941 46.8022
44942 46.8046
44943 46.807
44944 46.809
44945 46.8101
44946 46.8099
44947 46.8091
44948 46.8091
44949 46.8094
44950 46.8104
44951 46.8125
44952 46.8146
44953 46.8164
44954 46.8174
44955 46.8187
44956 46.8201
44957 46.8211
44958 46.8225
44959 46.8243
44960 46.8252
44961 46.8257
44962 46.8261
44963 46.827
44964 46.8284
44965 46.83
44966 46.8321
44967 46.8352
44968 46.8382
44969 46.8407
44970 46.8423
44971 46.8438
44972 46.845
44973 46.8472
44974 46.8495
44975 46.8514
44976 46.8534
44977 46.8555
44978 46.857
44979 46.8578
44980 46.8588
44981 46.8601
44982 46.8623
44983 46.8653
44984 46.8688
44985 46.8732
44986 46.877
44987 46.88
44988 46.8819
44989 46.8837
44990 46.8853
44991 46.8856
44992 46.8851
44993 46.885
44994 46.8854
44995 46.8855
44996 46.8863
44997 46.887
44998 46.8875
44999 46.8889
45000 46.8915
45001 46.8945
45002 46.8978
45003 46.9014
45004 46.9047
45005 46.9075
45006 46.909
45007 46.9088
45008 46.907
45009 46.9055
45010 46.9046
45011 46.9044
45012 46.9042
45013 46.9048
45014 46.9061
45015 46.9072
45016 46.9079
45017 46.9077
45018 46.9074
45019 46.9074
45020 46.9072
45021 46.9065
45022 46.9049
45023 46.9032
45024 46.9012
45025 46.8987
45026 46.8959
45027 46.8933
45028 46.8917
45029 46.891
45030 46.8906
45031 46.8912
45032 46.8923
45033 46.8933
45034 46.8922
45035 46.8897
45036 46.8871
45037 46.8844
45038 46.8821
45039 46.8806
45040 46.8801
45041 46.8805
45042 46.8819
45043 46.8844
45044 46.8869
45045 46.8891
45046 46.8903
45047 46.8915
45048 46.8918
45049 46.8909
45050 46.8902
45051 46.8897
45052 46.8891
45053 46.8897
45054 46.8917
45055 46.8944
45056 46.8968
45057 46.8993
45058 46.9004
45059 46.9011
45060 46.9025
45061 46.9042
45062 46.9069
45063 46.9101
45064 46.9134
45065 46.9159
45066 46.9188
45067 46.9223
45068 46.9263
45069 46.9299
45070 46.9323
45071 46.9331
45072 46.9338
45073 46.9353
45074 46.9367
45075 46.9372
45076 46.9386
45077 46.9408
45078 46.9439
45079 46.9471
45080 46.9501
45081 46.953
45082 46.9557
45083 46.9577
45084 46.9589
45085 46.9598
45086 46.9601
45087 46.9602
45088 46.9602
45089 46.9606
45090 46.9614
45091 46.9629
45092 46.9646
45093 46.9659
45094 46.9658
45095 46.9649
45096 46.9634
45097 46.9625
45098 46.9618
45099 46.9611
45100 46.9601
45101 46.9597
45102 46.9604
45103 46.9625
45104 46.9652
45105 46.9681
45106 46.9709
45107 46.9721
45108 46.9725
45109 46.9725
45110 46.9725
45111 46.9728
45112 46.973
45113 46.9728
45114 46.9737
45115 46.9751
45116 46.9774
45117 46.9795
45118 46.9816
45119 46.9834
45120 46.9851
45121 46.9854
45122 46.9839
45123 46.982
45124 46.9801
45125 46.9786
45126 46.978
45127 46.9782
45128 46.9792
45129 46.9802
45130 46.9822
45131 46.9836
45132 46.9838
45133 46.9829
45134 46.9814
45135 46.9793
45136 46.9766
45137 46.9739
45138 46.9725
45139 46.9728
45140 46.9739
45141 46.9758
45142 46.9775
45143 46.9787
45144 46.9785
45145 46.9777
45146 46.9764
45147 46.9744
45148 46.9721
45149 46.9702
45150 46.9684
45151 46.9671
45152 46.9671
45153 46.9671
45154 46.9666
45155 46.9666
45156 46.9669
45157 46.9671
45158 46.967
45159 46.9663
45160 46.9633
45161 46.9599
45162 46.9574
45163 46.9555
45164 46.9541
45165 46.9538
45166 46.9537
45167 46.9545
45168 46.9556
45169 46.9564
45170 46.9563
45171 46.956
45172 46.9556
45173 46.955
45174 46.9544
45175 46.9537
45176 46.9534
45177 46.9537
45178 46.954
45179 46.9543
45180 46.9542
45181 46.9541
45182 46.9544
45183 46.955
45184 46.9562
45185 46.957
45186 46.9581
45187 46.9597
45188 46.9613
45189 46.9622
45190 46.9627
45191 46.9632
45192 46.9628
45193 46.9623
45194 46.962
45195 46.9622
45196 46.9624
45197 46.9634
45198 46.966
45199 46.9694
45200 46.9724
45201 46.9741
45202 46.9749
45203 46.9753
45204 46.9749
45205 46.9739
45206 46.9726
45207 46.9713
45208 46.9707
45209 46.9709
45210 46.971
45211 46.9712
45212 46.9716
45213 46.9716
45214 46.9719
45215 46.9725
45216 46.9733
45217 46.9738
45218 46.9739
45219 46.9741
45220 46.9744
45221 46.9751
45222 46.9769
45223 46.9784
45224 46.9789
45225 46.9788
45226 46.9789
45227 46.9791
45228 46.9791
45229 46.9788
45230 46.9789
45231 46.9796
45232 46.981
45233 46.982
45234 46.9823
45235 46.9821
45236 46.9827
45237 46.9845
45238 46.9869
45239 46.9883
45240 46.9888
45241 46.988
45242 46.9874
45243 46.9872
45244 46.9881
45245 46.9896
45246 46.9914
45247 46.9928
45248 46.9936
45249 46.9928
45250 46.9916
45251 46.9904
45252 46.9886
45253 46.9869
45254 46.9858
45255 46.9855
45256 46.9863
45257 46.9885
45258 46.9914
45259 46.993
45260 46.9935
45261 46.9943
45262 46.9956
45263 46.9968
45264 46.9973
45265 46.9977
45266 46.9979
45267 46.9983
45268 46.999
45269 46.9996
45270 47.0007
45271 47.0018
45272 47.0028
45273 47.0039
45274 47.0037
45275 47.0024
45276 47.0013
45277 47.0008
45278 47.0013
45279 47.0018
45280 47.0018
45281 47.0018
45282 47.0019
45283 47.0029
45284 47.0038
45285 47.0045
45286 47.005
45287 47.005
45288 47.0049
45289 47.0048
45290 47.0053
45291 47.0057
45292 47.0058
45293 47.0053
45294 47.0045
45295 47.0035
45296 47.004
45297 47.006
45298 47.0089
45299 47.0124
45300 47.0164
45301 47.0196
45302 47.0219
45303 47.0221
45304 47.0211
45305 47.0198
45306 47.0182
45307 47.0166
45308 47.0149
45309 47.0142
45310 47.0143
45311 47.015
45312 47.0163
45313 47.0175
45314 47.0182
45315 47.0178
45316 47.0165
45317 47.0142
45318 47.0122
45319 47.0106
45320 47.0091
45321 47.0082
45322 47.0077
45323 47.0075
45324 47.0083
45325 47.0092
45326 47.0096
45327 47.0102
45328 47.0105
45329 47.0098
45330 47.0087
45331 47.0078
45332 47.0069
45333 47.006
45334 47.0053
45335 47.0059
45336 47.0068
45337 47.0075
45338 47.0079
45339 47.0081
45340 47.0073
45341 47.0068
45342 47.007
45343 47.0072
45344 47.0072
45345 47.0065
45346 47.0063
45347 47.0063
45348 47.0057
45349 47.0046
45350 47.0044
45351 47.0052
45352 47.0067
45353 47.0091
45354 47.0123
45355 47.015
45356 47.0166
45357 47.0179
45358 47.0187
45359 47.019
45360 47.0194
45361 47.0194
45362 47.019
45363 47.018
45364 47.0168
45365 47.0163
45366 47.0168
45367 47.0176
45368 47.0194
45369 47.022
45370 47.0251
45371 47.0273
45372 47.029
45373 47.0298
45374 47.0288
45375 47.0261
45376 47.0229
45377 47.0199
45378 47.0182
45379 47.0178
45380 47.0186
45381 47.0209
45382 47.0239
45383 47.0261
45384 47.027
45385 47.0273
45386 47.0277
45387 47.028
45388 47.0276
45389 47.0263
45390 47.0238
45391 47.0214
45392 47.0202
45393 47.0207
45394 47.0216
45395 47.0228
45396 47.0227
45397 47.0219
45398 47.0218
45399 47.0211
45400 47.0202
45401 47.0187
45402 47.0174
45403 47.0162
45404 47.0147
45405 47.0138
45406 47.0126
45407 47.0118
45408 47.0111
45409 47.0103
45410 47.0102
45411 47.0106
45412 47.0117
45413 47.0129
45414 47.0133
45415 47.0136
45416 47.0145
45417 47.0159
45418 47.0164
45419 47.0162
45420 47.0157
45421 47.0151
45422 47.0148
45423 47.0146
45424 47.0139
45425 47.0128
45426 47.0127
45427 47.0127
45428 47.013
45429 47.0139
45430 47.0151
45431 47.015
45432 47.0147
45433 47.0146
45434 47.0138
45435 47.0124
45436 47.0111
45437 47.0104
45438 47.0102
45439 47.0109
45440 47.0121
45441 47.0131
45442 47.0131
45443 47.0127
45444 47.0112
45445 47.0094
45446 47.0081
45447 47.0072
45448 47.0067
45449 47.0067
45450 47.0059
45451 47.0042
45452 47.0027
45453 47.0009
45454 46.9993
45455 46.9971
45456 46.9949
45457 46.9932
45458 46.9919
45459 46.9901
45460 46.9881
45461 46.9865
45462 46.9851
45463 46.984
45464 46.9833
45465 46.9826
45466 46.982
45467 46.9819
45468 46.9809
45469 46.9791
45470 46.9774
45471 46.9757
45472 46.9741
45473 46.9721
45474 46.9697
45475 46.968
45476 46.966
45477 46.9646
45478 46.9635
45479 46.9633
45480 46.9633
45481 46.9629
45482 46.9629
45483 46.9637
45484 46.9646
45485 46.9647
45486 46.9644
45487 46.9636
45488 46.9636
45489 46.964
45490 46.9651
45491 46.9664
45492 46.9683
45493 46.9697
45494 46.9713
45495 46.9729
45496 46.9747
45497 46.9753
45498 46.9753
45499 46.9748
45500 46.9754
45501 46.9765
45502 46.9776
45503 46.9787
45504 46.98
45505 46.9823
45506 46.9845
45507 46.9864
45508 46.9873
45509 46.9884
45510 46.9898
45511 46.9907
45512 46.9917
45513 46.9924
45514 46.9924
45515 46.9913
45516 46.9911
45517 46.992
45518 46.9926
45519 46.993
45520 46.9932
45521 46.9937
45522 46.9947
45523 46.995
45524 46.9949
45525 46.9947
45526 46.9958
45527 46.9964
45528 46.9955
45529 46.9942
45530 46.9932
45531 46.9925
45532 46.9925
45533 46.9928
45534 46.9931
45535 46.9932
45536 46.9932
45537 46.9938
45538 46.9945
45539 46.9948
45540 46.9933
45541 46.9915
45542 46.9901
45543 46.9894
45544 46.9888
45545 46.9884
45546 46.9882
45547 46.9882
45548 46.9884
45549 46.9886
45550 46.9887
45551 46.9889
45552 46.9892
45553 46.9895
45554 46.9898
45555 46.9902
45556 46.9902
45557 46.9902
45558 46.9894
45559 46.9884
45560 46.9866
45561 46.9852
45562 46.9841
45563 46.9825
45564 46.9813
45565 46.9803
45566 46.9794
45567 46.979
45568 46.9789
45569 46.979
45570 46.9789
45571 46.9781
45572 46.977
45573 46.9751
45574 46.9723
45575 46.9685
45576 46.9643
45577 46.9604
45578 46.9575
45579 46.9558
45580 46.956
45581 46.9576
45582 46.9591
45583 46.9613
45584 46.9629
45585 46.9626
45586 46.9607
45587 46.9582
45588 46.9558
45589 46.9532
45590 46.9521
45591 46.9527
45592 46.9552
45593 46.959
45594 46.9638
45595 46.9683
45596 46.9724
45597 46.9764
45598 46.9803
45599 46.983
45600 46.9845
45601 46.984
45602 46.983
45603 46.9822
45604 46.9822
45605 46.9842
45606 46.9873
45607 46.9918
45608 46.9978
45609 47.0038
45610 47.0099
45611 47.0143
45612 47.0175
45613 47.0196
45614 47.0205
45615 47.0212
45616 47.0222
45617 47.0245
45618 47.0281
45619 47.0324
45620 47.037
45621 47.0408
45622 47.0443
45623 47.0475
45624 47.0489
45625 47.0482
45626 47.0463
45627 47.0439
45628 47.0413
45629 47.0391
45630 47.0381
45631 47.039
45632 47.0415
45633 47.0447
45634 47.047
45635 47.0482
45636 47.0477
45637 47.0463
45638 47.044
45639 47.0407
45640 47.0377
45641 47.0353
45642 47.0334
45643 47.0315
45644 47.0294
45645 47.028
45646 47.0266
45647 47.0253
45648 47.0235
45649 47.0209
45650 47.018
45651 47.0149
45652 47.0128
45653 47.0114
45654 47.0107
45655 47.011
45656 47.0118
45657 47.0128
45658 47.0136
45659 47.0152
45660 47.0174
45661 47.0195
45662 47.0209
45663 47.0215
45664 47.0212
45665 47.0209
45666 47.0211
45667 47.0222
45668 47.0247
45669 47.028
45670 47.0319
45671 47.0347
45672 47.0365
45673 47.0376
45674 47.0379
45675 47.0367
45676 47.0358
45677 47.0353
45678 47.0344
45679 47.0345
45680 47.0357
45681 47.0382
45682 47.0417
45683 47.0462
45684 47.0505
45685 47.0547
45686 47.0583
45687 47.061
45688 47.0627
45689 47.0634
45690 47.0623
45691 47.0608
45692 47.0593
45693 47.0593
45694 47.0614
45695 47.0653
45696 47.0707
45697 47.0772
45698 47.0844
45699 47.0908
45700 47.0957
45701 47.0982
45702 47.0998
45703 47.1001
45704 47.1003
45705 47.1001
45706 47.1008
45707 47.1024
45708 47.1047
45709 47.1071
45710 47.1102
45711 47.1133
45712 47.1165
45713 47.1188
45714 47.1199
45715 47.1197
45716 47.1194
45717 47.1195
45718 47.1201
45719 47.1213
45720 47.1234
45721 47.1254
45722 47.1278
45723 47.1303
45724 47.1328
45725 47.1347
45726 47.1358
45727 47.1363
45728 47.1368
45729 47.1362
45730 47.1352
45731 47.1337
45732 47.1323
45733 47.1322
45734 47.1336
45735 47.1359
45736 47.1388
45737 47.1421
45738 47.145
45739 47.1468
45740 47.1477
45741 47.148
45742 47.1484
45743 47.1485
45744 47.1488
45745 47.1495
45746 47.1497
45747 47.1503
45748 47.1516
45749 47.1543
45750 47.1568
45751 47.1586
45752 47.1601
45753 47.1608
45754 47.1616
45755 47.163
45756 47.1649
45757 47.1662
45758 47.1681
45759 47.1697
45760 47.1709
45761 47.1717
45762 47.1734
45763 47.1761
45764 47.179
45765 47.1821
45766 47.1851
45767 47.1885
45768 47.1903
45769 47.1907
45770 47.1908
45771 47.1904
45772 47.1912
45773 47.1923
45774 47.1935
45775 47.195
45776 47.196
45777 47.1971
45778 47.1985
45779 47.2
45780 47.2017
45781 47.2037
45782 47.2054
45783 47.207
45784 47.2092
45785 47.2119
45786 47.2148
45787 47.2172
45788 47.2202
45789 47.222
45790 47.2215
45791 47.2203
45792 47.2189
45793 47.2182
45794 47.2191
45795 47.2207
45796 47.2228
45797 47.2251
45798 47.2277
45799 47.2299
45800 47.2313
45801 47.2319
45802 47.2321
45803 47.2318
45804 47.2313
45805 47.2315
45806 47.2323
45807 47.2339
45808 47.2368
45809 47.2405
45810 47.2442
45811 47.2472
45812 47.2498
45813 47.2516
45814 47.2522
45815 47.252
45816 47.2511
45817 47.2505
45818 47.251
45819 47.2526
45820 47.2552
45821 47.2604
45822 47.2658
45823 47.2714
45824 47.2765
45825 47.2801
45826 47.2822
45827 47.2837
45828 47.2849
45829 47.2857
45830 47.2874
45831 47.2891
45832 47.2909
45833 47.2931
45834 47.2963
45835 47.3004
45836 47.3044
45837 47.308
45838 47.3107
45839 47.313
45840 47.3141
45841 47.3134
45842 47.3121
45843 47.3122
45844 47.3135
45845 47.3148
45846 47.3152
45847 47.3165
45848 47.3189
45849 47.3212
45850 47.323
45851 47.3246
45852 47.3248
45853 47.3244
45854 47.3225
45855 47.3193
45856 47.3153
45857 47.3111
45858 47.3075
45859 47.3046
45860 47.3029
45861 47.3029
45862 47.3036
45863 47.3028
45864 47.3019
45865 47.3011
45866 47.3002
45867 47.2977
45868 47.2944
45869 47.292
45870 47.2901
45871 47.289
45872 47.2883
45873 47.288
45874 47.2884
45875 47.2898
45876 47.2905
45877 47.2905
45878 47.2888
45879 47.2867
45880 47.285
45881 47.284
45882 47.2838
45883 47.2838
45884 47.2841
45885 47.2844
45886 47.2851
45887 47.2864
45888 47.2876
45889 47.2891
45890 47.2898
45891 47.2896
45892 47.2894
45893 47.2896
45894 47.2901
45895 47.2908
45896 47.2922
45897 47.2944
45898 47.2969
45899 47.299
45900 47.3009
45901 47.302
45902 47.3032
45903 47.3038
45904 47.3042
45905 47.3054
45906 47.3075
45907 47.3097
45908 47.3125
45909 47.3158
45910 47.3198
45911 47.3242
45912 47.3274
45913 47.3298
45914 47.3319
45915 47.3339
45916 47.3363
45917 47.3384
45918 47.3416
45919 47.3456
45920 47.3494
45921 47.3527
45922 47.3556
45923 47.3585
45924 47.3607
45925 47.3631
45926 47.3657
45927 47.3689
45928 47.372
45929 47.375
45930 47.3775
45931 47.3801
45932 47.3833
45933 47.3858
45934 47.3877
45935 47.39
45936 47.3929
45937 47.3965
45938 47.4008
45939 47.4049
45940 47.4089
45941 47.4125
45942 47.4159
45943 47.418
45944 47.419
45945 47.4191
45946 47.419
45947 47.4194
45948 47.4202
45949 47.4204
45950 47.4204
45951 47.4213
45952 47.4231
45953 47.4252
45954 47.4268
45955 47.4279
45956 47.4288
45957 47.4287
45958 47.4279
45959 47.4268
45960 47.4253
45961 47.4246
45962 47.4243
45963 47.424
45964 47.424
45965 47.4244
45966 47.4249
45967 47.4257
45968 47.4265
45969 47.4277
45970 47.428
45971 47.4281
45972 47.4277
45973 47.4267
45974 47.4259
45975 47.4251
45976 47.4251
45977 47.4258
45978 47.4258
45979 47.4247
45980 47.4235
45981 47.4231
45982 47.4232
45983 47.4235
45984 47.4235
45985 47.4239
45986 47.4249
45987 47.4259
45988 47.4264
45989 47.4266
45990 47.4264
45991 47.4267
45992 47.4257
45993 47.4248
45994 47.4242
45995 47.4256
45996 47.4282
45997 47.4313
45998 47.4341
45999 47.4361
46000 47.4372
46001 47.4376
46002 47.4374
46003 47.435
46004 47.4318
46005 47.4283
46006 47.4263
46007 47.4258
46008 47.4261
46009 47.4272
46010 47.4286
46011 47.4297
46012 47.4294
46013 47.428
46014 47.425
46015 47.422
46016 47.4197
46017 47.4179
46018 47.4167
46019 47.4171
46020 47.4187
46021 47.4206
46022 47.4217
46023 47.422
46024 47.421
46025 47.4189
46026 47.4172
46027 47.4163
46028 47.4157
46029 47.4167
46030 47.4189
46031 47.4209
46032 47.4231
46033 47.4254
46034 47.4277
46035 47.4302
46036 47.433
46037 47.4353
46038 47.4366
46039 47.4371
46040 47.4383
46041 47.44
46042 47.4415
46043 47.4429
46044 47.4443
46045 47.4448
46046 47.4456
46047 47.4465
46048 47.4474
46049 47.4488
46050 47.4509
46051 47.4533
46052 47.456
46053 47.4578
46054 47.4589
46055 47.4601
46056 47.4613
46057 47.4624
46058 47.4634
46059 47.4638
46060 47.4647
46061 47.4652
46062 47.4659
46063 47.4673
46064 47.4694
46065 47.4709
46066 47.4727
46067 47.4748
46068 47.4763
46069 47.4783
46070 47.4802
46071 47.4826
46072 47.4845
46073 47.4856
46074 47.4855
46075 47.4853
46076 47.4843
46077 47.4836
46078 47.483
46079 47.4822
46080 47.4813
46081 47.4814
46082 47.4824
46083 47.4841
46084 47.4847
46085 47.4845
46086 47.4834
46087 47.4818
46088 47.4803
46089 47.4785
46090 47.4762
46091 47.4743
46092 47.473
46093 47.4715
46094 47.4691
46095 47.4659
46096 47.4633
46097 47.4616
46098 47.4605
46099 47.46
46100 47.4595
46101 47.4579
46102 47.4553
46103 47.4526
46104 47.4497
46105 47.4472
46106 47.4447
46107 47.4424
46108 47.4399
46109 47.4378
46110 47.4359
46111 47.4345
46112 47.4327
46113 47.4307
46114 47.4288
46115 47.4266
46116 47.4247
46117 47.4238
46118 47.4236
46119 47.4247
46120 47.4266
46121 47.4289
46122 47.431
46123 47.4325
46124 47.4343
46125 47.4359
46126 47.4375
46127 47.44
46128 47.4429
46129 47.4459
46130 47.4491
46131 47.4529
46132 47.4565
46133 47.4611
46134 47.4656
46135 47.4703
46136 47.475
46137 47.4787
46138 47.4808
46139 47.4824
46140 47.4832
46141 47.4842
46142 47.4857
46143 47.4879
46144 47.4908
46145 47.4937
46146 47.4968
46147 47.4998
46148 47.5032
46149 47.507
46150 47.5113
46151 47.5151
46152 47.518
46153 47.5194
46154 47.5194
46155 47.5186
46156 47.5179
46157 47.5182
46158 47.52
46159 47.5232
46160 47.5278
46161 47.5325
46162 47.5374
46163 47.5426
46164 47.548
46165 47.5518
46166 47.5545
46167 47.5563
46168 47.5576
46169 47.559
46170 47.5607
46171 47.562
46172 47.5638
46173 47.5657
46174 47.5683
46175 47.572
46176 47.576
46177 47.5807
46178 47.5862
46179 47.5914
46180 47.5961
46181 47.6003
46182 47.6041
46183 47.6081
46184 47.6126
46185 47.6162
46186 47.6196
46187 47.6226
46188 47.6247
46189 47.6271
46190 47.6298
46191 47.633
46192 47.6362
46193 47.639
46194 47.6418
46195 47.6443
46196 47.645
46197 47.6444
46198 47.6439
46199 47.6437
46200 47.6437
46201 47.6442
46202 47.6444
46203 47.6457
46204 47.6467
46205 47.6475
46206 47.6483
46207 47.6486
46208 47.6487
46209 47.6487
46210 47.6485
46211 47.6478
46212 47.6482
46213 47.6489
46214 47.6486
46215 47.6477
46216 47.6467
46217 47.6457
46218 47.6454
46219 47.6472
46220 47.6509
46221 47.6564
46222 47.6623
46223 47.6673
46224 47.6711
46225 47.6735
46226 47.6756
46227 47.6769
46228 47.678
46229 47.6789
46230 47.6794
46231 47.68
46232 47.6814
46233 47.6833
46234 47.687
46235 47.6915
46236 47.6965
46237 47.7016
46238 47.706
46239 47.7087
46240 47.7103
46241 47.7118
46242 47.7133
46243 47.7145
46244 47.7157
46245 47.7181
46246 47.7213
46247 47.7257
46248 47.7305
46249 47.7349
46250 47.7375
46251 47.7391
46252 47.7388
46253 47.7376
46254 47.7366
46255 47.7358
46256 47.7361
46257 47.7366
46258 47.7373
46259 47.7385
46260 47.7393
46261 47.7402
46262 47.7411
46263 47.7421
46264 47.7429
46265 47.7433
46266 47.7434
46267 47.7429
46268 47.7415
46269 47.7381
46270 47.734
46271 47.7301
46272 47.7267
46273 47.7242
46274 47.7227
46275 47.7223
46276 47.723
46277 47.7223
46278 47.7209
46279 47.7199
46280 47.7184
46281 47.7164
46282 47.7142
46283 47.711
46284 47.7077
46285 47.7046
46286 47.7021
46287 47.7011
46288 47.7019
46289 47.7028
46290 47.7043
46291 47.7054
46292 47.707
46293 47.7084
46294 47.7084
46295 47.7076
46296 47.7071
46297 47.7065
46298 47.7059
46299 47.7062
46300 47.7073
46301 47.7098
46302 47.7139
46303 47.7186
46304 47.723
46305 47.7267
46306 47.7295
46307 47.7313
46308 47.7334
46309 47.7358
46310 47.7386
46311 47.7413
46312 47.7437
46313 47.7459
46314 47.749
46315 47.7533
46316 47.7578
46317 47.7629
46318 47.7681
46319 47.773
46320 47.7774
46321 47.7818
46322 47.7865
46323 47.7904
46324 47.7937
46325 47.797
46326 47.8
46327 47.8034
46328 47.8067
46329 47.8106
46330 47.8155
46331 47.8203
46332 47.8245
46333 47.8278
46334 47.8302
46335 47.8314
46336 47.832
46337 47.8328
46338 47.8348
46339 47.8374
46340 47.8401
46341 47.8432
46342 47.8466
46343 47.8508
46344 47.8552
46345 47.8594
46346 47.8619
46347 47.8639
46348 47.8653
46349 47.8668
46350 47.8683
46351 47.8699
46352 47.8719
46353 47.8746
46354 47.8768
46355 47.8784
46356 47.8793
46357 47.8797
46358 47.879
46359 47.8787
46360 47.8791
46361 47.8802
46362 47.8822
46363 47.8852
46364 47.8878
46365 47.8897
46366 47.8911
46367 47.8918
46368 47.8922
46369 47.8913
46370 47.8896
46371 47.8874
46372 47.8848
46373 47.8832
46374 47.8824
46375 47.8814
46376 47.8802
46377 47.8788
46378 47.8764
46379 47.8738
46380 47.8719
46381 47.8703
46382 47.8687
46383 47.8668
46384 47.8653
46385 47.8638
46386 47.8619
46387 47.8594
46388 47.8575
46389 47.8559
46390 47.8543
46391 47.8525
46392 47.8504
46393 47.8495
46394 47.8498
46395 47.8509
46396 47.8521
46397 47.8537
46398 47.8545
46399 47.8542
46400 47.8532
46401 47.852
46402 47.8507
46403 47.8494
46404 47.8488
46405 47.8496
46406 47.85
46407 47.8512
46408 47.8528
46409 47.8554
46410 47.8578
46411 47.8594
46412 47.8606
46413 47.8616
46414 47.8628
46415 47.8636
46416 47.8646
46417 47.866
46418 47.8679
46419 47.8702
46420 47.8721
46421 47.8733
46422 47.8746
46423 47.8758
46424 47.8763
46425 47.8776
46426 47.8799
46427 47.8833
46428 47.8872
46429 47.891
46430 47.8945
46431 47.897
46432 47.8995
46433 47.9016
46434 47.9028
46435 47.9044
46436 47.906
46437 47.9076
46438 47.9096
46439 47.9121
46440 47.9145
46441 47.9171
46442 47.9191
46443 47.9197
46444 47.9203
46445 47.9208
46446 47.9213
46447 47.9213
46448 47.9213
46449 47.9221
46450 47.9231
46451 47.9247
46452 47.9265
46453 47.9279
46454 47.9294
46455 47.9311
46456 47.9321
46457 47.9321
46458 47.932
46459 47.9322
46460 47.9329
46461 47.9334
46462 47.9352
46463 47.9379
46464 47.9408
46465 47.9429
46466 47.9437
46467 47.9444
46468 47.9453
46469 47.9461
46470 47.9467
46471 47.9474
46472 47.948
46473 47.9489
46474 47.95
46475 47.9509
46476 47.951
46477 47.9515
46478 47.9525
46479 47.9532
46480 47.9542
46481 47.955
46482 47.9559
46483 47.956
46484 47.9557
46485 47.9552
46486 47.9544
46487 47.9545
46488 47.9548
46489 47.9544
46490 47.9545
46491 47.9546
46492 47.9541
46493 47.954
46494 47.954
46495 47.9537
46496 47.9538
46497 47.9532
46498 47.9524
46499 47.9519
46500 47.9522
46501 47.9528
46502 47.9534
46503 47.9535
46504 47.9534
46505 47.9538
46506 47.9546
46507 47.9559
46508 47.9572
46509 47.9587
46510 47.9604
46511 47.9613
46512 47.9618
46513 47.9621
46514 47.9621
46515 47.9628
46516 47.9645
46517 47.9668
46518 47.9695
46519 47.972
46520 47.9743
46521 47.9775
46522 47.9809
46523 47.9839
46524 47.986
46525 47.9879
46526 47.9895
46527 47.9912
46528 47.9931
46529 47.9943
46530 47.9953
46531 47.9965
46532 47.9978
46533 47.9992
46534 48
46535 48.0008
46536 48.0014
46537 48.0016
46538 48.0009
46539 47.9995
46540 47.9978
46541 47.9962
46542 47.995
46543 47.9944
46544 47.994
46545 47.9936
46546 47.9935
46547 47.9939
46548 47.995
46549 47.996
46550 47.9968
46551 47.997
46552 47.9948
46553 47.9922
46554 47.9901
46555 47.9878
46556 47.9853
46557 47.983
46558 47.9811
46559 47.9808
46560 47.9814
46561 47.9825
46562 47.9842
46563 47.986
46564 47.987
46565 47.9874
46566 47.9872
46567 47.9864
46568 47.9846
46569 47.9827
46570 47.9803
46571 47.9782
46572 47.9762
46573 47.976
46574 47.9775
46575 47.9803
46576 47.9829
46577 47.9854
46578 47.988
46579 47.9908
46580 47.9936
46581 47.9951
46582 47.9958
46583 47.997
46584 47.9985
46585 48.0002
46586 48.0024
46587 48.0049
46588 48.0081
46589 48.0117
46590 48.0153
46591 48.018
46592 48.0196
46593 48.0206
46594 48.0215
46595 48.022
46596 48.0223
46597 48.0221
46598 48.022
46599 48.0221
46600 48.0224
46601 48.0241
46602 48.0263
46603 48.0279
46604 48.0294
46605 48.0306
46606 48.032
46607 48.0338
46608 48.0356
46609 48.0361
46610 48.0364
46611 48.0371
46612 48.0387
46613 48.0404
46614 48.0425
46615 48.0451
46616 48.0473
46617 48.0487
46618 48.0482
46619 48.0469
46620 48.0452
46621 48.0436
46622 48.0432
46623 48.0433
46624 48.0438
46625 48.0444
46626 48.0456
46627 48.047
46628 48.0487
46629 48.0501
46630 48.0507
46631 48.051
46632 48.0512
46633 48.0507
46634 48.0492
46635 48.0474
46636 48.0456
46637 48.044
46638 48.0423
46639 48.0413
46640 48.0414
46641 48.0427
46642 48.0448
46643 48.0466
46644 48.0483
46645 48.048
46646 48.0468
46647 48.0447
46648 48.0414
46649 48.038
46650 48.0361
46651 48.0355
46652 48.0354
46653 48.0361
46654 48.0369
46655 48.037
46656 48.0365
46657 48.0357
46658 48.0345
46659 48.0329
46660 48.031
46661 48.029
46662 48.027
46663 48.0253
46664 48.0244
46665 48.0248
46666 48.0264
46667 48.0283
46668 48.0304
46669 48.0327
46670 48.0342
46671 48.0341
46672 48.0326
46673 48.0307
46674 48.0294
46675 48.0286
46676 48.0287
46677 48.0298
46678 48.0321
46679 48.0351
46680 48.0384
46681 48.0408
46682 48.0422
46683 48.0432
46684 48.0432
46685 48.0427
46686 48.0424
46687 48.0416
46688 48.041
46689 48.0414
46690 48.0427
46691 48.0445
46692 48.0463
46693 48.0482
46694 48.0489
46695 48.0491
46696 48.0494
46697 48.0493
46698 48.0493
46699 48.0491
46700 48.0494
46701 48.05
46702 48.0507
46703 48.0507
46704 48.0499
46705 48.0487
46706 48.0478
46707 48.0461
46708 48.0448
46709 48.0447
46710 48.0453
46711 48.046
46712 48.0455
46713 48.0439
46714 48.0425
46715 48.0413
46716 48.04
46717 48.0386
46718 48.0377
46719 48.0374
46720 48.0371
46721 48.0371
46722 48.0363
46723 48.035
46724 48.0336
46725 48.032
46726 48.0304
46727 48.029
46728 48.0283
46729 48.0285
46730 48.0287
46731 48.0285
46732 48.0287
46733 48.0289
46734 48.0284
46735 48.0265
46736 48.0231
46737 48.019
46738 48.015
46739 48.012
46740 48.0097
46741 48.0085
46742 48.0077
46743 48.0077
46744 48.0088
46745 48.0102
46746 48.0107
46747 48.0103
46748 48.0086
46749 48.0067
46750 48.0051
46751 48.003
46752 48.0008
46753 47.9992
46754 47.9983
46755 47.9974
46756 47.9966
46757 47.9971
46758 47.9973
46759 47.998
46760 47.998
46761 47.9983
46762 47.9986
46763 47.9989
46764 47.9992
46765 47.9993
46766 47.9992
46767 47.9989
46768 47.9991
46769 47.9989
46770 47.9983
46771 47.998
46772 47.9983
46773 47.9985
46774 47.9998
46775 48.0014
46776 48.0031
46777 48.0044
46778 48.0052
46779 48.0056
46780 48.0054
46781 48.0048
46782 48.0054
46783 48.0064
46784 48.0079
46785 48.0094
46786 48.0113
46787 48.0134
46788 48.0159
46789 48.0183
46790 48.02
46791 48.0202
46792 48.02
46793 48.0201
46794 48.0205
46795 48.021
46796 48.0212
46797 48.0214
46798 48.0219
46799 48.0216
46800 48.0218
46801 48.0228
46802 48.0235
46803 48.0236
46804 48.0233
46805 48.0223
46806 48.0195
46807 48.0167
46808 48.0144
46809 48.0124
46810 48.0105
46811 48.0086
46812 48.0071
46813 48.0057
46814 48.0039
46815 48.0018
46816 47.9997
46817 47.9978
46818 47.9954
46819 47.9929
46820 47.9906
46821 47.9888
46822 47.987
46823 47.9853
46824 47.9834
46825 47.9813
46826 47.979
46827 47.976
46828 47.9727
46829 47.9702
46830 47.9682
46831 47.9658
46832 47.9633
46833 47.9617
46834 47.9606
46835 47.9598
46836 47.959
46837 47.9579
46838 47.956
46839 47.9537
46840 47.9518
46841 47.951
46842 47.9508
46843 47.9512
46844 47.9522
46845 47.9534
46846 47.9556
46847 47.9582
46848 47.9607
46849 47.9633
46850 47.9662
46851 47.969
46852 47.9719
46853 47.9748
46854 47.9782
46855 47.982
46856 47.9858
46857 47.9892
46858 47.9921
46859 47.9952
46860 47.999
46861 48.0031
46862 48.008
46863 48.0132
46864 48.0179
46865 48.0222
46866 48.0252
46867 48.0274
46868 48.0296
46869 48.032
46870 48.0343
46871 48.0362
46872 48.0385
46873 48.0412
46874 48.0436
46875 48.0471
46876 48.051
46877 48.055
46878 48.0584
46879 48.0606
46880 48.0618
46881 48.0625
46882 48.0627
46883 48.0628
46884 48.0631
46885 48.0636
46886 48.0647
46887 48.0664
46888 48.0684
46889 48.0682
46890 48.0667
46891 48.0644
46892 48.0615
46893 48.057
46894 48.0519
46895 48.0477
46896 48.0443
46897 48.042
46898 48.0399
46899 48.038
46900 48.0365
46901 48.0352
46902 48.0341
46903 48.0325
46904 48.0294
46905 48.0241
46906 48.0187
46907 48.014
46908 48.0087
46909 48.0038
46910 47.9995
46911 47.9959
46912 47.9943
46913 47.9934
46914 47.9929
46915 47.992
46916 47.9897
46917 47.9872
46918 47.9841
46919 47.9818
46920 47.98
46921 47.9783
46922 47.9773
46923 47.9766
46924 47.9763
46925 47.9773
46926 47.9793
46927 47.9817
46928 47.9837
46929 47.9849
46930 47.9854
46931 47.9856
46932 47.9856
46933 47.985
46934 47.984
46935 47.9826
46936 47.982
46937 47.9819
46938 47.9829
46939 47.9842
46940 47.9869
46941 47.9908
46942 47.9944
46943 47.997
46944 47.9986
46945 48
46946 48.0012
46947 48.0027
46948 48.0045
46949 48.0061
46950 48.0077
46951 48.009
46952 48.01
46953 48.011
46954 48.0116
46955 48.0126
46956 48.0143
46957 48.0161
46958 48.0176
46959 48.0186
46960 48.0201
46961 48.0218
46962 48.0233
46963 48.025
46964 48.027
46965 48.0289
46966 48.0311
46967 48.0328
46968 48.0341
46969 48.0351
46970 48.0358
46971 48.0366
46972 48.0367
46973 48.0364
46974 48.0359
46975 48.0355
46976 48.0347
46977 48.0337
46978 48.0329
46979 48.0319
46980 48.0314
46981 48.0318
46982 48.0327
46983 48.0331
46984 48.0325
46985 48.0318
46986 48.0302
46987 48.0283
46988 48.0264
46989 48.0254
46990 48.0251
46991 48.0248
46992 48.0241
46993 48.0228
46994 48.0214
46995 48.0202
46996 48.0193
46997 48.0179
46998 48.0173
46999 48.0173
47000 48.0169
47001 48.0163
47002 48.0157
47003 48.015
47004 48.0145
47005 48.0143
47006 48.0138
47007 48.0125
47008 48.0115
47009 48.0111
47010 48.0113
47011 48.0114
47012 48.011
47013 48.0103
47014 48.009
47015 48.0075
47016 48.0059
47017 48.0046
47018 48.0034
47019 48.0026
47020 48.0023
47021 48.0025
47022 48.0032
47023 48.0044
47024 48.0055
47025 48.0068
47026 48.0078
47027 48.009
47028 48.0105
47029 48.0121
47030 48.0134
47031 48.0139
47032 48.0146
47033 48.0158
47034 48.0175
47035 48.0192
47036 48.0212
47037 48.0231
47038 48.0248
47039 48.0261
47040 48.0286
47041 48.032
47042 48.0347
47043 48.0373
47044 48.0401
47045 48.044
47046 48.0481
47047 48.0518
47048 48.0549
47049 48.0577
47050 48.0606
47051 48.0637
47052 48.0666
47053 48.0691
47054 48.0706
47055 48.0724
47056 48.0743
47057 48.0764
47058 48.0786
47059 48.0807
47060 48.0822
47061 48.0836
47062 48.0843
47063 48.0849
47064 48.0863
47065 48.0883
47066 48.0906
47067 48.0922
47068 48.0926
47069 48.0926
47070 48.0922
47071 48.0918
47072 48.0911
47073 48.0904
47074 48.0899
47075 48.0895
47076 48.0899
47077 48.0905
47078 48.0909
47079 48.0905
47080 48.0895
47081 48.0881
47082 48.0865
47083 48.0849
47084 48.0833
47085 48.0819
47086 48.0807
47087 48.08
47088 48.0792
47089 48.0782
47090 48.0777
47091 48.0776
47092 48.0775
47093 48.0776
47094 48.0767
47095 48.0746
47096 48.0723
47097 48.0695
47098 48.0668
47099 48.0647
47100 48.0641
47101 48.0643
47102 48.0646
47103 48.0645
47104 48.0635
47105 48.0621
47106 48.0609
47107 48.06
47108 48.059
47109 48.0578
47110 48.0564
47111 48.055
47112 48.054
47113 48.054
47114 48.0544
47115 48.0549
47116 48.0557
47117 48.0571
47118 48.0584
47119 48.0589
47120 48.059
47121 48.0591
47122 48.0603
47123 48.0613
47124 48.0623
47125 48.064
47126 48.0657
47127 48.0677
47128 48.0701
47129 48.0725
47130 48.0749
47131 48.0766
47132 48.0783
47133 48.0802
47134 48.0824
47135 48.0848
47136 48.0876
47137 48.0908
47138 48.0942
47139 48.097
47140 48.0988
47141 48.1003
47142 48.1015
47143 48.1028
47144 48.1045
47145 48.1061
47146 48.1078
47147 48.1096
47148 48.1115
47149 48.1141
47150 48.1169
47151 48.1195
47152 48.1209
47153 48.1219
47154 48.1229
47155 48.1244
47156 48.1263
47157 48.1277
47158 48.1289
47159 48.1297
47160 48.1286
47161 48.1274
47162 48.1257
47163 48.125
47164 48.1251
47165 48.1253
47166 48.1253
47167 48.1257
47168 48.1261
47169 48.1271
47170 48.1283
47171 48.1296
47172 48.1307
47173 48.1314
47174 48.1319
47175 48.1322
47176 48.1327
47177 48.1336
47178 48.1347
47179 48.1349
47180 48.1349
47181 48.1349
47182 48.1343
47183 48.1336
47184 48.1336
47185 48.1342
47186 48.1347
47187 48.1354
47188 48.1355
47189 48.135
47190 48.1338
47191 48.1323
47192 48.1311
47193 48.13
47194 48.1292
47195 48.1291
47196 48.1307
47197 48.1331
47198 48.1355
47199 48.1374
47200 48.1391
47201 48.1398
47202 48.1396
47203 48.1388
47204 48.138
47205 48.1377
47206 48.138
47207 48.1394
47208 48.1419
47209 48.1452
47210 48.149
47211 48.1518
47212 48.1539
47213 48.1552
47214 48.1562
47215 48.1574
47216 48.1583
47217 48.1592
47218 48.1605
47219 48.162
47220 48.1647
47221 48.1679
47222 48.1707
47223 48.1723
47224 48.173
47225 48.1732
47226 48.1725
47227 48.1717
47228 48.1718
47229 48.1716
47230 48.1716
47231 48.1717
47232 48.1719
47233 48.1727
47234 48.1744
47235 48.1762
47236 48.1785
47237 48.1796
47238 48.1797
47239 48.1789
47240 48.177
47241 48.1748
47242 48.1725
47243 48.1701
47244 48.169
47245 48.1685
47246 48.1695
47247 48.171
47248 48.1728
47249 48.174
47250 48.175
47251 48.1759
47252 48.1775
47253 48.1792
47254 48.1803
47255 48.1797
47256 48.1788
47257 48.1784
47258 48.1786
47259 48.1798
47260 48.1819
47261 48.1846
47262 48.1875
47263 48.1914
47264 48.1959
47265 48.2002
47266 48.204
47267 48.2078
47268 48.2111
47269 48.214
47270 48.2173
47271 48.2201
47272 48.2229
47273 48.2257
47274 48.2283
47275 48.2312
47276 48.2346
47277 48.2378
47278 48.2406
47279 48.2433
47280 48.2457
47281 48.2478
47282 48.2491
47283 48.2491
47284 48.2492
47285 48.2495
47286 48.2497
47287 48.2502
47288 48.2504
47289 48.2505
47290 48.2509
47291 48.2512
47292 48.2522
47293 48.2529
47294 48.2535
47295 48.2533
47296 48.2526
47297 48.2515
47298 48.2506
47299 48.2498
47300 48.249
47301 48.2483
47302 48.2477
47303 48.2475
47304 48.2478
47305 48.2486
47306 48.2494
47307 48.2505
47308 48.2513
47309 48.251
47310 48.2502
47311 48.2491
47312 48.2479
47313 48.2468
47314 48.2455
47315 48.2451
47316 48.2455
47317 48.2466
47318 48.2478
47319 48.2484
47320 48.2482
47321 48.2472
47322 48.2462
47323 48.2452
47324 48.2442
47325 48.2431
47326 48.2415
47327 48.2402
47328 48.2391
47329 48.2386
47330 48.239
47331 48.24
47332 48.2407
47333 48.2416
47334 48.2425
47335 48.2437
47336 48.2452
47337 48.2459
47338 48.2463
47339 48.2467
47340 48.2471
47341 48.2481
47342 48.2496
47343 48.2513
47344 48.2538
47345 48.2565
47346 48.2582
47347 48.2598
47348 48.2616
47349 48.2637
47350 48.2658
47351 48.2673
47352 48.2683
47353 48.2688
47354 48.2692
47355 48.2708
47356 48.273
47357 48.2756
47358 48.2785
47359 48.2813
47360 48.2838
47361 48.2855
47362 48.287
47363 48.2887
47364 48.2906
47365 48.2927
47366 48.2953
47367 48.2973
47368 48.2983
47369 48.2989
47370 48.2988
47371 48.2984
47372 48.2982
47373 48.2987
47374 48.3003
47375 48.3024
47376 48.3043
47377 48.3064
47378 48.3095
47379 48.3118
47380 48.3129
47381 48.3129
47382 48.3122
47383 48.3105
47384 48.3089
47385 48.3076
47386 48.3062
47387 48.3059
47388 48.3064
47389 48.3078
47390 48.3093
47391 48.3103
47392 48.311
47393 48.3104
47394 48.309
47395 48.3068
47396 48.3037
47397 48.3001
47398 48.297
47399 48.295
47400 48.2946
47401 48.2954
47402 48.2968
47403 48.2985
47404 48.3002
47405 48.3015
47406 48.3015
47407 48.2994
47408 48.2962
47409 48.2931
47410 48.2908
47411 48.2905
47412 48.2908
47413 48.2916
47414 48.2937
47415 48.2961
47416 48.2984
47417 48.2999
47418 48.301
47419 48.3017
47420 48.3025
47421 48.303
47422 48.3039
47423 48.3048
47424 48.3043
47425 48.3042
47426 48.3041
47427 48.3036
47428 48.3032
47429 48.3034
47430 48.3042
47431 48.3056
47432 48.3072
47433 48.3085
47434 48.31
47435 48.3106
47436 48.3105
47437 48.3094
47438 48.3079
47439 48.3064
47440 48.3052
47441 48.3046
47442 48.3047
47443 48.3057
47444 48.3079
47445 48.3102
47446 48.312
47447 48.3131
47448 48.3139
47449 48.3143
47450 48.3143
47451 48.3141
47452 48.3133
47453 48.3125
47454 48.3124
47455 48.313
47456 48.3144
47457 48.3162
47458 48.318
47459 48.3204
47460 48.3225
47461 48.325
47462 48.3277
47463 48.3303
47464 48.3324
47465 48.3341
47466 48.3354
47467 48.3366
47468 48.3374
47469 48.3383
47470 48.3396
47471 48.3419
47472 48.3445
47473 48.3477
47474 48.3508
47475 48.3531
47476 48.355
47477 48.3554
47478 48.355
47479 48.3542
47480 48.3537
47481 48.3539
47482 48.3547
47483 48.3569
47484 48.3602
47485 48.3633
47486 48.3666
47487 48.3705
47488 48.3735
47489 48.375
47490 48.3754
47491 48.375
47492 48.374
47493 48.3734
47494 48.3722
47495 48.3706
47496 48.3693
47497 48.3691
47498 48.3698
47499 48.3712
47500 48.3731
47501 48.3751
47502 48.3766
47503 48.3765
47504 48.3753
47505 48.3728
47506 48.3705
47507 48.3681
47508 48.3658
47509 48.3648
47510 48.3653
47511 48.3669
47512 48.3692
47513 48.3708
47514 48.3713
47515 48.3706
47516 48.3699
47517 48.3692
47518 48.3688
47519 48.3688
47520 48.3696
47521 48.37
47522 48.3695
47523 48.3689
47524 48.3671
47525 48.3655
47526 48.3649
47527 48.3653
47528 48.3659
47529 48.367
47530 48.3683
47531 48.3698
47532 48.3721
47533 48.3743
47534 48.3764
47535 48.3776
47536 48.3776
47537 48.3778
47538 48.3785
47539 48.3797
47540 48.3805
47541 48.3821
47542 48.3841
47543 48.3863
47544 48.3888
47545 48.3916
47546 48.3935
47547 48.3958
47548 48.3986
47549 48.4015
47550 48.4045
47551 48.4076
47552 48.4106
47553 48.4145
47554 48.4189
47555 48.4221
47556 48.4252
47557 48.4285
47558 48.4312
47559 48.434
47560 48.4373
47561 48.4407
47562 48.4438
47563 48.4468
47564 48.4493
47565 48.4516
47566 48.4535
47567 48.4558
47568 48.4585
47569 48.4611
47570 48.4637
47571 48.4651
47572 48.466
47573 48.4668
47574 48.4671
47575 48.4675
47576 48.4683
47577 48.4687
47578 48.4699
47579 48.4717
47580 48.4733
47581 48.4754
47582 48.4766
47583 48.4768
47584 48.4772
47585 48.4783
47586 48.4789
47587 48.4792
47588 48.4797
47589 48.4806
47590 48.4816
47591 48.4814
47592 48.4815
47593 48.482
47594 48.4833
47595 48.4842
47596 48.4851
47597 48.4855
47598 48.4852
47599 48.4842
47600 48.4827
47601 48.4806
47602 48.4784
47603 48.4761
47604 48.4744
47605 48.4736
47606 48.4732
47607 48.4733
47608 48.4737
47609 48.4749
47610 48.4766
47611 48.4781
47612 48.4791
47613 48.4789
47614 48.4779
47615 48.4755
47616 48.4724
47617 48.4705
47618 48.4689
47619 48.4682
47620 48.4683
47621 48.469
47622 48.47
47623 48.4709
47624 48.4721
47625 48.4728
47626 48.4734
47627 48.4739
47628 48.474
47629 48.4739
47630 48.4744
47631 48.4755
47632 48.4771
47633 48.4795
47634 48.4827
47635 48.4866
47636 48.4916
47637 48.4966
47638 48.501
47639 48.5046
47640 48.5082
47641 48.5116
47642 48.5146
47643 48.5172
47644 48.5204
47645 48.5243
47646 48.5293
47647 48.5353
47648 48.5417
47649 48.5486
47650 48.5562
47651 48.5634
47652 48.5694
47653 48.5745
47654 48.5782
47655 48.5811
47656 48.5835
47657 48.5856
47658 48.5879
47659 48.5906
47660 48.5938
47661 48.5975
47662 48.6005
47663 48.6045
47664 48.6094
47665 48.6141
47666 48.6178
47667 48.6206
47668 48.622
47669 48.622
47670 48.6207
47671 48.6198
47672 48.6189
47673 48.6186
47674 48.6191
47675 48.6205
47676 48.6219
47677 48.6232
47678 48.6242
47679 48.625
47680 48.6262
47681 48.6268
47682 48.6254
47683 48.6238
47684 48.6218
47685 48.6198
47686 48.6186
47687 48.6187
47688 48.6199
47689 48.6226
47690 48.6253
47691 48.6275
47692 48.6284
47693 48.6279
47694 48.6266
47695 48.6246
47696 48.6224
47697 48.6203
47698 48.6189
47699 48.6189
47700 48.6201
47701 48.6225
47702 48.6256
47703 48.6294
47704 48.6339
47705 48.6375
47706 48.6403
47707 48.6425
47708 48.6438
47709 48.6445
47710 48.6453
47711 48.6466
47712 48.6488
47713 48.6518
47714 48.656
47715 48.6606
47716 48.6652
47717 48.6697
47718 48.6742
47719 48.6775
47720 48.6806
47721 48.6828
47722 48.6845
47723 48.6863
47724 48.6885
47725 48.6907
47726 48.6938
47727 48.698
47728 48.7022
47729 48.7059
47730 48.7094
47731 48.7123
47732 48.7138
47733 48.7142
47734 48.714
47735 48.7135
47736 48.7134
47737 48.714
47738 48.7159
47739 48.719
47740 48.7229
47741 48.7269
47742 48.7301
47743 48.7323
47744 48.7338
47745 48.734
47746 48.7338
47747 48.7335
47748 48.7339
47749 48.7343
47750 48.7344
47751 48.7346
47752 48.7355
47753 48.736
47754 48.737
47755 48.7379
47756 48.7386
47757 48.7395
47758 48.7408
47759 48.7429
47760 48.7446
47761 48.7458
47762 48.7471
47763 48.7479
47764 48.7494
47765 48.7514
47766 48.7536
47767 48.7556
47768 48.7579
47769 48.7599
47770 48.7615
47771 48.7619
47772 48.7619
47773 48.7609
47774 48.7602
47775 48.7595
47776 48.7585
47777 48.7573
47778 48.7561
47779 48.7549
47780 48.7537
47781 48.7525
47782 48.7514
47783 48.7502
47784 48.7495
47785 48.7496
47786 48.7501
47787 48.7502
47788 48.7506
47789 48.7512
47790 48.7526
47791 48.7544
47792 48.7557
47793 48.7562
47794 48.756
47795 48.7548
47796 48.7531
47797 48.7518
47798 48.7515
47799 48.7516
47800 48.7519
47801 48.7534
47802 48.7551
47803 48.7567
47804 48.758
47805 48.759
47806 48.76
47807 48.7616
47808 48.7632
47809 48.7646
47810 48.7655
47811 48.7671
47812 48.7685
47813 48.7697
47814 48.7719
47815 48.7746
47816 48.7775
47817 48.78
47818 48.7827
47819 48.7853
47820 48.7877
47821 48.7901
47822 48.7924
47823 48.7938
47824 48.7945
47825 48.7956
47826 48.7971
47827 48.7992
47828 48.8018
47829 48.8048
47830 48.8072
47831 48.8096
47832 48.8115
47833 48.8128
47834 48.8138
47835 48.8146
47836 48.8155
47837 48.8166
47838 48.8178
47839 48.8191
47840 48.8211
47841 48.8233
47842 48.8257
47843 48.8283
47844 48.8305
47845 48.8324
47846 48.8342
47847 48.8355
47848 48.836
47849 48.8369
47850 48.8372
47851 48.8371
47852 48.8374
47853 48.8377
47854 48.8379
47855 48.8386
47856 48.8398
47857 48.8408
47858 48.842
47859 48.8438
47860 48.846
47861 48.8481
47862 48.8495
47863 48.8505
47864 48.8506
47865 48.8508
47866 48.8512
47867 48.8515
47868 48.8515
47869 48.8509
47870 48.8508
47871 48.8517
47872 48.8527
47873 48.8537
47874 48.8551
47875 48.8568
47876 48.8594
47877 48.8623
47878 48.8641
47879 48.8648
47880 48.8661
47881 48.8681
47882 48.87
47883 48.8714
47884 48.8729
47885 48.8749
47886 48.8774
47887 48.8794
47888 48.8804
47889 48.8811
47890 48.8804
47891 48.8805
47892 48.8806
47893 48.8813
47894 48.8823
47895 48.884
47896 48.886
47897 48.8881
47898 48.89
47899 48.8917
47900 48.8929
47901 48.8944
47902 48.8959
47903 48.8977
47904 48.8996
47905 48.9011
47906 48.903
47907 48.905
47908 48.9073
47909 48.9097
47910 48.9121
47911 48.9142
47912 48.9161
47913 48.9173
47914 48.9175
47915 48.9171
47916 48.9165
47917 48.9163
47918 48.9172
47919 48.919
47920 48.9215
47921 48.9251
47922 48.929
47923 48.9328
47924 48.9361
47925 48.9392
47926 48.9417
47927 48.9434
47928 48.9447
47929 48.9458
47930 48.9462
47931 48.9472
47932 48.9491
47933 48.9517
47934 48.9554
47935 48.9596
47936 48.9639
47937 48.9672
47938 48.9698
47939 48.9723
47940 48.9747
47941 48.9769
47942 48.9788
47943 48.98
47944 48.981
47945 48.9822
47946 48.9833
47947 48.9846
47948 48.985
47949 48.985
47950 48.9845
47951 48.9838
47952 48.9829
47953 48.982
47954 48.9808
47955 48.9795
47956 48.9784
47957 48.9783
47958 48.9787
47959 48.9793
47960 48.9802
47961 48.9805
47962 48.9806
47963 48.9803
47964 48.9794
47965 48.9783
47966 48.9771
47967 48.976
47968 48.9751
47969 48.9746
47970 48.9752
47971 48.9765
47972 48.9783
47973 48.9797
47974 48.9805
47975 48.9809
47976 48.9807
47977 48.9809
47978 48.982
47979 48.9835
47980 48.9852
47981 48.9868
47982 48.9888
47983 48.9908
47984 48.9923
47985 48.9941
47986 48.996
47987 48.9976
47988 48.9993
47989 49.0016
47990 49.0037
47991 49.0051
47992 49.0058
47993 49.007
47994 49.0088
47995 49.011
47996 49.0143
47997 49.0181
47998 49.022
47999 49.0254
48000 49.0287
48001 49.0316
48002 49.0339
48003 49.0354
48004 49.0363
48005 49.0371
48006 49.0382
48007 49.0395
48008 49.0412
48009 49.0435
48010 49.0464
48011 49.0495
48012 49.053
48013 49.0564
48014 49.0592
48015 49.0616
48016 49.0637
48017 49.0653
48018 49.0668
48019 49.0685
48020 49.0703
48021 49.0729
48022 49.0758
48023 49.0793
48024 49.0834
48025 49.0879
48026 49.0925
48027 49.0969
48028 49.1008
48029 49.1041
48030 49.1064
48031 49.1084
48032 49.1101
48033 49.1124
48034 49.1149
48035 49.1175
48036 49.1203
48037 49.1229
48038 49.1245
48039 49.1265
48040 49.1293
48041 49.1325
48042 49.1355
48043 49.1386
48044 49.1415
48045 49.1443
48046 49.1467
48047 49.1491
48048 49.1517
48049 49.1544
48050 49.1571
48051 49.159
48052 49.1605
48053 49.1622
48054 49.1648
48055 49.1678
48056 49.1709
48057 49.1743
48058 49.1776
48059 49.1809
48060 49.1836
48061 49.1856
48062 49.1871
48063 49.1885
48064 49.1903
48065 49.1929
48066 49.1961
48067 49.2001
48068 49.2045
48069 49.209
48070 49.213
48071 49.2164
48072 49.2193
48073 49.2219
48074 49.2242
48075 49.2266
48076 49.229
48077 49.2314
48078 49.2344
48079 49.2379
48080 49.2416
48081 49.2453
48082 49.2491
48083 49.2522
48084 49.254
48085 49.2559
48086 49.2574
48087 49.2589
48088 49.2607
48089 49.2625
48090 49.265
48091 49.2668
48092 49.2676
48093 49.267
48094 49.2663
48095 49.2652
48096 49.2642
48097 49.2639
48098 49.264
48099 49.2649
48100 49.2653
48101 49.2656
48102 49.265
48103 49.2639
48104 49.2626
48105 49.2605
48106 49.2577
48107 49.2544
48108 49.2514
48109 49.2485
48110 49.2461
48111 49.2441
48112 49.2426
48113 49.2417
48114 49.2406
48115 49.2395
48116 49.2383
48117 49.2367
48118 49.2348
48119 49.2332
48120 49.2311
48121 49.2289
48122 49.2266
48123 49.2252
48124 49.2245
48125 49.2248
48126 49.2264
48127 49.2284
48128 49.2308
48129 49.2334
48130 49.2352
48131 49.2361
48132 49.237
48133 49.2381
48134 49.2387
48135 49.2396
48136 49.2406
48137 49.2425
48138 49.2451
48139 49.2487
48140 49.2527
48141 49.2568
48142 49.2603
48143 49.2634
48144 49.2661
48145 49.2682
48146 49.2697
48147 49.2712
48148 49.273
48149 49.2747
48150 49.277
48151 49.2804
48152 49.2841
48153 49.2887
48154 49.2931
48155 49.2972
48156 49.3003
48157 49.3026
48158 49.3038
48159 49.3041
48160 49.3044
48161 49.3049
48162 49.306
48163 49.3077
48164 49.3105
48165 49.314
48166 49.3178
48167 49.3213
48168 49.3246
48169 49.327
48170 49.3287
48171 49.3298
48172 49.3294
48173 49.329
48174 49.3287
48175 49.3292
48176 49.3301
48177 49.3319
48178 49.3343
48179 49.3372
48180 49.3407
48181 49.3443
48182 49.3473
48183 49.3493
48184 49.35
48185 49.3502
48186 49.3503
48187 49.3504
48188 49.351
48189 49.3512
48190 49.3516
48191 49.3527
48192 49.3545
48193 49.3565
48194 49.3579
48195 49.3588
48196 49.3594
48197 49.3593
48198 49.359
48199 49.3584
48200 49.3583
48201 49.3584
48202 49.3582
48203 49.3583
48204 49.359
48205 49.3604
48206 49.3626
48207 49.3645
48208 49.3665
48209 49.3679
48210 49.3689
48211 49.3696
48212 49.3707
48213 49.372
48214 49.3737
48215 49.3755
48216 49.3773
48217 49.3795
48218 49.3821
48219 49.3848
48220 49.3873
48221 49.3899
48222 49.3926
48223 49.3949
48224 49.397
48225 49.3992
48226 49.4015
48227 49.4043
48228 49.4079
48229 49.412
48230 49.4161
48231 49.4196
48232 49.4226
48233 49.4256
48234 49.4289
48235 49.4325
48236 49.4367
48237 49.4406
48238 49.444
48239 49.4474
48240 49.4514
48241 49.455
48242 49.4588
48243 49.4626
48244 49.4666
48245 49.4704
48246 49.4737
48247 49.4762
48248 49.4784
48249 49.4804
48250 49.4832
48251 49.4867
48252 49.4904
48253 49.4946
48254 49.4991
48255 49.5041
48256 49.5082
48257 49.511
48258 49.513
48259 49.514
48260 49.514
48261 49.514
48262 49.5144
48263 49.5153
48264 49.5169
48265 49.5195
48266 49.5224
48267 49.5249
48268 49.5267
48269 49.5283
48270 49.5299
48271 49.5312
48272 49.5319
48273 49.5324
48274 49.5328
48275 49.5332
48276 49.5336
48277 49.535
48278 49.5366
48279 49.5388
48280 49.5417
48281 49.5444
48282 49.5457
48283 49.5465
48284 49.5468
48285 49.5468
48286 49.5462
48287 49.5454
48288 49.5451
48289 49.5452
48290 49.5455
48291 49.5468
48292 49.5481
48293 49.5501
48294 49.5522
48295 49.5541
48296 49.5557
48297 49.5568
48298 49.5576
48299 49.5579
48300 49.558
48301 49.5586
48302 49.5591
48303 49.5595
48304 49.5602
48305 49.5613
48306 49.5618
48307 49.5623
48308 49.563
48309 49.5636
48310 49.5643
48311 49.5648
48312 49.5652
48313 49.5656
48314 49.5663
48315 49.5671
48316 49.5671
48317 49.5665
48318 49.5658
48319 49.5652
48320 49.565
48321 49.5653
48322 49.5659
48323 49.5661
48324 49.5664
48325 49.567
48326 49.5676
48327 49.568
48328 49.5684
48329 49.5684
48330 49.5688
48331 49.5693
48332 49.5698
48333 49.57
48334 49.57
48335 49.5707
48336 49.5725
48337 49.5746
48338 49.5771
48339 49.5795
48340 49.5819
48341 49.5838
48342 49.5849
48343 49.5855
48344 49.5865
48345 49.5879
48346 49.5899
48347 49.5926
48348 49.5962
48349 49.6003
48350 49.6049
48351 49.6094
48352 49.6132
48353 49.6163
48354 49.6182
48355 49.6195
48356 49.6211
48357 49.6232
48358 49.6257
48359 49.6288
48360 49.6319
48361 49.6348
48362 49.6379
48363 49.6412
48364 49.6444
48365 49.6475
48366 49.6511
48367 49.6547
48368 49.6587
48369 49.6626
48370 49.666
48371 49.6685
48372 49.6707
48373 49.6737
48374 49.677
48375 49.6801
48376 49.6828
48377 49.685
48378 49.6874
48379 49.6899
48380 49.6925
48381 49.6944
48382 49.6961
48383 49.6985
48384 49.7016
48385 49.7047
48386 49.7079
48387 49.7116
48388 49.7159
48389 49.7198
48390 49.7229
48391 49.7254
48392 49.7271
48393 49.7291
48394 49.731
48395 49.7339
48396 49.7375
48397 49.7414
48398 49.7447
48399 49.7473
48400 49.7496
48401 49.7518
48402 49.7536
48403 49.7552
48404 49.7568
48405 49.7584
48406 49.7605
48407 49.7634
48408 49.7665
48409 49.7699
48410 49.7734
48411 49.7772
48412 49.7809
48413 49.784
48414 49.7863
48415 49.7873
48416 49.7878
48417 49.7877
48418 49.788
48419 49.7887
48420 49.7899
48421 49.7925
48422 49.795
48423 49.797
48424 49.7986
48425 49.8001
48426 49.8015
48427 49.8021
48428 49.8019
48429 49.8019
48430 49.802
48431 49.8029
48432 49.8042
48433 49.805
48434 49.8053
48435 49.8058
48436 49.8063
48437 49.8072
48438 49.8078
48439 49.8084
48440 49.8086
48441 49.8086
48442 49.8076
48443 49.8059
48444 49.8042
48445 49.8026
48446 49.8012
48447 49.8002
48448 49.799
48449 49.7985
48450 49.7982
48451 49.798
48452 49.7983
48453 49.799
48454 49.7993
48455 49.7996
48456 49.8002
48457 49.8006
48458 49.8014
48459 49.8025
48460 49.8033
48461 49.8038
48462 49.8045
48463 49.8046
48464 49.8048
48465 49.805
48466 49.8057
48467 49.8068
48468 49.8084
48469 49.8102
48470 49.8113
48471 49.8123
48472 49.8132
48473 49.8136
48474 49.8136
48475 49.813
48476 49.8121
48477 49.8116
48478 49.8114
48479 49.8117
48480 49.8124
48481 49.8133
48482 49.8141
48483 49.8147
48484 49.8154
48485 49.8167
48486 49.8182
48487 49.8203
48488 49.8227
48489 49.8252
48490 49.8279
48491 49.8308
48492 49.8333
48493 49.8362
48494 49.8391
48495 49.8419
48496 49.8447
48497 49.8483
48498 49.8525
48499 49.8573
48500 49.8623
48501 49.8672
48502 49.8717
48503 49.8757
48504 49.8789
48505 49.8809
48506 49.8824
48507 49.8838
48508 49.8858
48509 49.8889
48510 49.8926
48511 49.8966
48512 49.9008
48513 49.9056
48514 49.9101
48515 49.913
48516 49.9156
48517 49.9175
48518 49.919
48519 49.9198
48520 49.9203
48521 49.9207
48522 49.9219
48523 49.9235
48524 49.9261
48525 49.929
48526 49.9315
48527 49.9328
48528 49.933
48529 49.9322
48530 49.931
48531 49.9301
48532 49.9296
48533 49.9288
48534 49.9278
48535 49.9268
48536 49.9266
48537 49.9268
48538 49.9277
48539 49.9295
48540 49.9315
48541 49.9339
48542 49.9364
48543 49.938
48544 49.9388
48545 49.9395
48546 49.9402
48547 49.9412
48548 49.9428
48549 49.9448
48550 49.947
48551 49.9492
48552 49.9521
48553 49.9548
48554 49.9562
48555 49.9571
48556 49.9578
48557 49.9587
48558 49.9595
48559 49.9606
48560 49.9618
48561 49.9632
48562 49.9651
48563 49.9672
48564 49.9692
48565 49.9715
48566 49.9741
48567 49.977
48568 49.9799
48569 49.9816
48570 49.9828
48571 49.9836
48572 49.9848
48573 49.9866
48574 49.9883
48575 49.9898
48576 49.9914
48577 49.9931
48578 49.9953
48579 49.9975
48580 49.9995
48581 50.001
48582 50.0023
48583 50.0033
48584 50.0044
48585 50.0052
48586 50.0062
48587 50.0072
48588 50.0085
48589 50.0098
48590 50.011
48591 50.0114
48592 50.0111
48593 50.0104
48594 50.0099
48595 50.01
48596 50.011
48597 50.0129
48598 50.0157
48599 50.0189
48600 50.0216
48601 50.0239
48602 50.0256
48603 50.027
48604 50.0281
48605 50.0282
48606 50.0276
48607 50.0271
48608 50.0276
48609 50.0293
48610 50.0311
48611 50.0333
48612 50.0352
48613 50.0365
48614 50.0374
48615 50.0372
48616 50.0364
48617 50.0359
48618 50.0363
48619 50.0377
48620 50.0395
48621 50.0415
48622 50.044
48623 50.0458
48624 50.0465
48625 50.0467
48626 50.0462
48627 50.0455
48628 50.0446
48629 50.0438
48630 50.0427
48631 50.0421
48632 50.0417
48633 50.0416
48634 50.0421
48635 50.0429
48636 50.0444
48637 50.0461
48638 50.0481
48639 50.0505
48640 50.0532
48641 50.0555
48642 50.0572
48643 50.059
48644 50.0612
48645 50.0638
48646 50.0665
48647 50.0694
48648 50.0717
48649 50.0744
48650 50.077
48651 50.0797
48652 50.0821
48653 50.0843
48654 50.086
48655 50.0881
48656 50.0907
48657 50.094
48658 50.0982
48659 50.1032
48660 50.109
48661 50.1147
48662 50.1199
48663 50.1245
48664 50.1287
48665 50.1332
48666 50.1373
48667 50.1412
48668 50.1453
48669 50.1498
48670 50.1544
48671 50.1591
48672 50.1636
48673 50.1681
48674 50.1721
48675 50.175
48676 50.1779
48677 50.1808
48678 50.1833
48679 50.1858
48680 50.1883
48681 50.1912
48682 50.1945
48683 50.198
48684 50.2013
48685 50.2031
48686 50.2042
48687 50.2049
48688 50.2055
48689 50.2062
48690 50.2068
48691 50.2071
48692 50.208
48693 50.2086
48694 50.2095
48695 50.2102
48696 50.2113
48697 50.2123
48698 50.2123
48699 50.2109
48700 50.2084
48701 50.2055
48702 50.2025
48703 50.1995
48704 50.1973
48705 50.1951
48706 50.1933
48707 50.1922
48708 50.1915
48709 50.1905
48710 50.1897
48711 50.1883
48712 50.1867
48713 50.1849
48714 50.1823
48715 50.18
48716 50.178
48717 50.1765
48718 50.1757
48719 50.1749
48720 50.1743
48721 50.1741
48722 50.1736
48723 50.1734
48724 50.1738
48725 50.1746
48726 50.1751
48727 50.1752
48728 50.1753
48729 50.1752
48730 50.1752
48731 50.1754
48732 50.1759
48733 50.1772
48734 50.1787
48735 50.1809
48736 50.1835
48737 50.1864
48738 50.1894
48739 50.1917
48740 50.1931
48741 50.1945
48742 50.1949
48743 50.195
48744 50.1955
48745 50.1964
48746 50.1976
48747 50.1996
48748 50.202
48749 50.2043
48750 50.206
48751 50.2079
48752 50.2102
48753 50.2128
48754 50.2148
48755 50.2166
48756 50.217
48757 50.2168
48758 50.2164
48759 50.2166
48760 50.2176
48761 50.2199
48762 50.2228
48763 50.2254
48764 50.2282
48765 50.2309
48766 50.234
48767 50.2368
48768 50.2388
48769 50.2401
48770 50.241
48771 50.2418
48772 50.2437
48773 50.2457
48774 50.2478
48775 50.2508
48776 50.2545
48777 50.2586
48778 50.2631
48779 50.2669
48780 50.2701
48781 50.2721
48782 50.2734
48783 50.2741
48784 50.2748
48785 50.2761
48786 50.2783
48787 50.2812
48788 50.2842
48789 50.2877
48790 50.2911
48791 50.2943
48792 50.297
48793 50.2994
48794 50.3014
48795 50.3032
48796 50.305
48797 50.3071
48798 50.3102
48799 50.3141
48800 50.3185
48801 50.323
48802 50.3265
48803 50.3294
48804 50.3319
48805 50.3343
48806 50.337
48807 50.339
48808 50.3405
48809 50.3417
48810 50.3425
48811 50.3429
48812 50.3438
48813 50.3454
48814 50.3483
48815 50.3521
48816 50.3558
48817 50.3596
48818 50.3631
48819 50.3656
48820 50.3669
48821 50.3678
48822 50.3683
48823 50.3684
48824 50.368
48825 50.3677
48826 50.3677
48827 50.3684
48828 50.3697
48829 50.3711
48830 50.3723
48831 50.3735
48832 50.3746
48833 50.3754
48834 50.3756
48835 50.3755
48836 50.3757
48837 50.3765
48838 50.3778
48839 50.3796
48840 50.3816
48841 50.3837
48842 50.3857
48843 50.3878
48844 50.3898
48845 50.3913
48846 50.3922
48847 50.3922
48848 50.3916
48849 50.3913
48850 50.3916
48851 50.3924
48852 50.3931
48853 50.3943
48854 50.396
48855 50.3981
48856 50.4006
48857 50.4038
48858 50.4067
48859 50.4092
48860 50.4114
48861 50.4133
48862 50.4151
48863 50.4167
48864 50.4186
48865 50.42
48866 50.4208
48867 50.4216
48868 50.4225
48869 50.4232
48870 50.4245
48871 50.4251
48872 50.4253
48873 50.4254
48874 50.426
48875 50.4268
48876 50.4283
48877 50.4298
48878 50.4315
48879 50.4332
48880 50.4348
48881 50.4363
48882 50.4379
48883 50.439
48884 50.4391
48885 50.4388
48886 50.4381
48887 50.4369
48888 50.4361
48889 50.4355
48890 50.4347
48891 50.4345
48892 50.4355
48893 50.4365
48894 50.4374
48895 50.4383
48896 50.44
48897 50.442
48898 50.4443
48899 50.4463
48900 50.4469
48901 50.4456
48902 50.4439
48903 50.4418
48904 50.4395
48905 50.4379
48906 50.4369
48907 50.4376
48908 50.4391
48909 50.4411
48910 50.444
48911 50.4472
48912 50.45
48913 50.4517
48914 50.4522
48915 50.4517
48916 50.4517
48917 50.4523
48918 50.4535
48919 50.455
48920 50.4571
48921 50.4599
48922 50.4631
48923 50.4672
48924 50.4723
48925 50.4781
48926 50.4833
48927 50.4878
48928 50.4916
48929 50.4939
48930 50.4947
48931 50.495
48932 50.4963
48933 50.4983
48934 50.5007
48935 50.5047
48936 50.5099
48937 50.5159
48938 50.5225
48939 50.5293
48940 50.5349
48941 50.5393
48942 50.5422
48943 50.5438
48944 50.5444
48945 50.5451
48946 50.5465
48947 50.5493
48948 50.5525
48949 50.5558
48950 50.5591
48951 50.562
48952 50.5647
48953 50.567
48954 50.5692
48955 50.5724
48956 50.5756
48957 50.5796
48958 50.5843
48959 50.5896
48960 50.5947
48961 50.5982
48962 50.6009
48963 50.6032
48964 50.6049
48965 50.6064
48966 50.6078
48967 50.6092
48968 50.6117
48969 50.615
48970 50.6191
48971 50.6229
48972 50.6261
48973 50.6301
48974 50.6343
48975 50.6386
48976 50.6426
48977 50.6458
48978 50.6486
48979 50.6509
48980 50.6531
48981 50.655
48982 50.6573
48983 50.6607
48984 50.6651
48985 50.6699
48986 50.6749
48987 50.6796
48988 50.6837
48989 50.6862
48990 50.6879
48991 50.6897
48992 50.6915
48993 50.6935
48994 50.6956
48995 50.6983
48996 50.7011
48997 50.7039
48998 50.707
48999 50.7103
49000 50.7134
49001 50.7158
49002 50.7179
49003 50.7196
49004 50.7211
49005 50.7222
49006 50.7228
49007 50.7234
49008 50.724
49009 50.7242
49010 50.7242
49011 50.7251
49012 50.7262
49013 50.7278
49014 50.7288
49015 50.7302
49016 50.7314
49017 50.7317
49018 50.7321
49019 50.7321
49020 50.7315
49021 50.7311
49022 50.7308
49023 50.7308
49024 50.7311
49025 50.732
49026 50.7328
49027 50.7341
49028 50.7353
49029 50.7362
49030 50.7371
49031 50.7383
49032 50.7396
49033 50.7412
49034 50.7432
49035 50.7452
49036 50.7475
49037 50.75
49038 50.7521
49039 50.7539
49040 50.7559
49041 50.7584
49042 50.7615
49043 50.7647
49044 50.7678
49045 50.7697
49046 50.7713
49047 50.773
49048 50.7761
49049 50.7798
49050 50.7835
49051 50.7872
49052 50.7907
49053 50.7944
49054 50.7981
49055 50.8013
49056 50.8044
49057 50.8075
49058 50.811
49059 50.8145
49060 50.818
49061 50.8219
49062 50.8263
49063 50.8311
49064 50.8348
49065 50.8377
49066 50.8398
49067 50.8413
49068 50.8429
49069 50.8448
49070 50.8472
49071 50.85
49072 50.8528
49073 50.8554
49074 50.8581
49075 50.8612
49076 50.8637
49077 50.8657
49078 50.868
49079 50.8706
49080 50.8721
49081 50.8725
49082 50.8734
49083 50.8734
49084 50.8731
49085 50.8728
49086 50.8721
49087 50.871
49088 50.8702
49089 50.8701
49090 50.8693
49091 50.8682
49092 50.8667
49093 50.8658
49094 50.8655
49095 50.8652
49096 50.8645
49097 50.8635
49098 50.8622
49099 50.8613
49100 50.8613
49101 50.8618
49102 50.8629
49103 50.8644
49104 50.8655
49105 50.866
49106 50.8659
49107 50.8647
49108 50.8629
49109 50.8611
49110 50.8592
49111 50.8579
49112 50.8579
49113 50.8583
49114 50.8593
49115 50.8605
49116 50.8622
49117 50.8639
49118 50.8659
49119 50.8677
49120 50.8691
49121 50.871
49122 50.8734
49123 50.8753
49124 50.8769
49125 50.8784
49126 50.8796
49127 50.8808
49128 50.8818
49129 50.8829
49130 50.8845
49131 50.8875
49132 50.8912
49133 50.8956
49134 50.9008
49135 50.9056
49136 50.9103
49137 50.9147
49138 50.9193
49139 50.9242
49140 50.9294
49141 50.9333
49142 50.9367
49143 50.9401
49144 50.944
49145 50.9483
49146 50.9532
49147 50.9581
49148 50.9626
49149 50.967
49150 50.9711
49151 50.9746
49152 50.977
49153 50.9789
49154 50.9806
49155 50.9816
49156 50.9824
49157 50.9838
49158 50.9859
49159 50.9884
49160 50.9914
49161 50.9945
49162 50.9973
49163 51.0003
49164 51.0032
49165 51.0055
49166 51.0074
49167 51.0086
49168 51.0092
49169 51.0098
49170 51.0102
49171 51.0098
49172 51.0085
49173 51.0066
49174 51.0043
49175 51.0018
49176 51
49177 50.9994
49178 50.9999
49179 51.0012
49180 51.0028
49181 51.0041
49182 51.0045
49183 51.0037
49184 51.0022
49185 50.9997
49186 50.9971
49187 50.9942
49188 50.9916
49189 50.9896
49190 50.9885
49191 50.9879
49192 50.9873
49193 50.9869
49194 50.9869
49195 50.9876
49196 50.9879
49197 50.9874
49198 50.9864
49199 50.9854
49200 50.9854
49201 50.9852
49202 50.9853
49203 50.9856
49204 50.9864
49205 50.9876
49206 50.9897
49207 50.9925
49208 50.9958
49209 50.9989
49210 51.0019
49211 51.005
49212 51.0073
49213 51.0093
49214 51.0115
49215 51.0147
49216 51.0191
49217 51.0244
49218 51.0299
49219 51.0356
49220 51.0412
49221 51.046
49222 51.0505
49223 51.0543
49224 51.0584
49225 51.0626
49226 51.0663
49227 51.0704
49228 51.0748
49229 51.0799
49230 51.0861
49231 51.0929
49232 51.1005
49233 51.108
49234 51.1151
49235 51.122
49236 51.1284
49237 51.1348
49238 51.1404
49239 51.145
49240 51.1495
49241 51.1541
49242 51.1585
49243 51.1624
49244 51.166
49245 51.1699
49246 51.1736
49247 51.1771
49248 51.1799
49249 51.1822
49250 51.1839
49251 51.1852
49252 51.1859
49253 51.1867
49254 51.1878
49255 51.1891
49256 51.1911
49257 51.1928
49258 51.1947
49259 51.197
49260 51.199
49261 51.2005
49262 51.2016
49263 51.2028
49264 51.2037
49265 51.2038
49266 51.2034
49267 51.2029
49268 51.2028
49269 51.2031
49270 51.2043
49271 51.2061
49272 51.2086
49273 51.211
49274 51.2131
49275 51.215
49276 51.2164
49277 51.2175
49278 51.2183
49279 51.2194
49280 51.2202
49281 51.2207
49282 51.2216
49283 51.2227
49284 51.2244
49285 51.2259
49286 51.2272
49287 51.2282
49288 51.2291
49289 51.2303
49290 51.2317
49291 51.233
49292 51.2346
49293 51.2363
49294 51.2377
49295 51.2394
49296 51.2411
49297 51.243
49298 51.2447
49299 51.2466
49300 51.2489
49301 51.2515
49302 51.2547
49303 51.2579
49304 51.2612
49305 51.2649
49306 51.2689
49307 51.2736
49308 51.279
49309 51.2845
49310 51.2897
49311 51.2942
49312 51.2986
49313 51.3028
49314 51.3064
49315 51.3091
49316 51.3121
49317 51.3159
49318 51.3205
49319 51.3257
49320 51.3312
49321 51.3359
49322 51.34
49323 51.3435
49324 51.3461
49325 51.3482
49326 51.3501
49327 51.3519
49328 51.3532
49329 51.3549
49330 51.357
49331 51.3595
49332 51.3622
49333 51.3647
49334 51.3662
49335 51.3683
49336 51.3705
49337 51.3724
49338 51.3741
49339 51.3759
49340 51.3778
49341 51.3794
49342 51.38
49343 51.3804
49344 51.3809
49345 51.3812
49346 51.3821
49347 51.3833
49348 51.3845
49349 51.3859
49350 51.3874
49351 51.3881
49352 51.3896
49353 51.3907
49354 51.3925
49355 51.3941
49356 51.3959
49357 51.3974
49358 51.399
49359 51.3997
49360 51.3996
49361 51.3991
49362 51.3989
49363 51.3987
49364 51.3988
49365 51.3991
49366 51.3995
49367 51.4003
49368 51.4014
49369 51.403
49370 51.4051
49371 51.4075
49372 51.4096
49373 51.4112
49374 51.4127
49375 51.4129
49376 51.4131
49377 51.4137
49378 51.4152
49379 51.4167
49380 51.4189
49381 51.4216
49382 51.4245
49383 51.4275
49384 51.4301
49385 51.4319
49386 51.4336
49387 51.4351
49388 51.4363
49389 51.4378
49390 51.44
49391 51.4427
49392 51.445
49393 51.4472
49394 51.4498
49395 51.4526
49396 51.4553
49397 51.4582
49398 51.4612
49399 51.4635
49400 51.4659
49401 51.4682
49402 51.4704
49403 51.4732
49404 51.476
49405 51.4785
49406 51.4809
49407 51.4834
49408 51.4861
49409 51.4889
49410 51.4915
49411 51.4945
49412 51.4974
49413 51.5003
49414 51.5025
49415 51.5042
49416 51.5061
49417 51.5076
49418 51.5087
49419 51.5092
49420 51.5097
49421 51.5101
49422 51.511
49423 51.5126
49424 51.5155
49425 51.5192
49426 51.524
49427 51.5292
49428 51.5344
49429 51.5386
49430 51.5421
49431 51.5442
49432 51.5451
49433 51.5453
49434 51.5448
49435 51.5442
49436 51.5442
49437 51.5451
49438 51.5472
49439 51.5498
49440 51.5528
49441 51.5558
49442 51.5587
49443 51.5615
49444 51.5643
49445 51.5667
49446 51.5686
49447 51.5696
49448 51.5703
49449 51.5703
49450 51.5702
49451 51.5705
49452 51.5716
49453 51.5735
49454 51.5758
49455 51.5775
49456 51.5787
49457 51.5797
49458 51.5802
49459 51.5796
49460 51.5785
49461 51.5777
49462 51.5776
49463 51.5782
49464 51.5798
49465 51.581
49466 51.5823
49467 51.5838
49468 51.5848
49469 51.5858
49470 51.5868
49471 51.5874
49472 51.5879
49473 51.5891
49474 51.5906
49475 51.5926
49476 51.5947
49477 51.5969
49478 51.5996
49479 51.602
49480 51.6029
49481 51.6028
49482 51.6026
49483 51.603
49484 51.6035
49485 51.6044
49486 51.6058
49487 51.6082
49488 51.6116
49489 51.6152
49490 51.6197
49491 51.6253
49492 51.6299
49493 51.6332
49494 51.6361
49495 51.638
49496 51.6391
49497 51.6406
49498 51.643
49499 51.6466
49500 51.6512
49501 51.6563
49502 51.6617
49503 51.6671
49504 51.6726
49505 51.6783
49506 51.6832
49507 51.6875
49508 51.6913
49509 51.6947
49510 51.6978
49511 51.7009
49512 51.7035
49513 51.7061
49514 51.709
49515 51.7121
49516 51.7154
49517 51.7189
49518 51.7226
49519 51.7268
49520 51.7305
49521 51.734
49522 51.7367
49523 51.74
49524 51.7436
49525 51.7472
49526 51.7504
49527 51.753
49528 51.7557
49529 51.7581
49530 51.7602
49531 51.7619
49532 51.7631
49533 51.7638
49534 51.7644
49535 51.7655
49536 51.7667
49537 51.768
49538 51.7697
49539 51.7714
49540 51.7721
49541 51.7726
49542 51.7727
49543 51.7728
49544 51.7735
49545 51.7743
49546 51.7752
49547 51.7761
49548 51.7769
49549 51.778
49550 51.7792
49551 51.7806
49552 51.7823
49553 51.7841
49554 51.7861
49555 51.7885
49556 51.7909
49557 51.7926
49558 51.7939
49559 51.7955
49560 51.7979
49561 51.8004
49562 51.8026
49563 51.8051
49564 51.8077
49565 51.8103
49566 51.8133
49567 51.8163
49568 51.8194
49569 51.8222
49570 51.8254
49571 51.8289
49572 51.8326
49573 51.8358
49574 51.8393
49575 51.8429
49576 51.8461
49577 51.8487
49578 51.8514
49579 51.8542
49580 51.8577
49581 51.8616
49582 51.8655
49583 51.8693
49584 51.8731
49585 51.8767
49586 51.8803
49587 51.8835
49588 51.8862
49589 51.8883
49590 51.8906
49591 51.8936
49592 51.8969
49593 51.9
49594 51.9031
49595 51.9063
49596 51.9096
49597 51.9127
49598 51.9152
49599 51.9162
49600 51.9164
49601 51.9167
49602 51.917
49603 51.9177
49604 51.9191
49605 51.9204
49606 51.9214
49607 51.9221
49608 51.9229
49609 51.9239
49610 51.9248
49611 51.9255
49612 51.9256
49613 51.9249
49614 51.924
49615 51.9232
49616 51.9224
49617 51.9219
49618 51.9215
49619 51.9209
49620 51.9203
49621 51.9202
49622 51.9207
49623 51.9211
49624 51.9216
49625 51.9221
49626 51.9226
49627 51.923
49628 51.9232
49629 51.9231
49630 51.923
49631 51.9234
49632 51.9243
49633 51.9259
49634 51.9284
49635 51.931
49636 51.9336
49637 51.9366
49638 51.9399
49639 51.943
49640 51.9462
49641 51.9495
49642 51.952
49643 51.954
49644 51.956
49645 51.9581
49646 51.9604
49647 51.9628
49648 51.9651
49649 51.9673
49650 51.9692
49651 51.9705
49652 51.9713
49653 51.9724
49654 51.9736
49655 51.9749
49656 51.9762
49657 51.9773
49658 51.9781
49659 51.9795
49660 51.9811
49661 51.9829
49662 51.9843
49663 51.9849
49664 51.9848
49665 51.9847
49666 51.985
49667 51.9857
49668 51.9867
49669 51.988
49670 51.9891
49671 51.9904
49672 51.9921
49673 51.9936
49674 51.9944
49675 51.9946
49676 51.9946
49677 51.9944
49678 51.9943
49679 51.9945
49680 51.9951
49681 51.9957
49682 51.9963
49683 51.9969
49684 51.9985
49685 52.0007
49686 52.0029
49687 52.0054
49688 52.0075
49689 52.0091
49690 52.0106
49691 52.011
49692 52.0116
49693 52.0117
49694 52.0123
49695 52.0134
49696 52.0151
49697 52.0173
49698 52.0198
49699 52.0225
49700 52.025
49701 52.0274
49702 52.0293
49703 52.0304
49704 52.0319
49705 52.034
49706 52.0364
49707 52.0395
49708 52.0427
49709 52.0467
49710 52.0506
49711 52.0542
49712 52.0573
49713 52.0603
49714 52.0626
49715 52.064
49716 52.0648
49717 52.0662
49718 52.0685
49719 52.0715
49720 52.0748
49721 52.0782
49722 52.0815
49723 52.0844
49724 52.0867
49725 52.0885
49726 52.0903
49727 52.0927
49728 52.0951
49729 52.0976
49730 52.1002
49731 52.1023
49732 52.1043
49733 52.1059
49734 52.1071
49735 52.1084
49736 52.1098
49737 52.1107
49738 52.1121
49739 52.1138
49740 52.1157
49741 52.1171
49742 52.1177
49743 52.1173
49744 52.117
49745 52.1168
49746 52.1171
49747 52.1171
49748 52.117
49749 52.1169
49750 52.1174
49751 52.1181
49752 52.1191
49753 52.1195
49754 52.1188
49755 52.1177
49756 52.1162
49757 52.114
49758 52.1119
49759 52.1104
49760 52.109
49761 52.108
49762 52.1076
49763 52.108
49764 52.1087
49765 52.1095
49766 52.1102
49767 52.1113
49768 52.1124
49769 52.1135
49770 52.1141
49771 52.1139
49772 52.1131
49773 52.1121
49774 52.1116
49775 52.1116
49776 52.1121
49777 52.1134
49778 52.1155
49779 52.1186
49780 52.1222
49781 52.1258
49782 52.1286
49783 52.1305
49784 52.1317
49785 52.1323
49786 52.133
49787 52.1344
49788 52.1367
49789 52.14
49790 52.1436
49791 52.1474
49792 52.1512
49793 52.1549
49794 52.1574
49795 52.159
49796 52.1601
49797 52.1614
49798 52.1626
49799 52.1638
49800 52.1652
49801 52.167
49802 52.1689
49803 52.1708
49804 52.1724
49805 52.1736
49806 52.1748
49807 52.1764
49808 52.1784
49809 52.1811
49810 52.1841
49811 52.1871
49812 52.19
49813 52.1927
49814 52.1946
49815 52.1962
49816 52.1977
49817 52.199
49818 52.2
49819 52.2008
49820 52.2014
49821 52.2019
49822 52.203
49823 52.2042
49824 52.2057
49825 52.2077
49826 52.2095
49827 52.2114
49828 52.2127
49829 52.2132
49830 52.2137
49831 52.2144
49832 52.2146
49833 52.2146
49834 52.2141
49835 52.2134
49836 52.2129
49837 52.2128
49838 52.2127
49839 52.2124
49840 52.2127
49841 52.2136
49842 52.214
49843 52.2138
49844 52.2135
49845 52.2127
49846 52.2118
49847 52.2109
49848 52.2103
49849 52.21
49850 52.209
49851 52.2075
49852 52.2053
49853 52.2038
49854 52.203
49855 52.2023
49856 52.2018
49857 52.2019
49858 52.2027
49859 52.2039
49860 52.2052
49861 52.2055
49862 52.2051
49863 52.2043
49864 52.2032
49865 52.2022
49866 52.2017
49867 52.2018
49868 52.2033
49869 52.206
49870 52.2093
49871 52.2119
49872 52.2142
49873 52.2155
49874 52.2162
49875 52.2171
49876 52.2181
49877 52.2192
49878 52.2204
49879 52.2226
49880 52.2252
49881 52.2282
49882 52.2307
49883 52.233
49884 52.2357
49885 52.2377
49886 52.2393
49887 52.241
49888 52.2428
49889 52.2447
49890 52.2468
49891 52.249
49892 52.2522
49893 52.2559
49894 52.2597
49895 52.2631
49896 52.2665
49897 52.2689
49898 52.2711
49899 52.2731
49900 52.2755
49901 52.2779
49902 52.281
49903 52.285
49904 52.2902
49905 52.2964
49906 52.3032
49907 52.3094
49908 52.3145
49909 52.3186
49910 52.3223
49911 52.3253
49912 52.3278
49913 52.3298
49914 52.3316
49915 52.3339
49916 52.3366
49917 52.3396
49918 52.3426
49919 52.3461
49920 52.3497
49921 52.3534
49922 52.3574
49923 52.3613
49924 52.3646
49925 52.3676
49926 52.3701
49927 52.3726
49928 52.3755
49929 52.3784
49930 52.3816
49931 52.3843
49932 52.3865
49933 52.3876
49934 52.3874
49935 52.3873
49936 52.3873
49937 52.388
49938 52.3889
49939 52.3897
49940 52.3904
49941 52.3916
49942 52.3938
49943 52.3965
49944 52.399
49945 52.4011
49946 52.4024
49947 52.4032
49948 52.4043
49949 52.4054
49950 52.4065
49951 52.407
49952 52.4067
49953 52.4065
49954 52.4063
49955 52.4061
49956 52.4056
49957 52.4051
49958 52.4055
49959 52.4058
49960 52.4065
49961 52.408
49962 52.4091
49963 52.4095
49964 52.4095
49965 52.4093
49966 52.4085
49967 52.4078
49968 52.4072
49969 52.4071
49970 52.4069
49971 52.4071
49972 52.4078
49973 52.4077
49974 52.4075
49975 52.4069
49976 52.407
49977 52.4076
49978 52.4079
49979 52.4084
49980 52.4092
49981 52.4101
49982 52.4112
49983 52.4123
49984 52.4136
49985 52.4154
49986 52.4178
49987 52.4203
49988 52.4225
49989 52.4251
49990 52.4277
49991 52.4299
49992 52.4317
49993 52.4344
49994 52.437
49995 52.4405
49996 52.4447
49997 52.4491
49998 52.4538
49999 52.4584
50000 52.4624
