1 0.00129486
2 0.00264168
3 0.00405761
4 0.00553705
5 0.00706606
6 0.00866786
7 0.0103407
8 0.0120827
9 0.0138833
10 0.0157495
11 0.0176793
12 0.0196707
13 0.0217217
14 0.0238302
15 0.0260008
16 0.0282251
17 0.0304896
18 0.0328038
19 0.0351433
20 0.0375286
21 0.0399578
22 0.0424291
23 0.0449405
24 0.0474904
25 0.0500768
26 0.0526982
27 0.0553608
28 0.0580549
29 0.0607789
30 0.0635312
31 0.0663102
32 0.0691145
33 0.0719489
34 0.0748058
35 0.0776836
36 0.0805813
37 0.0835022
38 0.0864403
39 0.0893945
40 0.0923639
41 0.0953358
42 0.0983209
43 0.101318
44 0.104327
45 0.107353
46 0.110389
47 0.113434
48 0.116486
49 0.119545
50 0.122611
51 0.125692
52 0.128779
53 0.13187
54 0.134965
55 0.138053
56 0.141143
57 0.144237
58 0.147341
59 0.150436
60 0.153532
61 0.15663
62 0.159729
63 0.162818
64 0.165908
65 0.168999
66 0.17209
67 0.175182
68 0.178274
69 0.181359
70 0.184432
71 0.187494
72 0.190555
73 0.193625
74 0.196699
75 0.199782
76 0.202865
77 0.205958
78 0.20905
79 0.212141
80 0.215231
81 0.218321
82 0.22142
83 0.224519
84 0.227616
85 0.230721
86 0.233825
87 0.236928
88 0.24003
89 0.243132
90 0.246232
91 0.249332
92 0.252431
93 0.255522
94 0.258613
95 0.261702
96 0.264791
97 0.267878
98 0.270965
99 0.27405
100 0.277134
101 0.280218
102 0.2833
103 0.286381
104 0.289462
105 0.292541
106 0.29561
107 0.298679
108 0.301749
109 0.304807
110 0.307864
111 0.31092
112 0.313975
113 0.317017
114 0.32006
115 0.323102
116 0.326132
117 0.329162
118 0.33219
119 0.335218
120 0.338245
121 0.341271
122 0.344295
123 0.347319
124 0.350341
125 0.353363
126 0.356383
127 0.359402
128 0.36242
129 0.365448
130 0.368473
131 0.371497
132 0.37452
133 0.377542
134 0.380558
135 0.383574
136 0.386588
137 0.389601
138 0.392613
139 0.395624
140 0.398634
141 0.401643
142 0.404651
143 0.40766
144 0.410663
145 0.413665
146 0.416666
147 0.419666
148 0.422665
149 0.425662
150 0.428659
151 0.431654
152 0.434636
153 0.437617
154 0.440596
155 0.443574
156 0.446545
157 0.449515
158 0.452483
159 0.45545
160 0.458415
161 0.461379
162 0.464341
163 0.467303
164 0.470275
165 0.473245
166 0.476211
167 0.479175
168 0.482138
169 0.485099
170 0.488054
171 0.491008
172 0.49396
173 0.496912
174 0.499862
175 0.502812
176 0.50576
177 0.508708
178 0.51165
179 0.514591
180 0.517531
181 0.52047
182 0.523408
183 0.526345
184 0.529281
185 0.532217
186 0.535152
187 0.538086
188 0.54102
189 0.543952
190 0.546885
191 0.549824
192 0.552762
193 0.5557
194 0.558638
195 0.561575
196 0.564512
197 0.567449
198 0.570386
199 0.573322
200 0.576258
201 0.579194
202 0.582129
203 0.585065
204 0.588
205 0.590935
206 0.593869
207 0.596803
208 0.599736
209 0.602673
210 0.60561
211 0.608547
212 0.611483
213 0.614419
214 0.617355
215 0.62029
216 0.623225
217 0.62616
218 0.629095
219 0.632029
220 0.634964
221 0.637898
222 0.640831
223 0.643765
224 0.646705
225 0.649643
226 0.652581
227 0.655519
228 0.658456
229 0.661393
230 0.66433
231 0.667266
232 0.670202
233 0.673137
234 0.676072
235 0.679006
236 0.68194
237 0.684874
238 0.687807
239 0.690739
240 0.693671
241 0.696603
242 0.699533
243 0.702464
244 0.705394
245 0.708323
246 0.711252
247 0.714181
248 0.717115
249 0.720052
250 0.722989
251 0.725925
252 0.728862
253 0.731798
254 0.734734
255 0.73767
256 0.740606
257 0.743542
258 0.746478
259 0.749416
260 0.752355
261 0.755294
262 0.758233
263 0.761172
264 0.76411
265 0.767048
266 0.769986
267 0.772923
268 0.775861
269 0.778798
270 0.781734
271 0.784671
272 0.787607
273 0.790538
274 0.793469
275 0.7964
276 0.799329
277 0.802259
278 0.805187
279 0.808115
280 0.811042
281 0.813967
282 0.816893
283 0.819817
284 0.82274
285 0.825663
286 0.828585
287 0.831506
288 0.834431
289 0.837355
290 0.840279
291 0.843203
292 0.846124
293 0.849045
294 0.851965
295 0.854885
296 0.857804
297 0.860722
298 0.86364
299 0.866557
300 0.869475
301 0.872391
302 0.875307
303 0.878223
304 0.881138
305 0.884052
306 0.886958
307 0.889862
308 0.892765
309 0.895668
310 0.898571
311 0.901473
312 0.904363
313 0.907253
314 0.910143
315 0.913033
316 0.915922
317 0.91881
318 0.921699
319 0.924587
320 0.927475
321 0.930356
322 0.933237
323 0.936118
324 0.939
325 0.941881
326 0.944762
327 0.947636
328 0.950509
329 0.953383
330 0.956256
331 0.959129
332 0.962002
333 0.964875
334 0.967748
335 0.970621
336 0.973494
337 0.976366
338 0.979232
339 0.982098
340 0.984963
341 0.987827
342 0.990691
343 0.993555
344 0.996417
345 0.99928
346 1.00215
347 1.00503
348 1.0079
349 1.01077
350 1.01364
351 1.01651
352 1.01938
353 1.02225
354 1.02512
355 1.02798
356 1.03085
357 1.03372
358 1.03658
359 1.03945
360 1.04231
361 1.04517
362 1.04803
363 1.05089
364 1.05375
365 1.05661
366 1.05946
367 1.06231
368 1.06516
369 1.06801
370 1.07085
371 1.0737
372 1.07655
373 1.07939
374 1.08224
375 1.08507
376 1.08791
377 1.09074
378 1.09358
379 1.09641
380 1.09925
381 1.10208
382 1.10492
383 1.10776
384 1.1106
385 1.11344
386 1.11628
387 1.11911
388 1.12195
389 1.12479
390 1.12762
391 1.13046
392 1.1333
393 1.13615
394 1.13898
395 1.14182
396 1.14466
397 1.1475
398 1.15034
399 1.15318
400 1.15601
401 1.15885
402 1.16168
403 1.16452
404 1.16736
405 1.17019
406 1.17303
407 1.17586
408 1.1787
409 1.18153
410 1.18437
411 1.1872
412 1.19003
413 1.19287
414 1.1957
415 1.19853
416 1.20135
417 1.20417
418 1.207
419 1.20981
420 1.21262
421 1.21543
422 1.21824
423 1.22104
424 1.22384
425 1.22664
426 1.22944
427 1.23224
428 1.23504
429 1.23785
430 1.24066
431 1.24347
432 1.2463
433 1.24912
434 1.25194
435 1.25476
436 1.25759
437 1.26041
438 1.26324
439 1.26606
440 1.26889
441 1.27171
442 1.27454
443 1.27736
444 1.28019
445 1.28301
446 1.28585
447 1.28868
448 1.29151
449 1.29435
450 1.29718
451 1.30001
452 1.30284
453 1.30568
454 1.30851
455 1.31134
456 1.31416
457 1.31698
458 1.3198
459 1.32262
460 1.32544
461 1.32826
462 1.33107
463 1.33389
464 1.33671
465 1.33953
466 1.34235
467 1.34516
468 1.34798
469 1.35079
470 1.35361
471 1.35642
472 1.35925
473 1.36207
474 1.3649
475 1.36773
476 1.37055
477 1.37338
478 1.3762
479 1.37902
480 1.38184
481 1.38466
482 1.38748
483 1.3903
484 1.39311
485 1.39593
486 1.39875
487 1.40156
488 1.40438
489 1.40718
490 1.40999
491 1.4128
492 1.4156
493 1.41841
494 1.4212
495 1.424
496 1.4268
497 1.42959
498 1.43238
499 1.43518
500 1.43796
501 1.44075
502 1.44353
503 1.44632
504 1.4491
505 1.45188
506 1.45466
507 1.45744
508 1.46022
509 1.463
510 1.46578
511 1.46856
512 1.47133
513 1.47411
514 1.47689
515 1.47966
516 1.48244
517 1.48522
518 1.488
519 1.49078
520 1.49356
521 1.49634
522 1.49912
523 1.5019
524 1.50467
525 1.50743
526 1.51019
527 1.51296
528 1.51573
529 1.51851
530 1.52129
531 1.52407
532 1.52685
533 1.52963
534 1.53241
535 1.53518
536 1.53796
537 1.54074
538 1.5435
539 1.54626
540 1.54903
541 1.55179
542 1.55455
543 1.55731
544 1.56007
545 1.56283
546 1.56559
547 1.56835
548 1.57111
549 1.57387
550 1.57663
551 1.57939
552 1.58214
553 1.5849
554 1.58766
555 1.59042
556 1.59317
557 1.59593
558 1.59868
559 1.60144
560 1.60419
561 1.60694
562 1.60969
563 1.61244
564 1.61519
565 1.61794
566 1.62069
567 1.62344
568 1.62618
569 1.62893
570 1.63167
571 1.63441
572 1.63715
573 1.63989
574 1.64262
575 1.64536
576 1.64809
577 1.65083
578 1.65356
579 1.65629
580 1.65901
581 1.66174
582 1.66447
583 1.66719
584 1.66991
585 1.67262
586 1.67534
587 1.67805
588 1.68076
589 1.68347
590 1.68618
591 1.68889
592 1.69161
593 1.69433
594 1.69704
595 1.69976
596 1.70247
597 1.70519
598 1.7079
599 1.71061
600 1.71332
601 1.71604
602 1.71875
603 1.72147
604 1.72418
605 1.7269
606 1.72961
607 1.73232
608 1.73503
609 1.73774
610 1.74045
611 1.74316
612 1.74587
613 1.74858
614 1.75129
615 1.754
616 1.75671
617 1.75941
618 1.76212
619 1.76482
620 1.76752
621 1.77022
622 1.77291
623 1.77561
624 1.77831
625 1.78101
626 1.78371
627 1.7864
628 1.7891
629 1.7918
630 1.7945
631 1.7972
632 1.7999
633 1.8026
634 1.80531
635 1.80801
636 1.81071
637 1.81342
638 1.81614
639 1.81885
640 1.82157
641 1.82429
642 1.82701
643 1.82973
644 1.83246
645 1.83518
646 1.8379
647 1.84063
648 1.84336
649 1.84609
650 1.84881
651 1.85154
652 1.85427
653 1.85701
654 1.85974
655 1.86247
656 1.8652
657 1.86794
658 1.87067
659 1.87341
660 1.87614
661 1.87888
662 1.88161
663 1.88435
664 1.88709
665 1.88983
666 1.89256
667 1.8953
668 1.89804
669 1.90077
670 1.90351
671 1.90624
672 1.90898
673 1.91171
674 1.91445
675 1.91718
676 1.91992
677 1.92265
678 1.92539
679 1.92813
680 1.93086
681 1.9336
682 1.93634
683 1.93907
684 1.94181
685 1.94455
686 1.94728
687 1.95002
688 1.95277
689 1.95551
690 1.95826
691 1.96101
692 1.96376
693 1.96651
694 1.96925
695 1.972
696 1.97475
697 1.9775
698 1.98025
699 1.983
700 1.98575
701 1.9885
702 1.99125
703 1.994
704 1.99676
705 1.99951
706 2.00226
707 2.00501
708 2.00777
709 2.01052
710 2.01329
711 2.01605
712 2.01881
713 2.02156
714 2.02431
715 2.02706
716 2.02982
717 2.03257
718 2.03533
719 2.03808
720 2.04084
721 2.04359
722 2.04635
723 2.04911
724 2.05186
725 2.05462
726 2.05737
727 2.06013
728 2.06289
729 2.06564
730 2.0684
731 2.07116
732 2.07392
733 2.07667
734 2.07943
735 2.08219
736 2.08495
737 2.0877
738 2.09046
739 2.09323
740 2.09599
741 2.09876
742 2.10153
743 2.10429
744 2.10705
745 2.10981
746 2.11257
747 2.11533
748 2.11809
749 2.12085
750 2.12361
751 2.12637
752 2.12913
753 2.13189
754 2.13465
755 2.13741
756 2.14017
757 2.14293
758 2.14569
759 2.14845
760 2.15122
761 2.15398
762 2.15674
763 2.1595
764 2.16226
765 2.16502
766 2.16778
767 2.17053
768 2.17328
769 2.17602
770 2.17877
771 2.18151
772 2.18426
773 2.187
774 2.18975
775 2.19249
776 2.19524
777 2.19798
778 2.20072
779 2.20346
780 2.20621
781 2.20895
782 2.21169
783 2.21443
784 2.21717
785 2.21991
786 2.22265
787 2.22539
788 2.22813
789 2.23087
790 2.23361
791 2.23635
792 2.23909
793 2.24183
794 2.24457
795 2.24731
796 2.25005
797 2.25279
798 2.25553
799 2.25827
800 2.26101
801 2.26375
802 2.26649
803 2.26923
804 2.27197
805 2.27471
806 2.27745
807 2.28018
808 2.28292
809 2.28566
810 2.2884
811 2.29113
812 2.29387
813 2.2966
814 2.29934
815 2.30207
816 2.30481
817 2.30754
818 2.31027
819 2.31299
820 2.31572
821 2.31844
822 2.32117
823 2.3239
824 2.32662
825 2.32935
826 2.33207
827 2.3348
828 2.33752
829 2.34024
830 2.34297
831 2.34568
832 2.34839
833 2.35111
834 2.35382
835 2.35653
836 2.35925
837 2.36196
838 2.36467
839 2.36738
840 2.37009
841 2.3728
842 2.37552
843 2.37823
844 2.38093
845 2.38364
846 2.38635
847 2.38906
848 2.39177
849 2.39448
850 2.39718
851 2.39988
852 2.40259
853 2.40529
854 2.40799
855 2.41069
856 2.41339
857 2.41609
858 2.41879
859 2.4215
860 2.4242
861 2.4269
862 2.4296
863 2.4323
864 2.435
865 2.43771
866 2.44041
867 2.44311
868 2.44581
869 2.44851
870 2.45121
871 2.45391
872 2.45662
873 2.45932
874 2.46202
875 2.46472
876 2.46742
877 2.47013
878 2.47283
879 2.47554
880 2.47825
881 2.48095
882 2.48366
883 2.48637
884 2.48908
885 2.49178
886 2.49449
887 2.4972
888 2.49991
889 2.50262
890 2.50532
891 2.50803
892 2.51074
893 2.51345
894 2.51616
895 2.51887
896 2.52158
897 2.52429
898 2.527
899 2.52971
900 2.53241
901 2.53512
902 2.53783
903 2.54054
904 2.54325
905 2.54596
906 2.54868
907 2.55139
908 2.5541
909 2.55681
910 2.55951
911 2.56222
912 2.56493
913 2.56765
914 2.57037
915 2.57309
916 2.57581
917 2.57852
918 2.58124
919 2.58396
920 2.58668
921 2.5894
922 2.59211
923 2.59483
924 2.59755
925 2.60027
926 2.60299
927 2.6057
928 2.60842
929 2.61114
930 2.61386
931 2.61658
932 2.6193
933 2.62201
934 2.62471
935 2.62742
936 2.63013
937 2.63284
938 2.63555
939 2.63826
940 2.64096
941 2.64367
942 2.64638
943 2.6491
944 2.65181
945 2.65452
946 2.65723
947 2.65994
948 2.66266
949 2.66537
950 2.66808
951 2.67079
952 2.67351
953 2.67622
954 2.67893
955 2.68164
956 2.68436
957 2.68707
958 2.68978
959 2.69249
960 2.6952
961 2.69791
962 2.70063
963 2.70334
964 2.70605
965 2.70876
966 2.71147
967 2.71418
968 2.71689
969 2.7196
970 2.7223
971 2.72501
972 2.72772
973 2.73043
974 2.73313
975 2.73584
976 2.73854
977 2.74124
978 2.74395
979 2.74665
980 2.74935
981 2.75205
982 2.75475
983 2.75745
984 2.76015
985 2.76284
986 2.76554
987 2.76824
988 2.77093
989 2.77362
990 2.77632
991 2.77901
992 2.7817
993 2.78439
994 2.78708
995 2.78977
996 2.79246
997 2.79515
998 2.79784
999 2.80053
1000 2.80322
1001 2.80591
1002 2.80859
1003 2.81128
1004 2.81397
1005 2.81665
1006 2.81934
1007 2.82202
1008 2.82471
1009 2.82739
1010 2.83007
1011 2.83276
1012 2.83544
1013 2.83812
1014 2.8408
1015 2.84348
1016 2.84616
1017 2.84885
1018 2.85153
1019 2.85422
1020 2.8569
1021 2.85958
1022 2.86226
1023 2.86494
1024 2.86762
1025 2.8703
1026 2.87297
1027 2.87565
1028 2.87833
1029 2.881
1030 2.88368
1031 2.88635
1032 2.88903
1033 2.8917
1034 2.89437
1035 2.89705
1036 2.89972
1037 2.90239
1038 2.90507
1039 2.90774
1040 2.91041
1041 2.91309
1042 2.91576
1043 2.91843
1044 2.92111
1045 2.92378
1046 2.92646
1047 2.92912
1048 2.93179
1049 2.93447
1050 2.93714
1051 2.93982
1052 2.94249
1053 2.94517
1054 2.94785
1055 2.95052
1056 2.9532
1057 2.95588
1058 2.95855
1059 2.96123
1060 2.96391
1061 2.96659
1062 2.96927
1063 2.97195
1064 2.97463
1065 2.97731
1066 2.98
1067 2.98268
1068 2.98536
1069 2.98805
1070 2.99073
1071 2.99342
1072 2.99611
1073 2.99879
1074 3.00148
1075 3.00417
1076 3.00686
1077 3.00955
1078 3.01224
1079 3.01492
1080 3.01761
1081 3.0203
1082 3.02299
1083 3.02568
1084 3.02837
1085 3.03106
1086 3.03375
1087 3.03644
1088 3.03914
1089 3.04183
1090 3.04453
1091 3.04723
1092 3.04992
1093 3.05262
1094 3.05531
1095 3.05801
1096 3.0607
1097 3.0634
1098 3.0661
1099 3.0688
1100 3.0715
1101 3.0742
1102 3.0769
1103 3.0796
1104 3.0823
1105 3.08499
1106 3.08769
1107 3.09039
1108 3.09309
1109 3.09579
1110 3.09848
1111 3.10117
1112 3.10385
1113 3.10654
1114 3.10922
1115 3.11191
1116 3.11459
1117 3.11728
1118 3.11996
1119 3.12264
1120 3.12533
1121 3.12801
1122 3.13069
1123 3.13337
1124 3.13605
1125 3.13873
1126 3.14141
1127 3.14409
1128 3.14676
1129 3.14943
1130 3.1521
1131 3.15477
1132 3.15743
1133 3.1601
1134 3.16277
1135 3.16543
1136 3.1681
1137 3.17076
1138 3.17343
1139 3.17609
1140 3.17876
1141 3.18142
1142 3.18408
1143 3.18675
1144 3.18942
1145 3.19208
1146 3.19475
1147 3.19742
1148 3.20009
1149 3.20276
1150 3.20543
1151 3.20809
1152 3.21076
1153 3.21343
1154 3.2161
1155 3.21877
1156 3.22144
1157 3.22411
1158 3.22678
1159 3.22945
1160 3.23212
1161 3.2348
1162 3.23747
1163 3.24014
1164 3.24281
1165 3.24549
1166 3.24816
1167 3.25084
1168 3.25351
1169 3.25619
1170 3.25887
1171 3.26155
1172 3.26423
1173 3.26691
1174 3.26959
1175 3.27227
1176 3.27495
1177 3.27763
1178 3.28032
1179 3.283
1180 3.28569
1181 3.28837
1182 3.29106
1183 3.29374
1184 3.29643
1185 3.29912
1186 3.30181
1187 3.3045
1188 3.30718
1189 3.30987
1190 3.31256
1191 3.31525
1192 3.31794
1193 3.32063
1194 3.32331
1195 3.32601
1196 3.32871
1197 3.33141
1198 3.33411
1199 3.3368
1200 3.3395
1201 3.3422
1202 3.34489
1203 3.34759
1204 3.35029
1205 3.35298
1206 3.35568
1207 3.35838
1208 3.36107
1209 3.36377
1210 3.36647
1211 3.36916
1212 3.37186
1213 3.37455
1214 3.37725
1215 3.37995
1216 3.38265
1217 3.38536
1218 3.38807
1219 3.39078
1220 3.39348
1221 3.39619
1222 3.3989
1223 3.4016
1224 3.40431
1225 3.40702
1226 3.40972
1227 3.41243
1228 3.41514
1229 3.41785
1230 3.42055
1231 3.42326
1232 3.42597
1233 3.42867
1234 3.43138
1235 3.43409
1236 3.4368
1237 3.43951
1238 3.44222
1239 3.44492
1240 3.44763
1241 3.45034
1242 3.45305
1243 3.45576
1244 3.45847
1245 3.46118
1246 3.46389
1247 3.4666
1248 3.46931
1249 3.47202
1250 3.47474
1251 3.47745
1252 3.48016
1253 3.48287
1254 3.48558
1255 3.4883
1256 3.49101
1257 3.49372
1258 3.49643
1259 3.49916
1260 3.50188
1261 3.5046
1262 3.50732
1263 3.51003
1264 3.51275
1265 3.51546
1266 3.51817
1267 3.52088
1268 3.52359
1269 3.52631
1270 3.52902
1271 3.53173
1272 3.53444
1273 3.53715
1274 3.53986
1275 3.54257
1276 3.54528
1277 3.548
1278 3.55071
1279 3.55342
1280 3.55613
1281 3.55884
1282 3.56155
1283 3.56426
1284 3.56697
1285 3.56968
1286 3.57239
1287 3.5751
1288 3.5778
1289 3.58051
1290 3.58322
1291 3.58593
1292 3.58864
1293 3.59135
1294 3.59405
1295 3.59675
1296 3.59944
1297 3.60214
1298 3.60483
1299 3.60753
1300 3.61023
1301 3.61292
1302 3.61562
1303 3.61831
1304 3.62101
1305 3.6237
1306 3.6264
1307 3.62909
1308 3.63179
1309 3.63448
1310 3.63718
1311 3.63988
1312 3.64257
1313 3.64527
1314 3.64797
1315 3.65066
1316 3.65336
1317 3.65606
1318 3.65876
1319 3.66146
1320 3.66416
1321 3.66686
1322 3.66956
1323 3.67226
1324 3.67496
1325 3.67766
1326 3.68036
1327 3.68306
1328 3.68577
1329 3.68847
1330 3.69117
1331 3.69388
1332 3.69658
1333 3.69929
1334 3.70199
1335 3.7047
1336 3.7074
1337 3.71011
1338 3.71282
1339 3.71552
1340 3.71823
1341 3.72094
1342 3.72364
1343 3.72635
1344 3.72906
1345 3.73176
1346 3.73447
1347 3.73718
1348 3.73989
1349 3.74259
1350 3.7453
1351 3.74801
1352 3.75072
1353 3.75342
1354 3.75613
1355 3.75884
1356 3.76154
1357 3.76425
1358 3.76696
1359 3.76966
1360 3.77237
1361 3.77507
1362 3.77778
1363 3.78048
1364 3.78319
1365 3.78589
1366 3.7886
1367 3.79131
1368 3.79401
1369 3.79672
1370 3.79943
1371 3.80213
1372 3.80484
1373 3.80755
1374 3.81026
1375 3.81296
1376 3.81567
1377 3.81838
1378 3.82109
1379 3.82379
1380 3.8265
1381 3.82921
1382 3.83192
1383 3.83463
1384 3.83733
1385 3.84004
1386 3.84275
1387 3.84546
1388 3.84817
1389 3.85087
1390 3.85358
1391 3.85629
1392 3.859
1393 3.86171
1394 3.86442
1395 3.86712
1396 3.86983
1397 3.87254
1398 3.87525
1399 3.87796
1400 3.88067
1401 3.88337
1402 3.88608
1403 3.88879
1404 3.8915
1405 3.89421
1406 3.89691
1407 3.89962
1408 3.90233
1409 3.90504
1410 3.90775
1411 3.91046
1412 3.91317
1413 3.91587
1414 3.91858
1415 3.92129
1416 3.924
1417 3.92671
1418 3.92942
1419 3.93212
1420 3.93483
1421 3.93754
1422 3.94025
1423 3.94296
1424 3.94567
1425 3.94838
1426 3.95109
1427 3.9538
1428 3.95651
1429 3.95922
1430 3.96193
1431 3.96464
1432 3.96735
1433 3.97006
1434 3.97278
1435 3.97549
1436 3.9782
1437 3.98091
1438 3.98363
1439 3.98633
1440 3.98904
1441 3.99174
1442 3.99445
1443 3.99715
1444 3.99986
1445 4.00257
1446 4.00527
1447 4.00798
1448 4.01068
1449 4.01339
1450 4.0161
1451 4.0188
1452 4.02151
1453 4.02421
1454 4.02691
1455 4.02962
1456 4.03232
1457 4.03502
1458 4.03772
1459 4.04043
1460 4.04313
1461 4.04583
1462 4.04852
1463 4.05123
1464 4.05394
1465 4.05665
1466 4.05936
1467 4.06206
1468 4.06477
1469 4.06747
1470 4.07017
1471 4.07288
1472 4.07558
1473 4.07828
1474 4.08098
1475 4.08368
1476 4.08638
1477 4.08908
1478 4.09178
1479 4.09448
1480 4.09718
1481 4.09988
1482 4.10258
1483 4.10529
1484 4.10799
1485 4.11069
1486 4.1134
1487 4.1161
1488 4.1188
1489 4.12151
1490 4.12421
1491 4.12691
1492 4.12961
1493 4.13231
1494 4.13501
1495 4.13771
1496 4.14041
1497 4.14311
1498 4.14581
1499 4.14851
1500 4.15121
1501 4.15391
1502 4.1566
1503 4.1593
1504 4.162
1505 4.1647
1506 4.1674
1507 4.17009
1508 4.17279
1509 4.17547
1510 4.17816
1511 4.18084
1512 4.18352
1513 4.18621
1514 4.18889
1515 4.19157
1516 4.19425
1517 4.19693
1518 4.19961
1519 4.20229
1520 4.20496
1521 4.20764
1522 4.21031
1523 4.21299
1524 4.21566
1525 4.21833
1526 4.22101
1527 4.22368
1528 4.22635
1529 4.22902
1530 4.23169
1531 4.23436
1532 4.23702
1533 4.23969
1534 4.24236
1535 4.24502
1536 4.24768
1537 4.25034
1538 4.253
1539 4.25566
1540 4.25832
1541 4.26098
1542 4.26364
1543 4.26629
1544 4.26895
1545 4.27161
1546 4.27427
1547 4.27692
1548 4.27958
1549 4.28224
1550 4.2849
1551 4.28755
1552 4.29021
1553 4.29287
1554 4.29552
1555 4.29818
1556 4.30084
1557 4.3035
1558 4.30615
1559 4.30881
1560 4.31147
1561 4.31413
1562 4.31678
1563 4.31944
1564 4.3221
1565 4.32476
1566 4.32741
1567 4.33007
1568 4.33273
1569 4.33539
1570 4.33804
1571 4.3407
1572 4.34336
1573 4.34602
1574 4.34867
1575 4.35133
1576 4.35399
1577 4.35665
1578 4.35931
1579 4.36197
1580 4.36463
1581 4.36729
1582 4.36995
1583 4.37262
1584 4.37528
1585 4.37795
1586 4.38061
1587 4.38327
1588 4.38594
1589 4.38861
1590 4.39127
1591 4.39394
1592 4.39661
1593 4.39928
1594 4.40194
1595 4.40461
1596 4.40729
1597 4.40997
1598 4.41265
1599 4.41533
1600 4.41802
1601 4.4207
1602 4.42338
1603 4.42606
1604 4.42874
1605 4.43142
1606 4.43411
1607 4.4368
1608 4.4395
1609 4.4422
1610 4.4449
1611 4.4476
1612 4.4503
1613 4.453
1614 4.4557
1615 4.4584
1616 4.46109
1617 4.46379
1618 4.46649
1619 4.46918
1620 4.47188
1621 4.47458
1622 4.47728
1623 4.47998
1624 4.48268
1625 4.48538
1626 4.48808
1627 4.49078
1628 4.49348
1629 4.49618
1630 4.49888
1631 4.50158
1632 4.50429
1633 4.50699
1634 4.50969
1635 4.5124
1636 4.5151
1637 4.5178
1638 4.52051
1639 4.52321
1640 4.52592
1641 4.52862
1642 4.53133
1643 4.53403
1644 4.53673
1645 4.53944
1646 4.54214
1647 4.54485
1648 4.54755
1649 4.55026
1650 4.55296
1651 4.55566
1652 4.55837
1653 4.56107
1654 4.56377
1655 4.56647
1656 4.56918
1657 4.57188
1658 4.57458
1659 4.57728
1660 4.57998
1661 4.58268
1662 4.58538
1663 4.58808
1664 4.59078
1665 4.59348
1666 4.59618
1667 4.59888
1668 4.60158
1669 4.60427
1670 4.60697
1671 4.60967
1672 4.61237
1673 4.61506
1674 4.61776
1675 4.62045
1676 4.62315
1677 4.62584
1678 4.62854
1679 4.63123
1680 4.63393
1681 4.63662
1682 4.63932
1683 4.64201
1684 4.64471
1685 4.6474
1686 4.6501
1687 4.6528
1688 4.65551
1689 4.65821
1690 4.66092
1691 4.66362
1692 4.66633
1693 4.66904
1694 4.67174
1695 4.67445
1696 4.67716
1697 4.67986
1698 4.68257
1699 4.68528
1700 4.68798
1701 4.69069
1702 4.6934
1703 4.69611
1704 4.69882
1705 4.70153
1706 4.70424
1707 4.70695
1708 4.70966
1709 4.71237
1710 4.71508
1711 4.71779
1712 4.7205
1713 4.72321
1714 4.72593
1715 4.72864
1716 4.73135
1717 4.73406
1718 4.73677
1719 4.73948
1720 4.74219
1721 4.7449
1722 4.74762
1723 4.75033
1724 4.75304
1725 4.75575
1726 4.75846
1727 4.76118
1728 4.76389
1729 4.7666
1730 4.76931
1731 4.77203
1732 4.77474
1733 4.77745
1734 4.78016
1735 4.78288
1736 4.78559
1737 4.7883
1738 4.79101
1739 4.79372
1740 4.79644
1741 4.79915
1742 4.80186
1743 4.80457
1744 4.80728
1745 4.81
1746 4.81271
1747 4.81542
1748 4.81813
1749 4.82084
1750 4.82356
1751 4.82627
1752 4.82898
1753 4.8317
1754 4.83441
1755 4.83712
1756 4.83984
1757 4.84255
1758 4.84527
1759 4.84798
1760 4.8507
1761 4.85341
1762 4.85612
1763 4.85885
1764 4.86157
1765 4.86429
1766 4.86701
1767 4.86974
1768 4.87246
1769 4.87518
1770 4.8779
1771 4.88062
1772 4.88334
1773 4.88606
1774 4.88879
1775 4.89151
1776 4.89423
1777 4.89695
1778 4.89967
1779 4.90239
1780 4.90511
1781 4.90783
1782 4.91055
1783 4.91327
1784 4.916
1785 4.91872
1786 4.92144
1787 4.92416
1788 4.92688
1789 4.92959
1790 4.9323
1791 4.93501
1792 4.93773
1793 4.94045
1794 4.94316
1795 4.94588
1796 4.9486
1797 4.95132
1798 4.95403
1799 4.95675
1800 4.95947
1801 4.96218
1802 4.96488
1803 4.96759
1804 4.9703
1805 4.973
1806 4.97571
1807 4.97842
1808 4.98112
1809 4.98384
1810 4.98656
1811 4.98928
1812 4.99199
1813 4.99471
1814 4.99743
1815 5.00015
1816 5.00287
1817 5.00559
1818 5.00831
1819 5.01102
1820 5.01375
1821 5.01647
1822 5.01919
1823 5.02191
1824 5.02463
1825 5.02735
1826 5.03007
1827 5.0328
1828 5.03553
1829 5.03826
1830 5.04099
1831 5.04372
1832 5.04645
1833 5.04918
1834 5.05191
1835 5.05464
1836 5.05737
1837 5.0601
1838 5.06283
1839 5.06556
1840 5.0683
1841 5.07103
1842 5.07376
1843 5.07649
1844 5.07922
1845 5.08196
1846 5.08469
1847 5.08742
1848 5.09015
1849 5.09288
1850 5.09561
1851 5.09834
1852 5.10107
1853 5.1038
1854 5.10653
1855 5.10926
1856 5.11199
1857 5.11472
1858 5.11745
1859 5.12018
1860 5.12291
1861 5.12564
1862 5.12837
1863 5.1311
1864 5.13383
1865 5.13656
1866 5.13929
1867 5.14201
1868 5.14474
1869 5.14747
1870 5.15019
1871 5.15292
1872 5.15565
1873 5.15837
1874 5.16109
1875 5.16382
1876 5.16654
1877 5.16926
1878 5.17198
1879 5.1747
1880 5.17742
1881 5.18014
1882 5.18286
1883 5.18558
1884 5.18829
1885 5.191
1886 5.19372
1887 5.19643
1888 5.19914
1889 5.20185
1890 5.20455
1891 5.20726
1892 5.20996
1893 5.21267
1894 5.21537
1895 5.21807
1896 5.22078
1897 5.22348
1898 5.22618
1899 5.22888
1900 5.23157
1901 5.23427
1902 5.23697
1903 5.23966
1904 5.24235
1905 5.24503
1906 5.24772
1907 5.2504
1908 5.25309
1909 5.25577
1910 5.25846
1911 5.26114
1912 5.26382
1913 5.2665
1914 5.26918
1915 5.27186
1916 5.27454
1917 5.27722
1918 5.27989
1919 5.28255
1920 5.28522
1921 5.28789
1922 5.29055
1923 5.29322
1924 5.29588
1925 5.29854
1926 5.30121
1927 5.30387
1928 5.30653
1929 5.3092
1930 5.31186
1931 5.31452
1932 5.31718
1933 5.31983
1934 5.32249
1935 5.32515
1936 5.3278
1937 5.33046
1938 5.33311
1939 5.33576
1940 5.33842
1941 5.34108
1942 5.34374
1943 5.34639
1944 5.34905
1945 5.35171
1946 5.35437
1947 5.35703
1948 5.35968
1949 5.36234
1950 5.365
1951 5.36766
1952 5.37031
1953 5.37297
1954 5.37564
1955 5.3783
1956 5.38097
1957 5.38364
1958 5.38631
1959 5.38899
1960 5.39167
1961 5.39434
1962 5.39702
1963 5.39969
1964 5.40237
1965 5.40505
1966 5.40772
1967 5.4104
1968 5.41308
1969 5.41575
1970 5.41843
1971 5.42111
1972 5.42378
1973 5.42647
1974 5.42914
1975 5.43182
1976 5.43449
1977 5.43717
1978 5.43984
1979 5.44252
1980 5.44519
1981 5.44787
1982 5.45054
1983 5.45322
1984 5.45589
1985 5.45856
1986 5.46124
1987 5.46391
1988 5.46658
1989 5.46925
1990 5.47192
1991 5.47459
1992 5.47726
1993 5.47993
1994 5.4826
1995 5.48526
1996 5.48793
1997 5.4906
1998 5.49327
1999 5.49593
2000 5.4986
2001 5.50126
2002 5.50392
2003 5.50658
2004 5.50923
2005 5.51189
2006 5.51455
2007 5.51721
2008 5.51987
2009 5.52253
2010 5.52519
2011 5.52785
2012 5.53051
2013 5.53317
2014 5.53583
2015 5.53849
2016 5.54115
2017 5.54382
2018 5.54648
2019 5.54914
2020 5.5518
2021 5.55446
2022 5.55712
2023 5.55977
2024 5.56242
2025 5.56507
2026 5.56772
2027 5.57037
2028 5.57302
2029 5.57567
2030 5.57832
2031 5.58097
2032 5.58362
2033 5.58628
2034 5.58893
2035 5.59159
2036 5.59425
2037 5.59692
2038 5.59958
2039 5.60225
2040 5.60491
2041 5.60757
2042 5.61024
2043 5.6129
2044 5.61556
2045 5.61823
2046 5.62089
2047 5.62355
2048 5.62622
2049 5.62888
2050 5.63154
2051 5.63421
2052 5.63687
2053 5.63953
2054 5.64219
2055 5.64486
2056 5.64752
2057 5.65018
2058 5.65285
2059 5.65552
2060 5.65819
2061 5.66086
2062 5.66353
2063 5.6662
2064 5.66887
2065 5.67154
2066 5.67421
2067 5.67688
2068 5.67955
2069 5.68222
2070 5.68489
2071 5.68757
2072 5.69024
2073 5.69291
2074 5.69558
2075 5.69826
2076 5.70092
2077 5.70359
2078 5.70626
2079 5.70892
2080 5.71159
2081 5.71425
2082 5.71692
2083 5.71959
2084 5.72225
2085 5.72492
2086 5.72759
2087 5.73025
2088 5.73292
2089 5.73559
2090 5.73825
2091 5.74092
2092 5.74359
2093 5.74625
2094 5.74892
2095 5.75158
2096 5.75425
2097 5.75691
2098 5.75958
2099 5.76224
2100 5.76491
2101 5.76757
2102 5.77024
2103 5.77291
2104 5.77557
2105 5.77824
2106 5.7809
2107 5.78357
2108 5.78623
2109 5.7889
2110 5.79156
2111 5.79423
2112 5.79689
2113 5.79956
2114 5.80222
2115 5.80489
2116 5.80756
2117 5.81022
2118 5.81289
2119 5.81555
2120 5.81822
2121 5.82088
2122 5.82354
2123 5.82621
2124 5.82887
2125 5.83153
2126 5.8342
2127 5.83686
2128 5.83952
2129 5.84218
2130 5.84484
2131 5.84751
2132 5.85017
2133 5.85283
2134 5.85549
2135 5.85816
2136 5.86082
2137 5.86348
2138 5.86615
2139 5.86881
2140 5.87148
2141 5.87414
2142 5.87681
2143 5.87947
2144 5.88214
2145 5.8848
2146 5.88747
2147 5.89013
2148 5.8928
2149 5.89546
2150 5.89813
2151 5.9008
2152 5.90346
2153 5.90613
2154 5.9088
2155 5.91146
2156 5.91413
2157 5.9168
2158 5.91947
2159 5.92213
2160 5.9248
2161 5.92747
2162 5.93014
2163 5.93281
2164 5.93548
2165 5.93815
2166 5.94082
2167 5.94348
2168 5.94615
2169 5.94882
2170 5.95149
2171 5.95416
2172 5.95683
2173 5.9595
2174 5.96216
2175 5.96483
2176 5.9675
2177 5.97017
2178 5.97284
2179 5.9755
2180 5.97816
2181 5.98082
2182 5.98348
2183 5.98615
2184 5.98881
2185 5.99147
2186 5.99414
2187 5.9968
2188 5.99946
2189 6.00212
2190 6.00478
2191 6.00743
2192 6.01009
2193 6.01275
2194 6.01541
2195 6.01807
2196 6.02072
2197 6.02338
2198 6.02603
2199 6.02868
2200 6.03133
2201 6.03398
2202 6.03663
2203 6.03928
2204 6.04193
2205 6.04458
2206 6.04722
2207 6.04987
2208 6.05252
2209 6.05517
2210 6.05781
2211 6.06046
2212 6.0631
2213 6.06575
2214 6.06839
2215 6.07105
2216 6.0737
2217 6.07635
2218 6.07901
2219 6.08166
2220 6.08431
2221 6.08696
2222 6.08961
2223 6.09226
2224 6.0949
2225 6.09755
2226 6.1002
2227 6.10284
2228 6.10548
2229 6.10813
2230 6.11077
2231 6.11341
2232 6.11606
2233 6.1187
2234 6.12134
2235 6.12398
2236 6.12662
2237 6.12926
2238 6.1319
2239 6.13454
2240 6.13718
2241 6.13981
2242 6.14245
2243 6.14509
2244 6.14773
2245 6.15036
2246 6.153
2247 6.15564
2248 6.15827
2249 6.16091
2250 6.16355
2251 6.16618
2252 6.16882
2253 6.17145
2254 6.17409
2255 6.17672
2256 6.17936
2257 6.18199
2258 6.18463
2259 6.18727
2260 6.1899
2261 6.19254
2262 6.19517
2263 6.19782
2264 6.20047
2265 6.20312
2266 6.20577
2267 6.20843
2268 6.21108
2269 6.21374
2270 6.21639
2271 6.21905
2272 6.2217
2273 6.22436
2274 6.22702
2275 6.22967
2276 6.23233
2277 6.23498
2278 6.23764
2279 6.2403
2280 6.24295
2281 6.24561
2282 6.24827
2283 6.25093
2284 6.25359
2285 6.25625
2286 6.25891
2287 6.26157
2288 6.26423
2289 6.26689
2290 6.26955
2291 6.27221
2292 6.27488
2293 6.27755
2294 6.28022
2295 6.28289
2296 6.28556
2297 6.28824
2298 6.29091
2299 6.29358
2300 6.29625
2301 6.29893
2302 6.3016
2303 6.30427
2304 6.30695
2305 6.30962
2306 6.31229
2307 6.31497
2308 6.31764
2309 6.32032
2310 6.32299
2311 6.32567
2312 6.32834
2313 6.33102
2314 6.33369
2315 6.33637
2316 6.33905
2317 6.34172
2318 6.3444
2319 6.34707
2320 6.34975
2321 6.35243
2322 6.35511
2323 6.35778
2324 6.36046
2325 6.36314
2326 6.36581
2327 6.36849
2328 6.37117
2329 6.37384
2330 6.37652
2331 6.3792
2332 6.38187
2333 6.38455
2334 6.38722
2335 6.3899
2336 6.39258
2337 6.39525
2338 6.39793
2339 6.40061
2340 6.4033
2341 6.40599
2342 6.40867
2343 6.41136
2344 6.41405
2345 6.41673
2346 6.41942
2347 6.4221
2348 6.42479
2349 6.42748
2350 6.43016
2351 6.43285
2352 6.43553
2353 6.43821
2354 6.4409
2355 6.44357
2356 6.44624
2357 6.44892
2358 6.45159
2359 6.45426
2360 6.45693
2361 6.4596
2362 6.46227
2363 6.46494
2364 6.46761
2365 6.47028
2366 6.47295
2367 6.47562
2368 6.47828
2369 6.48095
2370 6.48362
2371 6.48628
2372 6.48895
2373 6.49161
2374 6.49428
2375 6.49694
2376 6.49961
2377 6.50227
2378 6.50493
2379 6.50759
2380 6.51026
2381 6.51292
2382 6.51558
2383 6.51824
2384 6.52089
2385 6.52355
2386 6.52621
2387 6.52886
2388 6.53152
2389 6.53417
2390 6.53683
2391 6.53948
2392 6.54214
2393 6.54479
2394 6.54744
2395 6.5501
2396 6.55275
2397 6.5554
2398 6.55805
2399 6.5607
2400 6.56335
2401 6.566
2402 6.56865
2403 6.5713
2404 6.57394
2405 6.57659
2406 6.57924
2407 6.58189
2408 6.58453
2409 6.58718
2410 6.58983
2411 6.59247
2412 6.59512
2413 6.59777
2414 6.60041
2415 6.60306
2416 6.60571
2417 6.60835
2418 6.611
2419 6.61365
2420 6.61629
2421 6.61894
2422 6.62159
2423 6.62423
2424 6.62688
2425 6.62953
2426 6.63217
2427 6.63482
2428 6.63747
2429 6.64012
2430 6.64277
2431 6.64541
2432 6.64806
2433 6.65071
2434 6.65336
2435 6.65601
2436 6.65866
2437 6.6613
2438 6.66395
2439 6.6666
2440 6.66925
2441 6.6719
2442 6.67455
2443 6.67719
2444 6.67984
2445 6.68249
2446 6.68514
2447 6.68779
2448 6.69044
2449 6.69309
2450 6.69574
2451 6.6984
2452 6.70105
2453 6.7037
2454 6.70635
2455 6.709
2456 6.71165
2457 6.7143
2458 6.71696
2459 6.71961
2460 6.72226
2461 6.72492
2462 6.72757
2463 6.73023
2464 6.73288
2465 6.73554
2466 6.73819
2467 6.74085
2468 6.74351
2469 6.74616
2470 6.74882
2471 6.75148
2472 6.75414
2473 6.7568
2474 6.75946
2475 6.76212
2476 6.76477
2477 6.76743
2478 6.77008
2479 6.77274
2480 6.77541
2481 6.77807
2482 6.78074
2483 6.7834
2484 6.78607
2485 6.78874
2486 6.79141
2487 6.79408
2488 6.79675
2489 6.79942
2490 6.80209
2491 6.80476
2492 6.80744
2493 6.81011
2494 6.81279
2495 6.81546
2496 6.81814
2497 6.82082
2498 6.8235
2499 6.82618
2500 6.82886
2501 6.83154
2502 6.83422
2503 6.8369
2504 6.83958
2505 6.84228
2506 6.84497
2507 6.84767
2508 6.85037
2509 6.85306
2510 6.85576
2511 6.85846
2512 6.86116
2513 6.86386
2514 6.86656
2515 6.86926
2516 6.87196
2517 6.87466
2518 6.87736
2519 6.88007
2520 6.88277
2521 6.88548
2522 6.88819
2523 6.8909
2524 6.89361
2525 6.89632
2526 6.89904
2527 6.90175
2528 6.90446
2529 6.90717
2530 6.90989
2531 6.9126
2532 6.91531
2533 6.91803
2534 6.92074
2535 6.92346
2536 6.92617
2537 6.92889
2538 6.9316
2539 6.93432
2540 6.93703
2541 6.93975
2542 6.94247
2543 6.94518
2544 6.9479
2545 6.95062
2546 6.95334
2547 6.95606
2548 6.95878
2549 6.9615
2550 6.96422
2551 6.96694
2552 6.96966
2553 6.97238
2554 6.97509
2555 6.97781
2556 6.98052
2557 6.98324
2558 6.98596
2559 6.98867
2560 6.99139
2561 6.99411
2562 6.99683
2563 6.99955
2564 7.00227
2565 7.005
2566 7.00772
2567 7.01044
2568 7.01317
2569 7.01589
2570 7.01862
2571 7.02134
2572 7.02407
2573 7.02679
2574 7.02952
2575 7.03225
2576 7.03497
2577 7.0377
2578 7.04042
2579 7.04315
2580 7.04587
2581 7.04859
2582 7.05132
2583 7.05404
2584 7.05677
2585 7.05949
2586 7.06222
2587 7.06495
2588 7.06767
2589 7.0704
2590 7.07313
2591 7.07586
2592 7.07858
2593 7.08131
2594 7.08404
2595 7.08677
2596 7.0895
2597 7.09223
2598 7.09496
2599 7.09769
2600 7.10042
2601 7.10315
2602 7.10587
2603 7.10859
2604 7.11131
2605 7.11404
2606 7.11676
2607 7.11948
2608 7.12221
2609 7.12493
2610 7.12765
2611 7.13037
2612 7.13309
2613 7.13581
2614 7.13853
2615 7.14125
2616 7.14398
2617 7.1467
2618 7.14942
2619 7.15214
2620 7.15486
2621 7.15759
2622 7.16031
2623 7.16303
2624 7.16575
2625 7.16848
2626 7.1712
2627 7.17392
2628 7.17664
2629 7.17937
2630 7.18209
2631 7.18481
2632 7.18754
2633 7.19026
2634 7.19299
2635 7.19571
2636 7.19844
2637 7.20117
2638 7.20389
2639 7.20662
2640 7.20934
2641 7.21207
2642 7.2148
2643 7.21752
2644 7.22025
2645 7.22298
2646 7.22571
2647 7.22843
2648 7.23116
2649 7.23389
2650 7.23662
2651 7.23935
2652 7.24207
2653 7.2448
2654 7.24753
2655 7.25026
2656 7.25298
2657 7.25571
2658 7.25844
2659 7.26117
2660 7.26389
2661 7.26662
2662 7.26935
2663 7.27207
2664 7.2748
2665 7.27753
2666 7.28025
2667 7.28298
2668 7.28571
2669 7.28843
2670 7.29116
2671 7.29389
2672 7.29661
2673 7.29933
2674 7.30206
2675 7.30478
2676 7.30751
2677 7.31023
2678 7.31295
2679 7.31568
2680 7.31842
2681 7.32117
2682 7.32391
2683 7.32666
2684 7.32941
2685 7.33216
2686 7.33491
2687 7.33765
2688 7.3404
2689 7.34314
2690 7.34589
2691 7.34863
2692 7.35137
2693 7.35412
2694 7.35686
2695 7.3596
2696 7.36234
2697 7.36508
2698 7.36783
2699 7.37057
2700 7.37331
2701 7.37606
2702 7.3788
2703 7.38154
2704 7.38428
2705 7.38702
2706 7.38976
2707 7.3925
2708 7.39524
2709 7.39798
2710 7.40072
2711 7.40346
2712 7.4062
2713 7.40893
2714 7.41167
2715 7.41441
2716 7.41715
2717 7.41989
2718 7.42261
2719 7.42534
2720 7.42808
2721 7.43082
2722 7.43355
2723 7.43629
2724 7.43902
2725 7.44175
2726 7.44449
2727 7.44722
2728 7.44995
2729 7.45269
2730 7.45543
2731 7.45817
2732 7.46091
2733 7.46365
2734 7.46638
2735 7.46912
2736 7.47186
2737 7.4746
2738 7.47733
2739 7.48007
2740 7.4828
2741 7.48554
2742 7.48828
2743 7.49102
2744 7.49375
2745 7.49649
2746 7.49923
2747 7.50196
2748 7.5047
2749 7.50744
2750 7.51017
2751 7.51291
2752 7.51565
2753 7.51838
2754 7.52113
2755 7.52388
2756 7.52663
2757 7.52938
2758 7.53213
2759 7.53488
2760 7.53764
2761 7.54039
2762 7.54314
2763 7.54589
2764 7.54865
2765 7.5514
2766 7.55415
2767 7.55691
2768 7.55966
2769 7.56242
2770 7.56518
2771 7.56793
2772 7.57068
2773 7.57342
2774 7.57617
2775 7.57891
2776 7.58166
2777 7.5844
2778 7.58715
2779 7.58989
2780 7.59264
2781 7.59538
2782 7.59813
2783 7.60087
2784 7.60362
2785 7.60636
2786 7.6091
2787 7.61185
2788 7.61459
2789 7.61733
2790 7.62008
2791 7.62282
2792 7.62557
2793 7.62831
2794 7.63106
2795 7.6338
2796 7.63655
2797 7.63929
2798 7.64204
2799 7.64479
2800 7.64754
2801 7.65028
2802 7.65303
2803 7.65578
2804 7.65853
2805 7.66128
2806 7.66403
2807 7.66678
2808 7.66953
2809 7.67228
2810 7.67503
2811 7.67778
2812 7.68053
2813 7.68329
2814 7.68604
2815 7.68879
2816 7.69155
2817 7.6943
2818 7.69706
2819 7.69981
2820 7.70257
2821 7.70532
2822 7.70808
2823 7.71084
2824 7.71359
2825 7.71635
2826 7.71911
2827 7.72187
2828 7.72462
2829 7.72738
2830 7.73015
2831 7.73293
2832 7.7357
2833 7.73846
2834 7.74122
2835 7.74398
2836 7.74674
2837 7.7495
2838 7.75227
2839 7.75503
2840 7.7578
2841 7.76056
2842 7.76333
2843 7.76609
2844 7.76886
2845 7.77162
2846 7.77439
2847 7.77716
2848 7.77993
2849 7.7827
2850 7.78546
2851 7.78823
2852 7.791
2853 7.79377
2854 7.79654
2855 7.79931
2856 7.80208
2857 7.80485
2858 7.80762
2859 7.81039
2860 7.81316
2861 7.81593
2862 7.8187
2863 7.82147
2864 7.82424
2865 7.82701
2866 7.82978
2867 7.83255
2868 7.83532
2869 7.83809
2870 7.84086
2871 7.84363
2872 7.8464
2873 7.84917
2874 7.85194
2875 7.85471
2876 7.85748
2877 7.86025
2878 7.86302
2879 7.86579
2880 7.86856
2881 7.87132
2882 7.87409
2883 7.87686
2884 7.87963
2885 7.8824
2886 7.88517
2887 7.88794
2888 7.89071
2889 7.89348
2890 7.89625
2891 7.89902
2892 7.90179
2893 7.90455
2894 7.90732
2895 7.91009
2896 7.91286
2897 7.91563
2898 7.9184
2899 7.92117
2900 7.92393
2901 7.9267
2902 7.92947
2903 7.93224
2904 7.93501
2905 7.93778
2906 7.94055
2907 7.94332
2908 7.94609
2909 7.94886
2910 7.95163
2911 7.9544
2912 7.95717
2913 7.95994
2914 7.96271
2915 7.96548
2916 7.96825
2917 7.97102
2918 7.97379
2919 7.97656
2920 7.97933
2921 7.9821
2922 7.98487
2923 7.98763
2924 7.9904
2925 7.99317
2926 7.99594
2927 7.99871
2928 8.00148
2929 8.00425
2930 8.00701
2931 8.00978
2932 8.01255
2933 8.01531
2934 8.01808
2935 8.02084
2936 8.02361
2937 8.02637
2938 8.02914
2939 8.0319
2940 8.03466
2941 8.03743
2942 8.04019
2943 8.04296
2944 8.04572
2945 8.04848
2946 8.05125
2947 8.05401
2948 8.05678
2949 8.05954
2950 8.06231
2951 8.06507
2952 8.06784
2953 8.0706
2954 8.07337
2955 8.07612
2956 8.07889
2957 8.08165
2958 8.08442
2959 8.08718
2960 8.08995
2961 8.09271
2962 8.09548
2963 8.09825
2964 8.10101
2965 8.10378
2966 8.10655
2967 8.10932
2968 8.11209
2969 8.11486
2970 8.11762
2971 8.12039
2972 8.12316
2973 8.12593
2974 8.1287
2975 8.13147
2976 8.13424
2977 8.13701
2978 8.13978
2979 8.14255
2980 8.14532
2981 8.14809
2982 8.15086
2983 8.15363
2984 8.1564
2985 8.15917
2986 8.16194
2987 8.16471
2988 8.16747
2989 8.17024
2990 8.17301
2991 8.17578
2992 8.17855
2993 8.18132
2994 8.18409
2995 8.18686
2996 8.18962
2997 8.19239
2998 8.19516
2999 8.19793
3000 8.2007
3001 8.20346
3002 8.20623
3003 8.209
3004 8.21176
3005 8.21453
3006 8.2173
3007 8.22006
3008 8.22283
3009 8.2256
3010 8.22836
3011 8.23113
3012 8.2339
3013 8.23666
3014 8.23943
3015 8.24219
3016 8.24496
3017 8.24773
3018 8.25049
3019 8.25326
3020 8.25602
3021 8.25879
3022 8.26155
3023 8.26432
3024 8.26708
3025 8.26985
3026 8.27261
3027 8.27538
3028 8.27814
3029 8.28091
3030 8.28368
3031 8.28645
3032 8.28921
3033 8.29198
3034 8.29475
3035 8.29752
3036 8.30028
3037 8.30305
3038 8.30582
3039 8.30858
3040 8.31135
3041 8.31412
3042 8.31689
3043 8.31965
3044 8.32242
3045 8.32519
3046 8.32796
3047 8.33073
3048 8.3335
3049 8.33627
3050 8.33904
3051 8.34181
3052 8.34458
3053 8.34736
3054 8.35013
3055 8.3529
3056 8.35567
3057 8.35845
3058 8.36122
3059 8.36399
3060 8.36677
3061 8.36954
3062 8.37231
3063 8.37509
3064 8.37786
3065 8.38064
3066 8.38341
3067 8.38619
3068 8.38896
3069 8.39173
3070 8.3945
3071 8.39727
3072 8.40004
3073 8.40281
3074 8.40559
3075 8.40836
3076 8.41113
3077 8.4139
3078 8.41667
3079 8.41944
3080 8.42221
3081 8.42498
3082 8.42776
3083 8.43053
3084 8.4333
3085 8.43608
3086 8.43885
3087 8.44163
3088 8.4444
3089 8.44718
3090 8.44995
3091 8.45273
3092 8.4555
3093 8.45828
3094 8.46105
3095 8.46383
3096 8.46661
3097 8.46938
3098 8.47216
3099 8.47493
3100 8.47771
3101 8.48048
3102 8.48326
3103 8.48603
3104 8.4888
3105 8.49156
3106 8.49432
3107 8.49707
3108 8.49982
3109 8.50258
3110 8.50533
3111 8.50808
3112 8.51084
3113 8.51359
3114 8.51634
3115 8.5191
3116 8.52185
3117 8.5246
3118 8.52736
3119 8.53011
3120 8.53287
3121 8.53563
3122 8.53838
3123 8.54114
3124 8.5439
3125 8.54666
3126 8.54942
3127 8.55218
3128 8.55494
3129 8.5577
3130 8.56046
3131 8.56322
3132 8.56598
3133 8.56874
3134 8.57151
3135 8.57427
3136 8.57703
3137 8.5798
3138 8.58256
3139 8.58533
3140 8.58809
3141 8.59086
3142 8.59362
3143 8.59639
3144 8.59915
3145 8.60193
3146 8.6047
3147 8.60747
3148 8.61024
3149 8.61302
3150 8.61579
3151 8.61857
3152 8.62134
3153 8.62411
3154 8.62689
3155 8.62966
3156 8.63244
3157 8.63521
3158 8.63799
3159 8.64076
3160 8.64354
3161 8.64631
3162 8.64909
3163 8.65187
3164 8.65464
3165 8.65742
3166 8.66019
3167 8.66297
3168 8.66575
3169 8.66852
3170 8.6713
3171 8.67408
3172 8.67685
3173 8.67963
3174 8.6824
3175 8.68518
3176 8.68795
3177 8.69073
3178 8.69349
3179 8.69625
3180 8.69902
3181 8.70179
3182 8.70455
3183 8.70732
3184 8.71009
3185 8.71285
3186 8.71562
3187 8.71839
3188 8.72115
3189 8.72392
3190 8.72668
3191 8.72943
3192 8.73219
3193 8.73495
3194 8.73771
3195 8.74047
3196 8.74322
3197 8.74598
3198 8.74874
3199 8.75149
3200 8.75425
3201 8.757
3202 8.75976
3203 8.76252
3204 8.76527
3205 8.76803
3206 8.77078
3207 8.77354
3208 8.77629
3209 8.77905
3210 8.7818
3211 8.78455
3212 8.78729
3213 8.79004
3214 8.79278
3215 8.79552
3216 8.79827
3217 8.80101
3218 8.80375
3219 8.80649
3220 8.80923
3221 8.81197
3222 8.8147
3223 8.81744
3224 8.82018
3225 8.82291
3226 8.82565
3227 8.82838
3228 8.83111
3229 8.83385
3230 8.83659
3231 8.83933
3232 8.84207
3233 8.8448
3234 8.84754
3235 8.85027
3236 8.85301
3237 8.85574
3238 8.85847
3239 8.8612
3240 8.86393
3241 8.86666
3242 8.86939
3243 8.87211
3244 8.87484
3245 8.87756
3246 8.88029
3247 8.88301
3248 8.88574
3249 8.88846
3250 8.89118
3251 8.8939
3252 8.89662
3253 8.89934
3254 8.90206
3255 8.90478
3256 8.90751
3257 8.91024
3258 8.91296
3259 8.91569
3260 8.91841
3261 8.92113
3262 8.92386
3263 8.92658
3264 8.9293
3265 8.93202
3266 8.93475
3267 8.93747
3268 8.94019
3269 8.94291
3270 8.94563
3271 8.94835
3272 8.95107
3273 8.95379
3274 8.95651
3275 8.95923
3276 8.96195
3277 8.96467
3278 8.96739
3279 8.97011
3280 8.97282
3281 8.97554
3282 8.97826
3283 8.98097
3284 8.98369
3285 8.9864
3286 8.98912
3287 8.99183
3288 8.99454
3289 8.99726
3290 8.99997
3291 9.00268
3292 9.00539
3293 9.0081
3294 9.01081
3295 9.01352
3296 9.01622
3297 9.01893
3298 9.02164
3299 9.02435
3300 9.02705
3301 9.02976
3302 9.03246
3303 9.03517
3304 9.03788
3305 9.04058
3306 9.04329
3307 9.04599
3308 9.0487
3309 9.0514
3310 9.0541
3311 9.05681
3312 9.05951
3313 9.06222
3314 9.06492
3315 9.06762
3316 9.07032
3317 9.07303
3318 9.07573
3319 9.07843
3320 9.08114
3321 9.08384
3322 9.08654
3323 9.08924
3324 9.09194
3325 9.09464
3326 9.09734
3327 9.10005
3328 9.10275
3329 9.10545
3330 9.10815
3331 9.11085
3332 9.11355
3333 9.11625
3334 9.11895
3335 9.12165
3336 9.12435
3337 9.12705
3338 9.12975
3339 9.13245
3340 9.13515
3341 9.13785
3342 9.14055
3343 9.14325
3344 9.14595
3345 9.14865
3346 9.15135
3347 9.15405
3348 9.15675
3349 9.15946
3350 9.16216
3351 9.16486
3352 9.16757
3353 9.17026
3354 9.17295
3355 9.17565
3356 9.17834
3357 9.18104
3358 9.18373
3359 9.18643
3360 9.18912
3361 9.19182
3362 9.19452
3363 9.19722
3364 9.19991
3365 9.20261
3366 9.20531
3367 9.20801
3368 9.21072
3369 9.21342
3370 9.21612
3371 9.21882
3372 9.22153
3373 9.22423
3374 9.22694
3375 9.22965
3376 9.23235
3377 9.23506
3378 9.23777
3379 9.24048
3380 9.24319
3381 9.2459
3382 9.24861
3383 9.25132
3384 9.25403
3385 9.25674
3386 9.25946
3387 9.26217
3388 9.26489
3389 9.2676
3390 9.27032
3391 9.27304
3392 9.27576
3393 9.27848
3394 9.2812
3395 9.28393
3396 9.28665
3397 9.28937
3398 9.2921
3399 9.29482
3400 9.29754
3401 9.30027
3402 9.30299
3403 9.30572
3404 9.30845
3405 9.31117
3406 9.3139
3407 9.31663
3408 9.31936
3409 9.32209
3410 9.32481
3411 9.32754
3412 9.33027
3413 9.333
3414 9.33573
3415 9.33847
3416 9.3412
3417 9.34393
3418 9.34666
3419 9.34939
3420 9.35213
3421 9.35486
3422 9.35759
3423 9.36033
3424 9.36306
3425 9.3658
3426 9.36853
3427 9.37126
3428 9.374
3429 9.37674
3430 9.37948
3431 9.38222
3432 9.38497
3433 9.3877
3434 9.39044
3435 9.39317
3436 9.39591
3437 9.39865
3438 9.40139
3439 9.40412
3440 9.40686
3441 9.4096
3442 9.41234
3443 9.41507
3444 9.41781
3445 9.42055
3446 9.42329
3447 9.42603
3448 9.42877
3449 9.4315
3450 9.43423
3451 9.43696
3452 9.43969
3453 9.44243
3454 9.44516
3455 9.44789
3456 9.45062
3457 9.45336
3458 9.45609
3459 9.45883
3460 9.46156
3461 9.4643
3462 9.46703
3463 9.46976
3464 9.4725
3465 9.47524
3466 9.47798
3467 9.48072
3468 9.48346
3469 9.4862
3470 9.48893
3471 9.49167
3472 9.49441
3473 9.49715
3474 9.49988
3475 9.50262
3476 9.50536
3477 9.50809
3478 9.51083
3479 9.51356
3480 9.5163
3481 9.51903
3482 9.52176
3483 9.52449
3484 9.52721
3485 9.52993
3486 9.53265
3487 9.53537
3488 9.53809
3489 9.54081
3490 9.54353
3491 9.54625
3492 9.54897
3493 9.55169
3494 9.5544
3495 9.55712
3496 9.55983
3497 9.56255
3498 9.56526
3499 9.56797
3500 9.57068
3501 9.57339
3502 9.5761
3503 9.57881
3504 9.58152
3505 9.58423
3506 9.58693
3507 9.58964
3508 9.59235
3509 9.59505
3510 9.59776
3511 9.60046
3512 9.60317
3513 9.60587
3514 9.60857
3515 9.61128
3516 9.61398
3517 9.61668
3518 9.61938
3519 9.62208
3520 9.62478
3521 9.62748
3522 9.63018
3523 9.63288
3524 9.63558
3525 9.63827
3526 9.64097
3527 9.64366
3528 9.64636
3529 9.64905
3530 9.65175
3531 9.65444
3532 9.65713
3533 9.65983
3534 9.66252
3535 9.66522
3536 9.66791
3537 9.6706
3538 9.6733
3539 9.67599
3540 9.67868
3541 9.68137
3542 9.68406
3543 9.68675
3544 9.68944
3545 9.69213
3546 9.69481
3547 9.6975
3548 9.70018
3549 9.70287
3550 9.70555
3551 9.70823
3552 9.71091
3553 9.71359
3554 9.71627
3555 9.71896
3556 9.72163
3557 9.72431
3558 9.72698
3559 9.72965
3560 9.73233
3561 9.735
3562 9.73767
3563 9.74035
3564 9.74302
3565 9.74568
3566 9.74835
3567 9.75102
3568 9.75368
3569 9.75635
3570 9.75901
3571 9.76168
3572 9.76434
3573 9.76701
3574 9.76967
3575 9.77234
3576 9.775
3577 9.77767
3578 9.78033
3579 9.78299
3580 9.78566
3581 9.78832
3582 9.79099
3583 9.79365
3584 9.79631
3585 9.79898
3586 9.80164
3587 9.8043
3588 9.80697
3589 9.80963
3590 9.81229
3591 9.81495
3592 9.81761
3593 9.82027
3594 9.82293
3595 9.82559
3596 9.82825
3597 9.83091
3598 9.83357
3599 9.83622
3600 9.83888
3601 9.84153
3602 9.84419
3603 9.84684
3604 9.84949
3605 9.85214
3606 9.85479
3607 9.85744
3608 9.86009
3609 9.86274
3610 9.86539
3611 9.86803
3612 9.87068
3613 9.87332
3614 9.87597
3615 9.87861
3616 9.88125
3617 9.88389
3618 9.88653
3619 9.88917
3620 9.89181
3621 9.89444
3622 9.89707
3623 9.8997
3624 9.90233
3625 9.90496
3626 9.90759
3627 9.91022
3628 9.91284
3629 9.91546
3630 9.91808
3631 9.9207
3632 9.92331
3633 9.92592
3634 9.92854
3635 9.93115
3636 9.93375
3637 9.93636
3638 9.93897
3639 9.94158
3640 9.94418
3641 9.94679
3642 9.9494
3643 9.95201
3644 9.95461
3645 9.95722
3646 9.95983
3647 9.96243
3648 9.96504
3649 9.96765
3650 9.97025
3651 9.97286
3652 9.97546
3653 9.97807
3654 9.98067
3655 9.98328
3656 9.98588
3657 9.98847
3658 9.99107
3659 9.99367
3660 9.99627
3661 9.99887
3662 10.0015
3663 10.0041
3664 10.0067
3665 10.0093
3666 10.0119
3667 10.0145
3668 10.0171
3669 10.0197
3670 10.0223
3671 10.0249
3672 10.0275
3673 10.0301
3674 10.0327
3675 10.0353
3676 10.0379
3677 10.0405
3678 10.0431
3679 10.0457
3680 10.0483
3681 10.0509
3682 10.0535
3683 10.056
3684 10.0586
3685 10.0612
3686 10.0638
3687 10.0664
3688 10.069
3689 10.0717
3690 10.0743
3691 10.0769
3692 10.0795
3693 10.0821
3694 10.0847
3695 10.0873
3696 10.0899
3697 10.0925
3698 10.0951
3699 10.0977
3700 10.1003
3701 10.1029
3702 10.1055
3703 10.1081
3704 10.1107
3705 10.1133
3706 10.1159
3707 10.1185
3708 10.1211
3709 10.1237
3710 10.1263
3711 10.1289
3712 10.1315
3713 10.1341
3714 10.1367
3715 10.1393
3716 10.1419
3717 10.1445
3718 10.1471
3719 10.1497
3720 10.1523
3721 10.1549
3722 10.1575
3723 10.1601
3724 10.1627
3725 10.1653
3726 10.1679
3727 10.1705
3728 10.1731
3729 10.1757
3730 10.1783
3731 10.1809
3732 10.1835
3733 10.1861
3734 10.1887
3735 10.1913
3736 10.1939
3737 10.1965
3738 10.1991
3739 10.2016
3740 10.2042
3741 10.2068
3742 10.2094
3743 10.212
3744 10.2146
3745 10.2172
3746 10.2198
3747 10.2224
3748 10.225
3749 10.2276
3750 10.2302
3751 10.2328
3752 10.2354
3753 10.238
3754 10.2406
3755 10.2431
3756 10.2457
3757 10.2483
3758 10.2509
3759 10.2535
3760 10.2561
3761 10.2587
3762 10.2612
3763 10.2638
3764 10.2664
3765 10.269
3766 10.2716
3767 10.2742
3768 10.2767
3769 10.2793
3770 10.2819
3771 10.2845
3772 10.2871
3773 10.2896
3774 10.2922
3775 10.2948
3776 10.2974
3777 10.2999
3778 10.3025
3779 10.3051
3780 10.3076
3781 10.3102
3782 10.3127
3783 10.3153
3784 10.3179
3785 10.3204
3786 10.323
3787 10.3255
3788 10.3281
3789 10.3307
3790 10.3332
3791 10.3358
3792 10.3383
3793 10.3409
3794 10.3434
3795 10.3459
3796 10.3485
3797 10.351
3798 10.3536
3799 10.3561
3800 10.3587
3801 10.3612
3802 10.3638
3803 10.3663
3804 10.3689
3805 10.3714
3806 10.374
3807 10.3766
3808 10.3791
3809 10.3817
3810 10.3842
3811 10.3868
3812 10.3893
3813 10.3919
3814 10.3944
3815 10.397
3816 10.3995
3817 10.4021
3818 10.4046
3819 10.4072
3820 10.4097
3821 10.4123
3822 10.4149
3823 10.4174
3824 10.42
3825 10.4225
3826 10.4251
3827 10.4277
3828 10.4302
3829 10.4328
3830 10.4353
3831 10.4379
3832 10.4405
3833 10.443
3834 10.4456
3835 10.4481
3836 10.4507
3837 10.4533
3838 10.4558
3839 10.4584
3840 10.4609
3841 10.4635
3842 10.4661
3843 10.4686
3844 10.4712
3845 10.4738
3846 10.4763
3847 10.4789
3848 10.4814
3849 10.484
3850 10.4866
3851 10.4892
3852 10.4917
3853 10.4943
3854 10.4969
3855 10.4995
3856 10.502
3857 10.5046
3858 10.5072
3859 10.5098
3860 10.5123
3861 10.5149
3862 10.5175
3863 10.5201
3864 10.5227
3865 10.5253
3866 10.5278
3867 10.5304
3868 10.533
3869 10.5356
3870 10.5382
3871 10.5407
3872 10.5433
3873 10.5459
3874 10.5485
3875 10.5511
3876 10.5536
3877 10.5562
3878 10.5588
3879 10.5614
3880 10.5639
3881 10.5665
3882 10.5691
3883 10.5717
3884 10.5742
3885 10.5768
3886 10.5794
3887 10.582
3888 10.5845
3889 10.5871
3890 10.5897
3891 10.5923
3892 10.5948
3893 10.5974
3894 10.6
3895 10.6026
3896 10.6051
3897 10.6077
3898 10.6103
3899 10.6128
3900 10.6154
3901 10.618
3902 10.6205
3903 10.6231
3904 10.6256
3905 10.6282
3906 10.6308
3907 10.6333
3908 10.6359
3909 10.6384
3910 10.641
3911 10.6435
3912 10.646
3913 10.6486
3914 10.6511
3915 10.6537
3916 10.6562
3917 10.6587
3918 10.6613
3919 10.6638
3920 10.6664
3921 10.6689
3922 10.6714
3923 10.674
3924 10.6765
3925 10.6791
3926 10.6816
3927 10.6842
3928 10.6867
3929 10.6893
3930 10.6918
3931 10.6944
3932 10.6969
3933 10.6995
3934 10.702
3935 10.7046
3936 10.7071
3937 10.7097
3938 10.7122
3939 10.7148
3940 10.7174
3941 10.7199
3942 10.7225
3943 10.725
3944 10.7276
3945 10.7302
3946 10.7327
3947 10.7353
3948 10.7379
3949 10.7405
3950 10.743
3951 10.7456
3952 10.7482
3953 10.7507
3954 10.7533
3955 10.7559
3956 10.7584
3957 10.761
3958 10.7636
3959 10.7661
3960 10.7687
3961 10.7713
3962 10.7738
3963 10.7764
3964 10.779
3965 10.7815
3966 10.7841
3967 10.7866
3968 10.7892
3969 10.7918
3970 10.7943
3971 10.7969
3972 10.7994
3973 10.802
3974 10.8046
3975 10.8071
3976 10.8097
3977 10.8122
3978 10.8148
3979 10.8174
3980 10.8199
3981 10.8225
3982 10.825
3983 10.8276
3984 10.8302
3985 10.8328
3986 10.8353
3987 10.8379
3988 10.8405
3989 10.8431
3990 10.8456
3991 10.8482
3992 10.8508
3993 10.8534
3994 10.8559
3995 10.8585
3996 10.8611
3997 10.8637
3998 10.8662
3999 10.8688
4000 10.8714
4001 10.874
4002 10.8766
4003 10.8791
4004 10.8817
4005 10.8843
4006 10.8869
4007 10.8895
4008 10.892
4009 10.8946
4010 10.8972
4011 10.8998
4012 10.9024
4013 10.905
4014 10.9076
4015 10.9102
4016 10.9128
4017 10.9153
4018 10.9179
4019 10.9205
4020 10.9231
4021 10.9257
4022 10.9283
4023 10.9309
4024 10.9335
4025 10.9361
4026 10.9387
4027 10.9413
4028 10.9439
4029 10.9465
4030 10.9491
4031 10.9517
4032 10.9543
4033 10.9569
4034 10.9595
4035 10.9621
4036 10.9647
4037 10.9673
4038 10.9699
4039 10.9725
4040 10.9751
4041 10.9777
4042 10.9803
4043 10.9829
4044 10.9855
4045 10.9881
4046 10.9907
4047 10.9933
4048 10.9959
4049 10.9985
4050 11.0011
4051 11.0037
4052 11.0064
4053 11.009
4054 11.0116
4055 11.0142
4056 11.0168
4057 11.0194
4058 11.022
4059 11.0247
4060 11.0273
4061 11.0299
4062 11.0325
4063 11.0351
4064 11.0378
4065 11.0404
4066 11.043
4067 11.0457
4068 11.0483
4069 11.0509
4070 11.0536
4071 11.0562
4072 11.0588
4073 11.0615
4074 11.0641
4075 11.0668
4076 11.0694
4077 11.0721
4078 11.0747
4079 11.0773
4080 11.08
4081 11.0826
4082 11.0853
4083 11.0879
4084 11.0906
4085 11.0932
4086 11.0959
4087 11.0985
4088 11.1012
4089 11.1038
4090 11.1065
4091 11.1092
4092 11.1118
4093 11.1145
4094 11.1171
4095 11.1198
4096 11.1225
4097 11.1251
4098 11.1278
4099 11.1304
4100 11.1331
4101 11.1358
4102 11.1384
4103 11.1411
4104 11.1437
4105 11.1464
4106 11.1491
4107 11.1517
4108 11.1544
4109 11.157
4110 11.1597
4111 11.1623
4112 11.165
4113 11.1677
4114 11.1703
4115 11.173
4116 11.1756
4117 11.1783
4118 11.1809
4119 11.1835
4120 11.1862
4121 11.1888
4122 11.1915
4123 11.1941
4124 11.1968
4125 11.1994
4126 11.2021
4127 11.2047
4128 11.2073
4129 11.21
4130 11.2126
4131 11.2152
4132 11.2179
4133 11.2205
4134 11.2231
4135 11.2258
4136 11.2284
4137 11.231
4138 11.2337
4139 11.2363
4140 11.239
4141 11.2416
4142 11.2442
4143 11.2469
4144 11.2495
4145 11.2522
4146 11.2548
4147 11.2575
4148 11.2601
4149 11.2627
4150 11.2654
4151 11.268
4152 11.2707
4153 11.2733
4154 11.276
4155 11.2786
4156 11.2813
4157 11.2839
4158 11.2866
4159 11.2892
4160 11.2918
4161 11.2945
4162 11.2971
4163 11.2998
4164 11.3024
4165 11.3051
4166 11.3077
4167 11.3104
4168 11.313
4169 11.3157
4170 11.3183
4171 11.321
4172 11.3236
4173 11.3263
4174 11.3289
4175 11.3316
4176 11.3342
4177 11.3369
4178 11.3395
4179 11.3422
4180 11.3448
4181 11.3474
4182 11.3501
4183 11.3527
4184 11.3554
4185 11.3581
4186 11.3607
4187 11.3634
4188 11.366
4189 11.3687
4190 11.3713
4191 11.374
4192 11.3766
4193 11.3793
4194 11.3819
4195 11.3846
4196 11.3873
4197 11.3899
4198 11.3926
4199 11.3952
4200 11.3979
4201 11.4005
4202 11.4032
4203 11.4059
4204 11.4085
4205 11.4112
4206 11.4138
4207 11.4165
4208 11.4192
4209 11.4218
4210 11.4245
4211 11.4271
4212 11.4298
4213 11.4325
4214 11.4351
4215 11.4378
4216 11.4404
4217 11.4431
4218 11.4457
4219 11.4484
4220 11.451
4221 11.4537
4222 11.4564
4223 11.459
4224 11.4617
4225 11.4643
4226 11.467
4227 11.4696
4228 11.4723
4229 11.4749
4230 11.4776
4231 11.4803
4232 11.4829
4233 11.4856
4234 11.4882
4235 11.4909
4236 11.4936
4237 11.4962
4238 11.4989
4239 11.5015
4240 11.5042
4241 11.5069
4242 11.5095
4243 11.5122
4244 11.5149
4245 11.5175
4246 11.5202
4247 11.5228
4248 11.5255
4249 11.5281
4250 11.5308
4251 11.5335
4252 11.5361
4253 11.5388
4254 11.5414
4255 11.5441
4256 11.5467
4257 11.5494
4258 11.552
4259 11.5546
4260 11.5573
4261 11.5599
4262 11.5626
4263 11.5652
4264 11.5679
4265 11.5705
4266 11.5732
4267 11.5758
4268 11.5784
4269 11.5811
4270 11.5837
4271 11.5864
4272 11.589
4273 11.5916
4274 11.5942
4275 11.5969
4276 11.5995
4277 11.6021
4278 11.6047
4279 11.6073
4280 11.61
4281 11.6126
4282 11.6152
4283 11.6178
4284 11.6204
4285 11.623
4286 11.6257
4287 11.6283
4288 11.6309
4289 11.6335
4290 11.6361
4291 11.6387
4292 11.6413
4293 11.6439
4294 11.6465
4295 11.6491
4296 11.6517
4297 11.6543
4298 11.6569
4299 11.6595
4300 11.6621
4301 11.6647
4302 11.6673
4303 11.6699
4304 11.6725
4305 11.6751
4306 11.6777
4307 11.6803
4308 11.683
4309 11.6856
4310 11.6882
4311 11.6908
4312 11.6934
4313 11.696
4314 11.6986
4315 11.7012
4316 11.7038
4317 11.7064
4318 11.709
4319 11.7116
4320 11.7142
4321 11.7168
4322 11.7194
4323 11.722
4324 11.7246
4325 11.7272
4326 11.7297
4327 11.7323
4328 11.7349
4329 11.7375
4330 11.74
4331 11.7426
4332 11.7452
4333 11.7478
4334 11.7503
4335 11.7529
4336 11.7554
4337 11.758
4338 11.7606
4339 11.7631
4340 11.7657
4341 11.7682
4342 11.7708
4343 11.7734
4344 11.7759
4345 11.7785
4346 11.781
4347 11.7836
4348 11.7861
4349 11.7887
4350 11.7912
4351 11.7938
4352 11.7963
4353 11.7989
4354 11.8014
4355 11.8039
4356 11.8065
4357 11.809
4358 11.8116
4359 11.8141
4360 11.8167
4361 11.8192
4362 11.8218
4363 11.8243
4364 11.8269
4365 11.8294
4366 11.832
4367 11.8345
4368 11.8371
4369 11.8396
4370 11.8422
4371 11.8447
4372 11.8473
4373 11.8498
4374 11.8524
4375 11.8549
4376 11.8575
4377 11.86
4378 11.8626
4379 11.8651
4380 11.8676
4381 11.8702
4382 11.8727
4383 11.8753
4384 11.8778
4385 11.8804
4386 11.8829
4387 11.8855
4388 11.888
4389 11.8906
4390 11.8931
4391 11.8957
4392 11.8982
4393 11.9008
4394 11.9033
4395 11.9058
4396 11.9084
4397 11.9109
4398 11.9135
4399 11.916
4400 11.9186
4401 11.9211
4402 11.9237
4403 11.9262
4404 11.9288
4405 11.9313
4406 11.9339
4407 11.9364
4408 11.939
4409 11.9415
4410 11.9441
4411 11.9466
4412 11.9492
4413 11.9517
4414 11.9543
4415 11.9568
4416 11.9594
4417 11.962
4418 11.9645
4419 11.9671
4420 11.9696
4421 11.9722
4422 11.9747
4423 11.9773
4424 11.9798
4425 11.9824
4426 11.9849
4427 11.9875
4428 11.99
4429 11.9926
4430 11.9951
4431 11.9977
4432 12.0002
4433 12.0028
4434 12.0053
4435 12.0079
4436 12.0104
4437 12.013
4438 12.0155
4439 12.0181
4440 12.0206
4441 12.0232
4442 12.0257
4443 12.0283
4444 12.0308
4445 12.0334
4446 12.0359
4447 12.0385
4448 12.041
4449 12.0436
4450 12.0461
4451 12.0487
4452 12.0512
4453 12.0538
4454 12.0563
4455 12.0589
4456 12.0614
4457 12.064
4458 12.0665
4459 12.069
4460 12.0716
4461 12.0741
4462 12.0767
4463 12.0792
4464 12.0818
4465 12.0843
4466 12.0868
4467 12.0894
4468 12.0919
4469 12.0945
4470 12.097
4471 12.0996
4472 12.1021
4473 12.1046
4474 12.1072
4475 12.1097
4476 12.1123
4477 12.1148
4478 12.1174
4479 12.1199
4480 12.1224
4481 12.125
4482 12.1275
4483 12.1301
4484 12.1326
4485 12.1352
4486 12.1377
4487 12.1402
4488 12.1428
4489 12.1453
4490 12.1479
4491 12.1504
4492 12.153
4493 12.1555
4494 12.1581
4495 12.1606
4496 12.1632
4497 12.1657
4498 12.1682
4499 12.1708
4500 12.1733
4501 12.1759
4502 12.1785
4503 12.181
4504 12.1836
4505 12.1861
4506 12.1887
4507 12.1912
4508 12.1938
4509 12.1963
4510 12.1989
4511 12.2014
4512 12.204
4513 12.2065
4514 12.2091
4515 12.2116
4516 12.2142
4517 12.2167
4518 12.2193
4519 12.2218
4520 12.2243
4521 12.2269
4522 12.2294
4523 12.232
4524 12.2345
4525 12.2371
4526 12.2396
4527 12.2422
4528 12.2447
4529 12.2473
4530 12.2498
4531 12.2524
4532 12.2549
4533 12.2575
4534 12.26
4535 12.2626
4536 12.2651
4537 12.2677
4538 12.2702
4539 12.2728
4540 12.2753
4541 12.2779
4542 12.2804
4543 12.2829
4544 12.2855
4545 12.288
4546 12.2906
4547 12.2931
4548 12.2957
4549 12.2982
4550 12.3008
4551 12.3033
4552 12.3058
4553 12.3084
4554 12.3109
4555 12.3134
4556 12.316
4557 12.3185
4558 12.3211
4559 12.3236
4560 12.3261
4561 12.3287
4562 12.3312
4563 12.3337
4564 12.3363
4565 12.3388
4566 12.3413
4567 12.3439
4568 12.3464
4569 12.3489
4570 12.3515
4571 12.354
4572 12.3565
4573 12.3591
4574 12.3616
4575 12.3641
4576 12.3667
4577 12.3692
4578 12.3717
4579 12.3742
4580 12.3768
4581 12.3793
4582 12.3818
4583 12.3844
4584 12.3869
4585 12.3894
4586 12.3919
4587 12.3945
4588 12.397
4589 12.3995
4590 12.402
4591 12.4045
4592 12.4071
4593 12.4096
4594 12.4121
4595 12.4146
4596 12.4171
4597 12.4197
4598 12.4222
4599 12.4247
4600 12.4272
4601 12.4297
4602 12.4322
4603 12.4348
4604 12.4373
4605 12.4398
4606 12.4423
4607 12.4448
4608 12.4473
4609 12.4498
4610 12.4523
4611 12.4548
4612 12.4573
4613 12.4598
4614 12.4623
4615 12.4648
4616 12.4673
4617 12.4698
4618 12.4723
4619 12.4748
4620 12.4773
4621 12.4798
4622 12.4823
4623 12.4848
4624 12.4873
4625 12.4897
4626 12.4922
4627 12.4947
4628 12.4972
4629 12.4997
4630 12.5022
4631 12.5046
4632 12.5071
4633 12.5096
4634 12.5121
4635 12.5145
4636 12.517
4637 12.5195
4638 12.5219
4639 12.5244
4640 12.5269
4641 12.5293
4642 12.5318
4643 12.5343
4644 12.5367
4645 12.5392
4646 12.5417
4647 12.5441
4648 12.5466
4649 12.5491
4650 12.5515
4651 12.554
4652 12.5564
4653 12.5589
4654 12.5614
4655 12.5638
4656 12.5663
4657 12.5687
4658 12.5712
4659 12.5736
4660 12.5761
4661 12.5786
4662 12.581
4663 12.5835
4664 12.5859
4665 12.5884
4666 12.5909
4667 12.5933
4668 12.5958
4669 12.5982
4670 12.6007
4671 12.6031
4672 12.6056
4673 12.6081
4674 12.6105
4675 12.613
4676 12.6154
4677 12.6179
4678 12.6203
4679 12.6228
4680 12.6252
4681 12.6277
4682 12.6301
4683 12.6326
4684 12.635
4685 12.6375
4686 12.6399
4687 12.6424
4688 12.6449
4689 12.6473
4690 12.6498
4691 12.6522
4692 12.6546
4693 12.6571
4694 12.6595
4695 12.662
4696 12.6644
4697 12.6668
4698 12.6693
4699 12.6717
4700 12.6741
4701 12.6766
4702 12.679
4703 12.6814
4704 12.6839
4705 12.6863
4706 12.6887
4707 12.6911
4708 12.6936
4709 12.696
4710 12.6984
4711 12.7009
4712 12.7033
4713 12.7057
4714 12.7081
4715 12.7106
4716 12.713
4717 12.7154
4718 12.7178
4719 12.7202
4720 12.7227
4721 12.7251
4722 12.7275
4723 12.7299
4724 12.7323
4725 12.7347
4726 12.7372
4727 12.7396
4728 12.742
4729 12.7444
4730 12.7468
4731 12.7493
4732 12.7517
4733 12.7541
4734 12.7565
4735 12.759
4736 12.7614
4737 12.7638
4738 12.7662
4739 12.7687
4740 12.7711
4741 12.7735
4742 12.7759
4743 12.7784
4744 12.7808
4745 12.7832
4746 12.7857
4747 12.7881
4748 12.7905
4749 12.793
4750 12.7954
4751 12.7978
4752 12.8003
4753 12.8027
4754 12.8051
4755 12.8076
4756 12.81
4757 12.8125
4758 12.8149
4759 12.8174
4760 12.8198
4761 12.8222
4762 12.8247
4763 12.8271
4764 12.8296
4765 12.832
4766 12.8345
4767 12.8369
4768 12.8394
4769 12.8419
4770 12.8443
4771 12.8468
4772 12.8492
4773 12.8517
4774 12.8541
4775 12.8565
4776 12.859
4777 12.8614
4778 12.8639
4779 12.8663
4780 12.8688
4781 12.8712
4782 12.8737
4783 12.8761
4784 12.8786
4785 12.881
4786 12.8835
4787 12.886
4788 12.8884
4789 12.8909
4790 12.8933
4791 12.8958
4792 12.8982
4793 12.9007
4794 12.9032
4795 12.9056
4796 12.9081
4797 12.9105
4798 12.913
4799 12.9155
4800 12.9179
4801 12.9204
4802 12.9228
4803 12.9253
4804 12.9278
4805 12.9302
4806 12.9327
4807 12.9351
4808 12.9376
4809 12.9401
4810 12.9425
4811 12.945
4812 12.9475
4813 12.9499
4814 12.9524
4815 12.9549
4816 12.9573
4817 12.9598
4818 12.9623
4819 12.9647
4820 12.9672
4821 12.9696
4822 12.9721
4823 12.9746
4824 12.977
4825 12.9795
4826 12.9819
4827 12.9844
4828 12.9869
4829 12.9893
4830 12.9918
4831 12.9942
4832 12.9967
4833 12.9991
4834 13.0016
4835 13.004
4836 13.0065
4837 13.0089
4838 13.0113
4839 13.0138
4840 13.0162
4841 13.0187
4842 13.0211
4843 13.0235
4844 13.026
4845 13.0284
4846 13.0308
4847 13.0333
4848 13.0357
4849 13.0381
4850 13.0406
4851 13.043
4852 13.0454
4853 13.0478
4854 13.0503
4855 13.0527
4856 13.0551
4857 13.0575
4858 13.06
4859 13.0624
4860 13.0648
4861 13.0672
4862 13.0697
4863 13.0721
4864 13.0745
4865 13.0769
4866 13.0794
4867 13.0818
4868 13.0842
4869 13.0866
4870 13.0891
4871 13.0915
4872 13.0939
4873 13.0964
4874 13.0988
4875 13.1012
4876 13.1036
4877 13.106
4878 13.1085
4879 13.1109
4880 13.1133
4881 13.1157
4882 13.1181
4883 13.1206
4884 13.123
4885 13.1254
4886 13.1278
4887 13.1302
4888 13.1326
4889 13.1351
4890 13.1375
4891 13.1399
4892 13.1423
4893 13.1447
4894 13.1471
4895 13.1496
4896 13.152
4897 13.1544
4898 13.1568
4899 13.1593
4900 13.1617
4901 13.1641
4902 13.1665
4903 13.169
4904 13.1714
4905 13.1738
4906 13.1763
4907 13.1787
4908 13.1811
4909 13.1836
4910 13.186
4911 13.1884
4912 13.1908
4913 13.1933
4914 13.1957
4915 13.1981
4916 13.2006
4917 13.203
4918 13.2054
4919 13.2079
4920 13.2103
4921 13.2128
4922 13.2152
4923 13.2176
4924 13.2201
4925 13.2225
4926 13.2249
4927 13.2274
4928 13.2298
4929 13.2322
4930 13.2347
4931 13.2371
4932 13.2395
4933 13.242
4934 13.2444
4935 13.2469
4936 13.2493
4937 13.2517
4938 13.2542
4939 13.2566
4940 13.259
4941 13.2615
4942 13.2639
4943 13.2664
4944 13.2688
4945 13.2712
4946 13.2737
4947 13.2761
4948 13.2785
4949 13.281
4950 13.2834
4951 13.2859
4952 13.2883
4953 13.2907
4954 13.2932
4955 13.2956
4956 13.2981
4957 13.3005
4958 13.3029
4959 13.3054
4960 13.3078
4961 13.3102
4962 13.3127
4963 13.3151
4964 13.3175
4965 13.3199
4966 13.3224
4967 13.3248
4968 13.3272
4969 13.3297
4970 13.3321
4971 13.3345
4972 13.3369
4973 13.3394
4974 13.3418
4975 13.3442
4976 13.3467
4977 13.3491
4978 13.3515
4979 13.3539
4980 13.3564
4981 13.3588
4982 13.3612
4983 13.3636
4984 13.3661
4985 13.3685
4986 13.3709
4987 13.3733
4988 13.3757
4989 13.3782
4990 13.3806
4991 13.383
4992 13.3854
4993 13.3879
4994 13.3903
4995 13.3927
4996 13.3952
4997 13.3976
4998 13.4
4999 13.4025
5000 13.4049
5001 13.4073
5002 13.4098
5003 13.4122
5004 13.4146
5005 13.4171
5006 13.4195
5007 13.4219
5008 13.4244
5009 13.4268
5010 13.4293
5011 13.4317
5012 13.4341
5013 13.4366
5014 13.439
5015 13.4414
5016 13.4439
5017 13.4463
5018 13.4487
5019 13.4512
5020 13.4536
5021 13.456
5022 13.4584
5023 13.4609
5024 13.4633
5025 13.4657
5026 13.4681
5027 13.4706
5028 13.473
5029 13.4754
5030 13.4778
5031 13.4803
5032 13.4827
5033 13.4851
5034 13.4875
5035 13.49
5036 13.4924
5037 13.4948
5038 13.4972
5039 13.4997
5040 13.5021
5041 13.5045
5042 13.5069
5043 13.5094
5044 13.5118
5045 13.5142
5046 13.5166
5047 13.5191
5048 13.5215
5049 13.5239
5050 13.5263
5051 13.5288
5052 13.5312
5053 13.5336
5054 13.5361
5055 13.5385
5056 13.5409
5057 13.5434
5058 13.5458
5059 13.5482
5060 13.5507
5061 13.5531
5062 13.5555
5063 13.5579
5064 13.5604
5065 13.5628
5066 13.5652
5067 13.5677
5068 13.5701
5069 13.5726
5070 13.575
5071 13.5774
5072 13.5799
5073 13.5823
5074 13.5847
5075 13.5872
5076 13.5896
5077 13.5921
5078 13.5945
5079 13.5969
5080 13.5994
5081 13.6018
5082 13.6043
5083 13.6067
5084 13.6092
5085 13.6116
5086 13.6141
5087 13.6165
5088 13.6189
5089 13.6214
5090 13.6238
5091 13.6263
5092 13.6287
5093 13.6311
5094 13.6336
5095 13.636
5096 13.6385
5097 13.6409
5098 13.6433
5099 13.6458
5100 13.6482
5101 13.6506
5102 13.6531
5103 13.6555
5104 13.658
5105 13.6604
5106 13.6628
5107 13.6653
5108 13.6677
5109 13.6701
5110 13.6726
5111 13.675
5112 13.6774
5113 13.6799
5114 13.6823
5115 13.6847
5116 13.6872
5117 13.6896
5118 13.692
5119 13.6945
5120 13.6969
5121 13.6993
5122 13.7018
5123 13.7042
5124 13.7066
5125 13.7091
5126 13.7115
5127 13.7139
5128 13.7163
5129 13.7188
5130 13.7212
5131 13.7236
5132 13.726
5133 13.7285
5134 13.7309
5135 13.7333
5136 13.7357
5137 13.7382
5138 13.7406
5139 13.743
5140 13.7454
5141 13.7478
5142 13.7503
5143 13.7527
5144 13.7551
5145 13.7575
5146 13.7599
5147 13.7623
5148 13.7647
5149 13.7672
5150 13.7696
5151 13.772
5152 13.7744
5153 13.7768
5154 13.7792
5155 13.7817
5156 13.7841
5157 13.7865
5158 13.7889
5159 13.7913
5160 13.7937
5161 13.7962
5162 13.7986
5163 13.801
5164 13.8034
5165 13.8058
5166 13.8082
5167 13.8107
5168 13.8131
5169 13.8155
5170 13.8179
5171 13.8203
5172 13.8228
5173 13.8252
5174 13.8276
5175 13.83
5176 13.8325
5177 13.8349
5178 13.8373
5179 13.8397
5180 13.8422
5181 13.8446
5182 13.847
5183 13.8494
5184 13.8519
5185 13.8543
5186 13.8567
5187 13.8591
5188 13.8616
5189 13.864
5190 13.8665
5191 13.8689
5192 13.8713
5193 13.8738
5194 13.8762
5195 13.8786
5196 13.8811
5197 13.8835
5198 13.8859
5199 13.8884
5200 13.8908
5201 13.8933
5202 13.8957
5203 13.8981
5204 13.9006
5205 13.903
5206 13.9055
5207 13.9079
5208 13.9103
5209 13.9128
5210 13.9152
5211 13.9176
5212 13.9201
5213 13.9225
5214 13.925
5215 13.9274
5216 13.9299
5217 13.9323
5218 13.9347
5219 13.9372
5220 13.9396
5221 13.9421
5222 13.9445
5223 13.947
5224 13.9494
5225 13.9518
5226 13.9543
5227 13.9567
5228 13.9592
5229 13.9616
5230 13.964
5231 13.9665
5232 13.9689
5233 13.9713
5234 13.9738
5235 13.9762
5236 13.9787
5237 13.9811
5238 13.9835
5239 13.986
5240 13.9884
5241 13.9909
5242 13.9933
5243 13.9957
5244 13.9982
5245 14.0006
5246 14.0031
5247 14.0055
5248 14.008
5249 14.0105
5250 14.0129
5251 14.0154
5252 14.0178
5253 14.0203
5254 14.0227
5255 14.0252
5256 14.0276
5257 14.0301
5258 14.0325
5259 14.035
5260 14.0374
5261 14.0399
5262 14.0423
5263 14.0448
5264 14.0472
5265 14.0497
5266 14.0521
5267 14.0546
5268 14.057
5269 14.0594
5270 14.0618
5271 14.0642
5272 14.0667
5273 14.0691
5274 14.0715
5275 14.0739
5276 14.0764
5277 14.0788
5278 14.0812
5279 14.0836
5280 14.086
5281 14.0884
5282 14.0909
5283 14.0933
5284 14.0957
5285 14.0981
5286 14.1005
5287 14.1029
5288 14.1053
5289 14.1078
5290 14.1102
5291 14.1126
5292 14.115
5293 14.1174
5294 14.1198
5295 14.1222
5296 14.1246
5297 14.127
5298 14.1294
5299 14.1318
5300 14.1342
5301 14.1366
5302 14.139
5303 14.1415
5304 14.1439
5305 14.1463
5306 14.1487
5307 14.1511
5308 14.1535
5309 14.1559
5310 14.1583
5311 14.1607
5312 14.1631
5313 14.1655
5314 14.1679
5315 14.1703
5316 14.1727
5317 14.1751
5318 14.1775
5319 14.1799
5320 14.1824
5321 14.1848
5322 14.1872
5323 14.1896
5324 14.192
5325 14.1944
5326 14.1968
5327 14.1992
5328 14.2016
5329 14.204
5330 14.2064
5331 14.2089
5332 14.2113
5333 14.2137
5334 14.2161
5335 14.2185
5336 14.2209
5337 14.2234
5338 14.2258
5339 14.2282
5340 14.2306
5341 14.233
5342 14.2355
5343 14.2379
5344 14.2403
5345 14.2427
5346 14.2452
5347 14.2476
5348 14.25
5349 14.2524
5350 14.2549
5351 14.2573
5352 14.2597
5353 14.2622
5354 14.2646
5355 14.267
5356 14.2695
5357 14.2719
5358 14.2743
5359 14.2768
5360 14.2792
5361 14.2816
5362 14.2841
5363 14.2865
5364 14.2889
5365 14.2914
5366 14.2938
5367 14.2962
5368 14.2987
5369 14.3011
5370 14.3035
5371 14.306
5372 14.3084
5373 14.3108
5374 14.3133
5375 14.3157
5376 14.3181
5377 14.3206
5378 14.323
5379 14.3254
5380 14.3279
5381 14.3303
5382 14.3327
5383 14.3352
5384 14.3376
5385 14.3401
5386 14.3425
5387 14.345
5388 14.3474
5389 14.3499
5390 14.3523
5391 14.3547
5392 14.3572
5393 14.3596
5394 14.3621
5395 14.3645
5396 14.367
5397 14.3694
5398 14.3719
5399 14.3743
5400 14.3768
5401 14.3792
5402 14.3817
5403 14.3841
5404 14.3866
5405 14.3891
5406 14.3915
5407 14.394
5408 14.3964
5409 14.3989
5410 14.4013
5411 14.4038
5412 14.4063
5413 14.4087
5414 14.4112
5415 14.4136
5416 14.4161
5417 14.4186
5418 14.421
5419 14.4235
5420 14.426
5421 14.4285
5422 14.431
5423 14.4335
5424 14.436
5425 14.4384
5426 14.4409
5427 14.4434
5428 14.4459
5429 14.4484
5430 14.4509
5431 14.4534
5432 14.4559
5433 14.4584
5434 14.4609
5435 14.4634
5436 14.4659
5437 14.4684
5438 14.4709
5439 14.4734
5440 14.4759
5441 14.4784
5442 14.4809
5443 14.4834
5444 14.4859
5445 14.4884
5446 14.4909
5447 14.4934
5448 14.4959
5449 14.4984
5450 14.5009
5451 14.5034
5452 14.5059
5453 14.5085
5454 14.511
5455 14.5135
5456 14.516
5457 14.5185
5458 14.5209
5459 14.5234
5460 14.5259
5461 14.5284
5462 14.5309
5463 14.5334
5464 14.536
5465 14.5385
5466 14.541
5467 14.5435
5468 14.546
5469 14.5485
5470 14.551
5471 14.5535
5472 14.556
5473 14.5586
5474 14.5611
5475 14.5636
5476 14.5661
5477 14.5687
5478 14.5712
5479 14.5737
5480 14.5762
5481 14.5787
5482 14.5813
5483 14.5838
5484 14.5863
5485 14.5888
5486 14.5914
5487 14.5939
5488 14.5964
5489 14.599
5490 14.6015
5491 14.604
5492 14.6065
5493 14.6091
5494 14.6116
5495 14.6141
5496 14.6166
5497 14.6192
5498 14.6217
5499 14.6242
5500 14.6267
5501 14.6293
5502 14.6318
5503 14.6343
5504 14.6368
5505 14.6394
5506 14.6419
5507 14.6444
5508 14.6469
5509 14.6495
5510 14.652
5511 14.6545
5512 14.657
5513 14.6596
5514 14.6621
5515 14.6646
5516 14.6672
5517 14.6697
5518 14.6723
5519 14.6748
5520 14.6774
5521 14.6799
5522 14.6824
5523 14.685
5524 14.6875
5525 14.6901
5526 14.6926
5527 14.6952
5528 14.6977
5529 14.7003
5530 14.7028
5531 14.7054
5532 14.708
5533 14.7105
5534 14.7131
5535 14.7156
5536 14.7182
5537 14.7207
5538 14.7233
5539 14.7259
5540 14.7284
5541 14.731
5542 14.7335
5543 14.7361
5544 14.7387
5545 14.7412
5546 14.7438
5547 14.7464
5548 14.7489
5549 14.7515
5550 14.7541
5551 14.7566
5552 14.7592
5553 14.7618
5554 14.7644
5555 14.7669
5556 14.7695
5557 14.7721
5558 14.7747
5559 14.7772
5560 14.7798
5561 14.7824
5562 14.785
5563 14.7876
5564 14.7901
5565 14.7927
5566 14.7953
5567 14.7979
5568 14.8005
5569 14.803
5570 14.8056
5571 14.8082
5572 14.8108
5573 14.8134
5574 14.816
5575 14.8186
5576 14.8211
5577 14.8237
5578 14.8263
5579 14.8289
5580 14.8315
5581 14.8341
5582 14.8367
5583 14.8393
5584 14.8419
5585 14.8444
5586 14.847
5587 14.8496
5588 14.8522
5589 14.8548
5590 14.8574
5591 14.86
5592 14.8626
5593 14.8652
5594 14.8678
5595 14.8704
5596 14.873
5597 14.8755
5598 14.8781
5599 14.8807
5600 14.8833
5601 14.8859
5602 14.8885
5603 14.8911
5604 14.8937
5605 14.8962
5606 14.8988
5607 14.9014
5608 14.904
5609 14.9066
5610 14.9092
5611 14.9118
5612 14.9143
5613 14.9169
5614 14.9195
5615 14.9221
5616 14.9247
5617 14.9273
5618 14.9299
5619 14.9324
5620 14.935
5621 14.9376
5622 14.9402
5623 14.9428
5624 14.9454
5625 14.948
5626 14.9505
5627 14.9531
5628 14.9557
5629 14.9583
5630 14.9609
5631 14.9635
5632 14.9661
5633 14.9687
5634 14.9713
5635 14.9739
5636 14.9764
5637 14.979
5638 14.9816
5639 14.9842
5640 14.9868
5641 14.9894
5642 14.992
5643 14.9946
5644 14.9972
5645 14.9998
5646 15.0024
5647 15.005
5648 15.0076
5649 15.0101
5650 15.0127
5651 15.0153
5652 15.0179
5653 15.0205
5654 15.0231
5655 15.0257
5656 15.0283
5657 15.0309
5658 15.0335
5659 15.0361
5660 15.0386
5661 15.0412
5662 15.0438
5663 15.0464
5664 15.049
5665 15.0515
5666 15.0541
5667 15.0567
5668 15.0593
5669 15.0618
5670 15.0644
5671 15.067
5672 15.0695
5673 15.0721
5674 15.0747
5675 15.0773
5676 15.0798
5677 15.0824
5678 15.085
5679 15.0876
5680 15.0901
5681 15.0927
5682 15.0953
5683 15.0979
5684 15.1005
5685 15.103
5686 15.1056
5687 15.1082
5688 15.1108
5689 15.1134
5690 15.1159
5691 15.1185
5692 15.1211
5693 15.1237
5694 15.1262
5695 15.1288
5696 15.1314
5697 15.134
5698 15.1366
5699 15.1391
5700 15.1417
5701 15.1443
5702 15.1469
5703 15.1494
5704 15.152
5705 15.1546
5706 15.1572
5707 15.1597
5708 15.1623
5709 15.1649
5710 15.1674
5711 15.17
5712 15.1726
5713 15.1752
5714 15.1777
5715 15.1803
5716 15.1829
5717 15.1854
5718 15.188
5719 15.1905
5720 15.1931
5721 15.1957
5722 15.1982
5723 15.2008
5724 15.2034
5725 15.2059
5726 15.2085
5727 15.211
5728 15.2136
5729 15.2162
5730 15.2187
5731 15.2213
5732 15.2239
5733 15.2264
5734 15.229
5735 15.2316
5736 15.2341
5737 15.2367
5738 15.2393
5739 15.2418
5740 15.2444
5741 15.2469
5742 15.2495
5743 15.2521
5744 15.2546
5745 15.2572
5746 15.2598
5747 15.2623
5748 15.2649
5749 15.2675
5750 15.2701
5751 15.2726
5752 15.2752
5753 15.2778
5754 15.2804
5755 15.2829
5756 15.2855
5757 15.2881
5758 15.2906
5759 15.2932
5760 15.2958
5761 15.2984
5762 15.3009
5763 15.3035
5764 15.3061
5765 15.3086
5766 15.3112
5767 15.3137
5768 15.3163
5769 15.3188
5770 15.3214
5771 15.3239
5772 15.3265
5773 15.329
5774 15.3316
5775 15.3341
5776 15.3366
5777 15.3392
5778 15.3417
5779 15.3442
5780 15.3468
5781 15.3493
5782 15.3518
5783 15.3543
5784 15.3569
5785 15.3594
5786 15.3619
5787 15.3644
5788 15.367
5789 15.3695
5790 15.372
5791 15.3745
5792 15.377
5793 15.3795
5794 15.382
5795 15.3845
5796 15.387
5797 15.3896
5798 15.3921
5799 15.3946
5800 15.3971
5801 15.3996
5802 15.4021
5803 15.4046
5804 15.4071
5805 15.4096
5806 15.4121
5807 15.4146
5808 15.4171
5809 15.4196
5810 15.4221
5811 15.4246
5812 15.4271
5813 15.4296
5814 15.4321
5815 15.4346
5816 15.4371
5817 15.4396
5818 15.4421
5819 15.4446
5820 15.4471
5821 15.4496
5822 15.4521
5823 15.4545
5824 15.457
5825 15.4595
5826 15.462
5827 15.4645
5828 15.467
5829 15.4695
5830 15.472
5831 15.4745
5832 15.477
5833 15.4795
5834 15.4819
5835 15.4844
5836 15.4869
5837 15.4894
5838 15.4919
5839 15.4944
5840 15.4969
5841 15.4994
5842 15.5019
5843 15.5044
5844 15.5069
5845 15.5094
5846 15.5119
5847 15.5144
5848 15.5169
5849 15.5194
5850 15.5219
5851 15.5244
5852 15.5269
5853 15.5294
5854 15.5319
5855 15.5344
5856 15.5369
5857 15.5394
5858 15.5419
5859 15.5444
5860 15.5469
5861 15.5494
5862 15.5518
5863 15.5543
5864 15.5568
5865 15.5593
5866 15.5618
5867 15.5643
5868 15.5668
5869 15.5693
5870 15.5718
5871 15.5744
5872 15.5769
5873 15.5794
5874 15.5819
5875 15.5844
5876 15.5869
5877 15.5894
5878 15.592
5879 15.5945
5880 15.597
5881 15.5995
5882 15.6021
5883 15.6046
5884 15.6071
5885 15.6096
5886 15.6122
5887 15.6147
5888 15.6172
5889 15.6198
5890 15.6223
5891 15.6248
5892 15.6274
5893 15.6299
5894 15.6325
5895 15.635
5896 15.6375
5897 15.6401
5898 15.6426
5899 15.6452
5900 15.6477
5901 15.6503
5902 15.6528
5903 15.6554
5904 15.6579
5905 15.6605
5906 15.663
5907 15.6656
5908 15.6681
5909 15.6707
5910 15.6732
5911 15.6758
5912 15.6783
5913 15.6809
5914 15.6835
5915 15.686
5916 15.6886
5917 15.6911
5918 15.6937
5919 15.6962
5920 15.6988
5921 15.7013
5922 15.7039
5923 15.7064
5924 15.709
5925 15.7115
5926 15.7141
5927 15.7166
5928 15.7191
5929 15.7217
5930 15.7242
5931 15.7268
5932 15.7293
5933 15.7319
5934 15.7344
5935 15.7369
5936 15.7395
5937 15.742
5938 15.7446
5939 15.7471
5940 15.7497
5941 15.7522
5942 15.7548
5943 15.7573
5944 15.7598
5945 15.7624
5946 15.7649
5947 15.7675
5948 15.77
5949 15.7726
5950 15.7751
5951 15.7777
5952 15.7802
5953 15.7828
5954 15.7853
5955 15.7879
5956 15.7904
5957 15.793
5958 15.7955
5959 15.798
5960 15.8006
5961 15.8031
5962 15.8056
5963 15.8082
5964 15.8107
5965 15.8132
5966 15.8158
5967 15.8183
5968 15.8208
5969 15.8233
5970 15.8259
5971 15.8284
5972 15.8309
5973 15.8335
5974 15.836
5975 15.8385
5976 15.841
5977 15.8436
5978 15.8461
5979 15.8486
5980 15.8511
5981 15.8536
5982 15.8562
5983 15.8587
5984 15.8612
5985 15.8637
5986 15.8662
5987 15.8688
5988 15.8713
5989 15.8738
5990 15.8763
5991 15.8788
5992 15.8814
5993 15.8839
5994 15.8864
5995 15.8889
5996 15.8914
5997 15.8939
5998 15.8965
5999 15.899
6000 15.9015
6001 15.904
6002 15.9065
6003 15.909
6004 15.9116
6005 15.9141
6006 15.9166
6007 15.9191
6008 15.9217
6009 15.9242
6010 15.9267
6011 15.9292
6012 15.9318
6013 15.9343
6014 15.9368
6015 15.9394
6016 15.9419
6017 15.9444
6018 15.9469
6019 15.9495
6020 15.952
6021 15.9545
6022 15.9571
6023 15.9596
6024 15.9621
6025 15.9647
6026 15.9672
6027 15.9697
6028 15.9723
6029 15.9748
6030 15.9774
6031 15.9799
6032 15.9824
6033 15.985
6034 15.9875
6035 15.9901
6036 15.9926
6037 15.9952
6038 15.9977
6039 16.0003
6040 16.0028
6041 16.0053
6042 16.0079
6043 16.0105
6044 16.013
6045 16.0156
6046 16.0181
6047 16.0207
6048 16.0232
6049 16.0258
6050 16.0284
6051 16.0309
6052 16.0335
6053 16.036
6054 16.0386
6055 16.0412
6056 16.0438
6057 16.0463
6058 16.0489
6059 16.0515
6060 16.0541
6061 16.0566
6062 16.0592
6063 16.0618
6064 16.0644
6065 16.0669
6066 16.0695
6067 16.0721
6068 16.0747
6069 16.0772
6070 16.0798
6071 16.0824
6072 16.085
6073 16.0876
6074 16.0901
6075 16.0927
6076 16.0953
6077 16.0979
6078 16.1004
6079 16.103
6080 16.1056
6081 16.1082
6082 16.1108
6083 16.1134
6084 16.1159
6085 16.1185
6086 16.1211
6087 16.1237
6088 16.1263
6089 16.1289
6090 16.1314
6091 16.134
6092 16.1366
6093 16.1392
6094 16.1418
6095 16.1444
6096 16.147
6097 16.1496
6098 16.1522
6099 16.1547
6100 16.1573
6101 16.1599
6102 16.1625
6103 16.1651
6104 16.1677
6105 16.1702
6106 16.1728
6107 16.1754
6108 16.178
6109 16.1806
6110 16.1831
6111 16.1857
6112 16.1883
6113 16.1909
6114 16.1934
6115 16.196
6116 16.1986
6117 16.2012
6118 16.2037
6119 16.2063
6120 16.2089
6121 16.2114
6122 16.214
6123 16.2166
6124 16.2191
6125 16.2217
6126 16.2243
6127 16.2269
6128 16.2294
6129 16.232
6130 16.2346
6131 16.2371
6132 16.2397
6133 16.2422
6134 16.2448
6135 16.2473
6136 16.2499
6137 16.2524
6138 16.255
6139 16.2576
6140 16.2601
6141 16.2627
6142 16.2652
6143 16.2678
6144 16.2703
6145 16.2729
6146 16.2754
6147 16.278
6148 16.2806
6149 16.2831
6150 16.2857
6151 16.2882
6152 16.2908
6153 16.2933
6154 16.2959
6155 16.2984
6156 16.301
6157 16.3036
6158 16.3061
6159 16.3087
6160 16.3113
6161 16.3138
6162 16.3164
6163 16.319
6164 16.3215
6165 16.3241
6166 16.3267
6167 16.3292
6168 16.3318
6169 16.3344
6170 16.3369
6171 16.3395
6172 16.342
6173 16.3446
6174 16.3472
6175 16.3497
6176 16.3523
6177 16.3549
6178 16.3574
6179 16.36
6180 16.3626
6181 16.3651
6182 16.3677
6183 16.3703
6184 16.3728
6185 16.3754
6186 16.378
6187 16.3805
6188 16.3831
6189 16.3857
6190 16.3882
6191 16.3908
6192 16.3934
6193 16.3959
6194 16.3985
6195 16.4011
6196 16.4036
6197 16.4062
6198 16.4088
6199 16.4113
6200 16.4139
6201 16.4165
6202 16.419
6203 16.4216
6204 16.4242
6205 16.4267
6206 16.4293
6207 16.4319
6208 16.4345
6209 16.437
6210 16.4396
6211 16.4422
6212 16.4447
6213 16.4473
6214 16.4499
6215 16.4525
6216 16.455
6217 16.4576
6218 16.4602
6219 16.4628
6220 16.4654
6221 16.4679
6222 16.4705
6223 16.4731
6224 16.4757
6225 16.4783
6226 16.4809
6227 16.4834
6228 16.486
6229 16.4886
6230 16.4912
6231 16.4938
6232 16.4964
6233 16.4989
6234 16.5015
6235 16.5041
6236 16.5067
6237 16.5093
6238 16.5119
6239 16.5145
6240 16.5171
6241 16.5196
6242 16.5222
6243 16.5248
6244 16.5274
6245 16.53
6246 16.5326
6247 16.5352
6248 16.5378
6249 16.5404
6250 16.543
6251 16.5456
6252 16.5482
6253 16.5508
6254 16.5534
6255 16.556
6256 16.5586
6257 16.5612
6258 16.5638
6259 16.5664
6260 16.5689
6261 16.5715
6262 16.5741
6263 16.5767
6264 16.5793
6265 16.5819
6266 16.5845
6267 16.5871
6268 16.5897
6269 16.5923
6270 16.5949
6271 16.5974
6272 16.6
6273 16.6026
6274 16.6052
6275 16.6078
6276 16.6104
6277 16.613
6278 16.6156
6279 16.6182
6280 16.6207
6281 16.6233
6282 16.6259
6283 16.6285
6284 16.6311
6285 16.6337
6286 16.6363
6287 16.6389
6288 16.6415
6289 16.6441
6290 16.6466
6291 16.6492
6292 16.6518
6293 16.6544
6294 16.657
6295 16.6595
6296 16.6621
6297 16.6647
6298 16.6673
6299 16.6698
6300 16.6724
6301 16.675
6302 16.6776
6303 16.6801
6304 16.6827
6305 16.6853
6306 16.6878
6307 16.6904
6308 16.693
6309 16.6955
6310 16.6981
6311 16.7007
6312 16.7032
6313 16.7058
6314 16.7083
6315 16.7109
6316 16.7135
6317 16.716
6318 16.7186
6319 16.7211
6320 16.7237
6321 16.7263
6322 16.7288
6323 16.7314
6324 16.7339
6325 16.7365
6326 16.7391
6327 16.7416
6328 16.7442
6329 16.7468
6330 16.7493
6331 16.7519
6332 16.7544
6333 16.757
6334 16.7596
6335 16.7621
6336 16.7647
6337 16.7673
6338 16.7698
6339 16.7724
6340 16.775
6341 16.7775
6342 16.7801
6343 16.7826
6344 16.7852
6345 16.7878
6346 16.7903
6347 16.7929
6348 16.7955
6349 16.798
6350 16.8006
6351 16.8032
6352 16.8057
6353 16.8083
6354 16.8108
6355 16.8134
6356 16.816
6357 16.8185
6358 16.8211
6359 16.8237
6360 16.8262
6361 16.8288
6362 16.8314
6363 16.8339
6364 16.8365
6365 16.8391
6366 16.8416
6367 16.8442
6368 16.8468
6369 16.8494
6370 16.8519
6371 16.8545
6372 16.8571
6373 16.8596
6374 16.8622
6375 16.8648
6376 16.8674
6377 16.8699
6378 16.8725
6379 16.8751
6380 16.8777
6381 16.8802
6382 16.8828
6383 16.8854
6384 16.8879
6385 16.8905
6386 16.8931
6387 16.8956
6388 16.8982
6389 16.9008
6390 16.9034
6391 16.9059
6392 16.9085
6393 16.9111
6394 16.9137
6395 16.9162
6396 16.9188
6397 16.9214
6398 16.924
6399 16.9265
6400 16.9291
6401 16.9317
6402 16.9343
6403 16.9368
6404 16.9394
6405 16.942
6406 16.9446
6407 16.9472
6408 16.9498
6409 16.9523
6410 16.9549
6411 16.9575
6412 16.9601
6413 16.9627
6414 16.9653
6415 16.9679
6416 16.9705
6417 16.973
6418 16.9756
6419 16.9782
6420 16.9808
6421 16.9834
6422 16.986
6423 16.9886
6424 16.9912
6425 16.9938
6426 16.9964
6427 16.999
6428 17.0016
6429 17.0042
6430 17.0068
6431 17.0093
6432 17.0119
6433 17.0145
6434 17.0171
6435 17.0197
6436 17.0223
6437 17.0249
6438 17.0275
6439 17.0301
6440 17.0327
6441 17.0353
6442 17.0379
6443 17.0405
6444 17.0431
6445 17.0457
6446 17.0483
6447 17.0509
6448 17.0535
6449 17.0561
6450 17.0587
6451 17.0613
6452 17.0639
6453 17.0665
6454 17.0692
6455 17.0718
6456 17.0744
6457 17.077
6458 17.0796
6459 17.0822
6460 17.0848
6461 17.0874
6462 17.09
6463 17.0926
6464 17.0952
6465 17.0978
6466 17.1004
6467 17.103
6468 17.1056
6469 17.1083
6470 17.1109
6471 17.1135
6472 17.1161
6473 17.1187
6474 17.1213
6475 17.1239
6476 17.1266
6477 17.1292
6478 17.1318
6479 17.1344
6480 17.137
6481 17.1396
6482 17.1422
6483 17.1448
6484 17.1475
6485 17.1501
6486 17.1527
6487 17.1553
6488 17.1579
6489 17.1605
6490 17.1631
6491 17.1657
6492 17.1684
6493 17.171
6494 17.1736
6495 17.1762
6496 17.1788
6497 17.1814
6498 17.184
6499 17.1866
6500 17.1893
6501 17.1919
6502 17.1945
6503 17.1971
6504 17.1997
6505 17.2023
6506 17.2049
6507 17.2075
6508 17.2101
6509 17.2127
6510 17.2153
6511 17.2179
6512 17.2205
6513 17.2231
6514 17.2257
6515 17.2283
6516 17.2309
6517 17.2336
6518 17.2362
6519 17.2388
6520 17.2414
6521 17.244
6522 17.2466
6523 17.2492
6524 17.2518
6525 17.2544
6526 17.257
6527 17.2596
6528 17.2622
6529 17.2648
6530 17.2674
6531 17.2699
6532 17.2725
6533 17.2751
6534 17.2777
6535 17.2803
6536 17.2829
6537 17.2855
6538 17.2881
6539 17.2907
6540 17.2933
6541 17.2959
6542 17.2985
6543 17.301
6544 17.3036
6545 17.3062
6546 17.3088
6547 17.3114
6548 17.314
6549 17.3166
6550 17.3191
6551 17.3217
6552 17.3243
6553 17.3269
6554 17.3295
6555 17.3321
6556 17.3347
6557 17.3373
6558 17.3399
6559 17.3425
6560 17.3451
6561 17.3477
6562 17.3502
6563 17.3528
6564 17.3554
6565 17.358
6566 17.3606
6567 17.3632
6568 17.3658
6569 17.3684
6570 17.371
6571 17.3736
6572 17.3762
6573 17.3787
6574 17.3813
6575 17.3839
6576 17.3865
6577 17.3891
6578 17.3917
6579 17.3943
6580 17.3969
6581 17.3995
6582 17.4021
6583 17.4047
6584 17.4073
6585 17.4098
6586 17.4124
6587 17.415
6588 17.4176
6589 17.4202
6590 17.4228
6591 17.4254
6592 17.428
6593 17.4306
6594 17.4332
6595 17.4358
6596 17.4384
6597 17.441
6598 17.4436
6599 17.4461
6600 17.4487
6601 17.4513
6602 17.4539
6603 17.4565
6604 17.4591
6605 17.4617
6606 17.4643
6607 17.4669
6608 17.4695
6609 17.4721
6610 17.4747
6611 17.4773
6612 17.4799
6613 17.4825
6614 17.4851
6615 17.4877
6616 17.4903
6617 17.4929
6618 17.4955
6619 17.4981
6620 17.5007
6621 17.5033
6622 17.5059
6623 17.5085
6624 17.5111
6625 17.5137
6626 17.5163
6627 17.5189
6628 17.5215
6629 17.5241
6630 17.5267
6631 17.5293
6632 17.5319
6633 17.5345
6634 17.5371
6635 17.5398
6636 17.5424
6637 17.545
6638 17.5476
6639 17.5502
6640 17.5528
6641 17.5554
6642 17.558
6643 17.5607
6644 17.5633
6645 17.5659
6646 17.5685
6647 17.5711
6648 17.5738
6649 17.5764
6650 17.579
6651 17.5816
6652 17.5842
6653 17.5869
6654 17.5895
6655 17.5921
6656 17.5947
6657 17.5973
6658 17.6
6659 17.6026
6660 17.6052
6661 17.6078
6662 17.6105
6663 17.6131
6664 17.6157
6665 17.6183
6666 17.6209
6667 17.6235
6668 17.6262
6669 17.6288
6670 17.6314
6671 17.634
6672 17.6366
6673 17.6393
6674 17.6419
6675 17.6445
6676 17.6471
6677 17.6497
6678 17.6523
6679 17.6549
6680 17.6575
6681 17.6601
6682 17.6627
6683 17.6654
6684 17.668
6685 17.6706
6686 17.6732
6687 17.6758
6688 17.6784
6689 17.6811
6690 17.6837
6691 17.6863
6692 17.6889
6693 17.6915
6694 17.6941
6695 17.6968
6696 17.6994
6697 17.702
6698 17.7046
6699 17.7073
6700 17.7099
6701 17.7125
6702 17.7152
6703 17.7178
6704 17.7204
6705 17.7231
6706 17.7257
6707 17.7283
6708 17.731
6709 17.7336
6710 17.7362
6711 17.7389
6712 17.7415
6713 17.7442
6714 17.7468
6715 17.7494
6716 17.7521
6717 17.7547
6718 17.7574
6719 17.76
6720 17.7626
6721 17.7653
6722 17.7679
6723 17.7705
6724 17.7732
6725 17.7758
6726 17.7784
6727 17.7811
6728 17.7837
6729 17.7863
6730 17.789
6731 17.7916
6732 17.7943
6733 17.7969
6734 17.7995
6735 17.8022
6736 17.8048
6737 17.8075
6738 17.8101
6739 17.8128
6740 17.8154
6741 17.8181
6742 17.8207
6743 17.8234
6744 17.8261
6745 17.8287
6746 17.8314
6747 17.834
6748 17.8367
6749 17.8394
6750 17.842
6751 17.8447
6752 17.8473
6753 17.85
6754 17.8527
6755 17.8553
6756 17.858
6757 17.8606
6758 17.8633
6759 17.8659
6760 17.8686
6761 17.8713
6762 17.8739
6763 17.8766
6764 17.8792
6765 17.8819
6766 17.8846
6767 17.8872
6768 17.8899
6769 17.8925
6770 17.8952
6771 17.8979
6772 17.9005
6773 17.9032
6774 17.9058
6775 17.9085
6776 17.9112
6777 17.9138
6778 17.9165
6779 17.9191
6780 17.9218
6781 17.9245
6782 17.9271
6783 17.9298
6784 17.9325
6785 17.9351
6786 17.9378
6787 17.9405
6788 17.9432
6789 17.9458
6790 17.9485
6791 17.9512
6792 17.9539
6793 17.9565
6794 17.9592
6795 17.9619
6796 17.9646
6797 17.9673
6798 17.97
6799 17.9726
6800 17.9753
6801 17.978
6802 17.9807
6803 17.9834
6804 17.9861
6805 17.9887
6806 17.9914
6807 17.9941
6808 17.9968
6809 17.9995
6810 18.0022
6811 18.0049
6812 18.0076
6813 18.0103
6814 18.013
6815 18.0156
6816 18.0183
6817 18.021
6818 18.0237
6819 18.0264
6820 18.0291
6821 18.0318
6822 18.0345
6823 18.0372
6824 18.0399
6825 18.0426
6826 18.0453
6827 18.048
6828 18.0507
6829 18.0534
6830 18.0561
6831 18.0588
6832 18.0615
6833 18.0642
6834 18.0669
6835 18.0696
6836 18.0723
6837 18.075
6838 18.0777
6839 18.0804
6840 18.0831
6841 18.0858
6842 18.0885
6843 18.0912
6844 18.0939
6845 18.0966
6846 18.0993
6847 18.102
6848 18.1047
6849 18.1074
6850 18.1101
6851 18.1129
6852 18.1156
6853 18.1183
6854 18.121
6855 18.1237
6856 18.1264
6857 18.1291
6858 18.1318
6859 18.1345
6860 18.1372
6861 18.14
6862 18.1427
6863 18.1454
6864 18.1481
6865 18.1508
6866 18.1535
6867 18.1562
6868 18.1589
6869 18.1616
6870 18.1643
6871 18.167
6872 18.1698
6873 18.1725
6874 18.1752
6875 18.1779
6876 18.1806
6877 18.1833
6878 18.186
6879 18.1887
6880 18.1914
6881 18.1941
6882 18.1969
6883 18.1996
6884 18.2023
6885 18.205
6886 18.2077
6887 18.2104
6888 18.2131
6889 18.2159
6890 18.2186
6891 18.2213
6892 18.224
6893 18.2267
6894 18.2294
6895 18.2321
6896 18.2348
6897 18.2375
6898 18.2402
6899 18.2429
6900 18.2456
6901 18.2483
6902 18.2509
6903 18.2536
6904 18.2563
6905 18.259
6906 18.2617
6907 18.2644
6908 18.2671
6909 18.2698
6910 18.2724
6911 18.2751
6912 18.2778
6913 18.2805
6914 18.2832
6915 18.2859
6916 18.2886
6917 18.2912
6918 18.2939
6919 18.2966
6920 18.2993
6921 18.302
6922 18.3047
6923 18.3073
6924 18.31
6925 18.3127
6926 18.3154
6927 18.318
6928 18.3207
6929 18.3234
6930 18.3261
6931 18.3287
6932 18.3314
6933 18.3341
6934 18.3368
6935 18.3394
6936 18.3421
6937 18.3448
6938 18.3475
6939 18.3501
6940 18.3528
6941 18.3555
6942 18.3581
6943 18.3608
6944 18.3635
6945 18.3661
6946 18.3688
6947 18.3714
6948 18.3741
6949 18.3768
6950 18.3794
6951 18.3821
6952 18.3848
6953 18.3874
6954 18.3901
6955 18.3927
6956 18.3954
6957 18.3981
6958 18.4007
6959 18.4034
6960 18.406
6961 18.4087
6962 18.4114
6963 18.414
6964 18.4167
6965 18.4194
6966 18.422
6967 18.4247
6968 18.4273
6969 18.43
6970 18.4327
6971 18.4353
6972 18.438
6973 18.4407
6974 18.4433
6975 18.446
6976 18.4487
6977 18.4513
6978 18.454
6979 18.4567
6980 18.4593
6981 18.462
6982 18.4647
6983 18.4673
6984 18.47
6985 18.4727
6986 18.4754
6987 18.478
6988 18.4807
6989 18.4834
6990 18.4861
6991 18.4888
6992 18.4915
6993 18.4941
6994 18.4968
6995 18.4995
6996 18.5022
6997 18.5049
6998 18.5076
6999 18.5103
7000 18.5129
7001 18.5156
7002 18.5183
7003 18.521
7004 18.5237
7005 18.5264
7006 18.5291
7007 18.5317
7008 18.5344
7009 18.5371
7010 18.5398
7011 18.5425
7012 18.5452
7013 18.5479
7014 18.5505
7015 18.5532
7016 18.5559
7017 18.5586
7018 18.5613
7019 18.564
7020 18.5667
7021 18.5693
7022 18.572
7023 18.5747
7024 18.5774
7025 18.5801
7026 18.5828
7027 18.5855
7028 18.5882
7029 18.5909
7030 18.5935
7031 18.5962
7032 18.5989
7033 18.6016
7034 18.6043
7035 18.607
7036 18.6097
7037 18.6124
7038 18.6151
7039 18.6178
7040 18.6205
7041 18.6231
7042 18.6258
7043 18.6285
7044 18.6312
7045 18.6339
7046 18.6366
7047 18.6393
7048 18.642
7049 18.6447
7050 18.6474
7051 18.6501
7052 18.6528
7053 18.6555
7054 18.6582
7055 18.6609
7056 18.6636
7057 18.6663
7058 18.669
7059 18.6717
7060 18.6744
7061 18.6771
7062 18.6798
7063 18.6825
7064 18.6852
7065 18.6879
7066 18.6906
7067 18.6932
7068 18.6959
7069 18.6986
7070 18.7013
7071 18.704
7072 18.7067
7073 18.7094
7074 18.7121
7075 18.7148
7076 18.7175
7077 18.7202
7078 18.7229
7079 18.7256
7080 18.7283
7081 18.731
7082 18.7337
7083 18.7364
7084 18.7391
7085 18.7418
7086 18.7445
7087 18.7471
7088 18.7498
7089 18.7525
7090 18.7552
7091 18.7579
7092 18.7606
7093 18.7633
7094 18.766
7095 18.7687
7096 18.7714
7097 18.774
7098 18.7767
7099 18.7794
7100 18.7821
7101 18.7848
7102 18.7875
7103 18.7902
7104 18.7929
7105 18.7955
7106 18.7982
7107 18.8009
7108 18.8036
7109 18.8063
7110 18.809
7111 18.8116
7112 18.8143
7113 18.817
7114 18.8197
7115 18.8223
7116 18.825
7117 18.8277
7118 18.8304
7119 18.833
7120 18.8357
7121 18.8384
7122 18.841
7123 18.8437
7124 18.8464
7125 18.849
7126 18.8517
7127 18.8544
7128 18.857
7129 18.8597
7130 18.8624
7131 18.865
7132 18.8677
7133 18.8704
7134 18.873
7135 18.8757
7136 18.8783
7137 18.881
7138 18.8837
7139 18.8863
7140 18.889
7141 18.8917
7142 18.8943
7143 18.897
7144 18.8996
7145 18.9023
7146 18.905
7147 18.9076
7148 18.9103
7149 18.913
7150 18.9156
7151 18.9183
7152 18.921
7153 18.9236
7154 18.9263
7155 18.929
7156 18.9317
7157 18.9344
7158 18.9371
7159 18.9398
7160 18.9424
7161 18.9451
7162 18.9478
7163 18.9505
7164 18.9532
7165 18.9559
7166 18.9586
7167 18.9613
7168 18.964
7169 18.9667
7170 18.9694
7171 18.9721
7172 18.9748
7173 18.9775
7174 18.9802
7175 18.9829
7176 18.9856
7177 18.9883
7178 18.991
7179 18.9937
7180 18.9964
7181 18.9991
7182 19.0018
7183 19.0045
7184 19.0072
7185 19.0099
7186 19.0127
7187 19.0154
7188 19.0181
7189 19.0208
7190 19.0235
7191 19.0262
7192 19.0289
7193 19.0316
7194 19.0344
7195 19.0371
7196 19.0398
7197 19.0425
7198 19.0452
7199 19.0479
7200 19.0506
7201 19.0533
7202 19.056
7203 19.0587
7204 19.0615
7205 19.0642
7206 19.0669
7207 19.0696
7208 19.0723
7209 19.075
7210 19.0777
7211 19.0804
7212 19.0831
7213 19.0858
7214 19.0885
7215 19.0913
7216 19.094
7217 19.0967
7218 19.0994
7219 19.1021
7220 19.1048
7221 19.1075
7222 19.1103
7223 19.113
7224 19.1157
7225 19.1184
7226 19.1211
7227 19.1238
7228 19.1265
7229 19.1292
7230 19.1319
7231 19.1347
7232 19.1374
7233 19.1401
7234 19.1428
7235 19.1455
7236 19.1482
7237 19.1509
7238 19.1536
7239 19.1563
7240 19.159
7241 19.1617
7242 19.1644
7243 19.1672
7244 19.1699
7245 19.1726
7246 19.1753
7247 19.178
7248 19.1807
7249 19.1835
7250 19.1862
7251 19.1889
7252 19.1916
7253 19.1943
7254 19.197
7255 19.1998
7256 19.2025
7257 19.2052
7258 19.2079
7259 19.2106
7260 19.2133
7261 19.2161
7262 19.2188
7263 19.2215
7264 19.2242
7265 19.2269
7266 19.2297
7267 19.2324
7268 19.2351
7269 19.2378
7270 19.2405
7271 19.2433
7272 19.246
7273 19.2487
7274 19.2515
7275 19.2542
7276 19.2569
7277 19.2596
7278 19.2624
7279 19.2651
7280 19.2678
7281 19.2706
7282 19.2733
7283 19.276
7284 19.2787
7285 19.2815
7286 19.2842
7287 19.2869
7288 19.2897
7289 19.2924
7290 19.2951
7291 19.2978
7292 19.3006
7293 19.3033
7294 19.306
7295 19.3087
7296 19.3115
7297 19.3142
7298 19.317
7299 19.3197
7300 19.3224
7301 19.3252
7302 19.3279
7303 19.3306
7304 19.3334
7305 19.3361
7306 19.3389
7307 19.3416
7308 19.3443
7309 19.3471
7310 19.3498
7311 19.3526
7312 19.3553
7313 19.3581
7314 19.3608
7315 19.3636
7316 19.3663
7317 19.369
7318 19.3718
7319 19.3745
7320 19.3773
7321 19.38
7322 19.3828
7323 19.3855
7324 19.3883
7325 19.391
7326 19.3937
7327 19.3965
7328 19.3992
7329 19.4019
7330 19.4047
7331 19.4074
7332 19.4101
7333 19.4129
7334 19.4156
7335 19.4183
7336 19.4211
7337 19.4238
7338 19.4265
7339 19.4293
7340 19.432
7341 19.4347
7342 19.4375
7343 19.4402
7344 19.4429
7345 19.4457
7346 19.4484
7347 19.4511
7348 19.4539
7349 19.4566
7350 19.4593
7351 19.4621
7352 19.4648
7353 19.4675
7354 19.4703
7355 19.473
7356 19.4757
7357 19.4785
7358 19.4812
7359 19.4839
7360 19.4867
7361 19.4894
7362 19.4921
7363 19.4948
7364 19.4976
7365 19.5003
7366 19.503
7367 19.5057
7368 19.5085
7369 19.5112
7370 19.5139
7371 19.5166
7372 19.5194
7373 19.5221
7374 19.5248
7375 19.5275
7376 19.5303
7377 19.533
7378 19.5357
7379 19.5384
7380 19.5412
7381 19.5439
7382 19.5466
7383 19.5493
7384 19.552
7385 19.5548
7386 19.5575
7387 19.5602
7388 19.5629
7389 19.5657
7390 19.5684
7391 19.5711
7392 19.5738
7393 19.5765
7394 19.5793
7395 19.582
7396 19.5847
7397 19.5874
7398 19.5902
7399 19.5929
7400 19.5956
7401 19.5983
7402 19.6011
7403 19.6038
7404 19.6065
7405 19.6093
7406 19.612
7407 19.6147
7408 19.6174
7409 19.6202
7410 19.6229
7411 19.6256
7412 19.6284
7413 19.6311
7414 19.6338
7415 19.6366
7416 19.6393
7417 19.642
7418 19.6447
7419 19.6475
7420 19.6502
7421 19.6529
7422 19.6557
7423 19.6584
7424 19.6611
7425 19.6638
7426 19.6666
7427 19.6693
7428 19.672
7429 19.6747
7430 19.6774
7431 19.6801
7432 19.6829
7433 19.6856
7434 19.6883
7435 19.691
7436 19.6937
7437 19.6964
7438 19.6991
7439 19.7019
7440 19.7046
7441 19.7073
7442 19.71
7443 19.7127
7444 19.7154
7445 19.7181
7446 19.7208
7447 19.7235
7448 19.7263
7449 19.729
7450 19.7317
7451 19.7344
7452 19.7371
7453 19.7398
7454 19.7425
7455 19.7452
7456 19.7479
7457 19.7506
7458 19.7533
7459 19.756
7460 19.7587
7461 19.7614
7462 19.7641
7463 19.7668
7464 19.7695
7465 19.7722
7466 19.7749
7467 19.7776
7468 19.7803
7469 19.783
7470 19.7857
7471 19.7884
7472 19.7911
7473 19.7938
7474 19.7965
7475 19.7992
7476 19.8019
7477 19.8046
7478 19.8073
7479 19.81
7480 19.8127
7481 19.8154
7482 19.8182
7483 19.8209
7484 19.8236
7485 19.8263
7486 19.829
7487 19.8317
7488 19.8344
7489 19.8371
7490 19.8398
7491 19.8425
7492 19.8452
7493 19.8479
7494 19.8506
7495 19.8534
7496 19.8561
7497 19.8588
7498 19.8615
7499 19.8642
7500 19.8669
7501 19.8696
7502 19.8723
7503 19.875
7504 19.8777
7505 19.8804
7506 19.8831
7507 19.8858
7508 19.8886
7509 19.8913
7510 19.894
7511 19.8967
7512 19.8994
7513 19.9021
7514 19.9048
7515 19.9075
7516 19.9102
7517 19.9129
7518 19.9156
7519 19.9183
7520 19.921
7521 19.9237
7522 19.9264
7523 19.9291
7524 19.9318
7525 19.9345
7526 19.9372
7527 19.9399
7528 19.9426
7529 19.9453
7530 19.948
7531 19.9508
7532 19.9535
7533 19.9562
7534 19.9589
7535 19.9616
7536 19.9643
7537 19.967
7538 19.9697
7539 19.9724
7540 19.9751
7541 19.9778
7542 19.9805
7543 19.9832
7544 19.9859
7545 19.9886
7546 19.9913
7547 19.994
7548 19.9967
7549 19.9995
7550 20.0022
7551 20.0049
7552 20.0076
7553 20.0103
7554 20.013
7555 20.0157
7556 20.0184
7557 20.0211
7558 20.0238
7559 20.0265
7560 20.0292
7561 20.0319
7562 20.0346
7563 20.0374
7564 20.0401
7565 20.0428
7566 20.0455
7567 20.0482
7568 20.0509
7569 20.0536
7570 20.0564
7571 20.0591
7572 20.0618
7573 20.0645
7574 20.0672
7575 20.0699
7576 20.0727
7577 20.0754
7578 20.0781
7579 20.0808
7580 20.0835
7581 20.0862
7582 20.0889
7583 20.0916
7584 20.0943
7585 20.097
7586 20.0997
7587 20.1024
7588 20.1051
7589 20.1078
7590 20.1105
7591 20.1132
7592 20.1158
7593 20.1185
7594 20.1212
7595 20.1239
7596 20.1266
7597 20.1293
7598 20.132
7599 20.1347
7600 20.1374
7601 20.1401
7602 20.1428
7603 20.1455
7604 20.1482
7605 20.1509
7606 20.1536
7607 20.1563
7608 20.159
7609 20.1617
7610 20.1644
7611 20.1671
7612 20.1698
7613 20.1725
7614 20.1752
7615 20.1779
7616 20.1806
7617 20.1833
7618 20.186
7619 20.1887
7620 20.1914
7621 20.1941
7622 20.1968
7623 20.1995
7624 20.2022
7625 20.2049
7626 20.2076
7627 20.2103
7628 20.213
7629 20.2157
7630 20.2184
7631 20.2211
7632 20.2238
7633 20.2265
7634 20.2292
7635 20.2319
7636 20.2346
7637 20.2373
7638 20.24
7639 20.2427
7640 20.2454
7641 20.2481
7642 20.2508
7643 20.2535
7644 20.2562
7645 20.259
7646 20.2617
7647 20.2644
7648 20.2671
7649 20.2698
7650 20.2725
7651 20.2752
7652 20.2779
7653 20.2806
7654 20.2833
7655 20.286
7656 20.2887
7657 20.2914
7658 20.2942
7659 20.2969
7660 20.2996
7661 20.3023
7662 20.305
7663 20.3077
7664 20.3105
7665 20.3132
7666 20.3159
7667 20.3186
7668 20.3213
7669 20.324
7670 20.3267
7671 20.3295
7672 20.3322
7673 20.3349
7674 20.3376
7675 20.3403
7676 20.3431
7677 20.3458
7678 20.3485
7679 20.3512
7680 20.3539
7681 20.3567
7682 20.3594
7683 20.3621
7684 20.3648
7685 20.3675
7686 20.3703
7687 20.373
7688 20.3757
7689 20.3784
7690 20.3811
7691 20.3838
7692 20.3866
7693 20.3893
7694 20.392
7695 20.3947
7696 20.3974
7697 20.4002
7698 20.4029
7699 20.4056
7700 20.4083
7701 20.4111
7702 20.4138
7703 20.4165
7704 20.4192
7705 20.422
7706 20.4247
7707 20.4274
7708 20.4301
7709 20.4329
7710 20.4356
7711 20.4383
7712 20.4411
7713 20.4438
7714 20.4465
7715 20.4493
7716 20.452
7717 20.4547
7718 20.4575
7719 20.4602
7720 20.4629
7721 20.4656
7722 20.4684
7723 20.4711
7724 20.4738
7725 20.4765
7726 20.4793
7727 20.482
7728 20.4847
7729 20.4874
7730 20.4902
7731 20.4929
7732 20.4956
7733 20.4984
7734 20.5011
7735 20.5038
7736 20.5065
7737 20.5092
7738 20.512
7739 20.5147
7740 20.5174
7741 20.5201
7742 20.5229
7743 20.5256
7744 20.5283
7745 20.531
7746 20.5337
7747 20.5365
7748 20.5392
7749 20.5419
7750 20.5446
7751 20.5473
7752 20.55
7753 20.5527
7754 20.5554
7755 20.5581
7756 20.5608
7757 20.5636
7758 20.5663
7759 20.569
7760 20.5717
7761 20.5744
7762 20.5771
7763 20.5799
7764 20.5826
7765 20.5853
7766 20.588
7767 20.5907
7768 20.5935
7769 20.5962
7770 20.5989
7771 20.6016
7772 20.6043
7773 20.6071
7774 20.6098
7775 20.6125
7776 20.6152
7777 20.618
7778 20.6207
7779 20.6234
7780 20.6262
7781 20.6289
7782 20.6316
7783 20.6344
7784 20.6371
7785 20.6399
7786 20.6426
7787 20.6453
7788 20.6481
7789 20.6508
7790 20.6536
7791 20.6563
7792 20.659
7793 20.6618
7794 20.6645
7795 20.6673
7796 20.67
7797 20.6728
7798 20.6755
7799 20.6783
7800 20.681
7801 20.6837
7802 20.6865
7803 20.6892
7804 20.692
7805 20.6947
7806 20.6975
7807 20.7002
7808 20.703
7809 20.7057
7810 20.7084
7811 20.7112
7812 20.7139
7813 20.7167
7814 20.7194
7815 20.7222
7816 20.7249
7817 20.7277
7818 20.7304
7819 20.7331
7820 20.7359
7821 20.7386
7822 20.7414
7823 20.7441
7824 20.7469
7825 20.7496
7826 20.7524
7827 20.7551
7828 20.7579
7829 20.7606
7830 20.7634
7831 20.7661
7832 20.7689
7833 20.7716
7834 20.7743
7835 20.7771
7836 20.7798
7837 20.7826
7838 20.7853
7839 20.7881
7840 20.7909
7841 20.7936
7842 20.7964
7843 20.7991
7844 20.8019
7845 20.8046
7846 20.8074
7847 20.8101
7848 20.8129
7849 20.8156
7850 20.8184
7851 20.8211
7852 20.8239
7853 20.8267
7854 20.8294
7855 20.8322
7856 20.8349
7857 20.8377
7858 20.8404
7859 20.8432
7860 20.8459
7861 20.8487
7862 20.8514
7863 20.8542
7864 20.857
7865 20.8597
7866 20.8625
7867 20.8652
7868 20.8679
7869 20.8707
7870 20.8734
7871 20.8762
7872 20.8789
7873 20.8817
7874 20.8844
7875 20.8871
7876 20.8899
7877 20.8926
7878 20.8954
7879 20.8981
7880 20.9008
7881 20.9036
7882 20.9063
7883 20.9091
7884 20.9118
7885 20.9145
7886 20.9173
7887 20.92
7888 20.9228
7889 20.9255
7890 20.9283
7891 20.931
7892 20.9337
7893 20.9365
7894 20.9392
7895 20.942
7896 20.9447
7897 20.9475
7898 20.9502
7899 20.953
7900 20.9557
7901 20.9584
7902 20.9612
7903 20.9639
7904 20.9667
7905 20.9694
7906 20.9722
7907 20.9749
7908 20.9776
7909 20.9804
7910 20.9831
7911 20.9859
7912 20.9886
7913 20.9914
7914 20.9941
7915 20.9968
7916 20.9996
7917 21.0023
7918 21.0051
7919 21.0078
7920 21.0106
7921 21.0133
7922 21.0161
7923 21.0188
7924 21.0215
7925 21.0243
7926 21.027
7927 21.0298
7928 21.0325
7929 21.0353
7930 21.038
7931 21.0408
7932 21.0435
7933 21.0463
7934 21.049
7935 21.0518
7936 21.0545
7937 21.0573
7938 21.06
7939 21.0628
7940 21.0655
7941 21.0683
7942 21.071
7943 21.0738
7944 21.0765
7945 21.0793
7946 21.082
7947 21.0848
7948 21.0875
7949 21.0903
7950 21.0931
7951 21.0958
7952 21.0986
7953 21.1014
7954 21.1041
7955 21.1069
7956 21.1097
7957 21.1124
7958 21.1152
7959 21.1179
7960 21.1207
7961 21.1235
7962 21.1262
7963 21.129
7964 21.1318
7965 21.1345
7966 21.1373
7967 21.1401
7968 21.1429
7969 21.1456
7970 21.1484
7971 21.1512
7972 21.1539
7973 21.1567
7974 21.1595
7975 21.1623
7976 21.165
7977 21.1678
7978 21.1706
7979 21.1734
7980 21.1761
7981 21.1789
7982 21.1817
7983 21.1845
7984 21.1873
7985 21.19
7986 21.1928
7987 21.1956
7988 21.1984
7989 21.2012
7990 21.204
7991 21.2068
7992 21.2095
7993 21.2123
7994 21.2151
7995 21.2179
7996 21.2207
7997 21.2235
7998 21.2263
7999 21.2291
8000 21.2319
8001 21.2347
8002 21.2374
8003 21.2402
8004 21.243
8005 21.2458
8006 21.2486
8007 21.2514
8008 21.2542
8009 21.257
8010 21.2598
8011 21.2626
8012 21.2654
8013 21.2682
8014 21.271
8015 21.2738
8016 21.2767
8017 21.2795
8018 21.2823
8019 21.2851
8020 21.2879
8021 21.2907
8022 21.2935
8023 21.2963
8024 21.2992
8025 21.302
8026 21.3048
8027 21.3076
8028 21.3104
8029 21.3132
8030 21.3161
8031 21.3189
8032 21.3217
8033 21.3245
8034 21.3273
8035 21.3301
8036 21.333
8037 21.3358
8038 21.3386
8039 21.3414
8040 21.3442
8041 21.3471
8042 21.3499
8043 21.3527
8044 21.3555
8045 21.3584
8046 21.3612
8047 21.364
8048 21.3668
8049 21.3696
8050 21.3725
8051 21.3753
8052 21.3781
8053 21.381
8054 21.3838
8055 21.3866
8056 21.3894
8057 21.3922
8058 21.3951
8059 21.3979
8060 21.4007
8061 21.4035
8062 21.4063
8063 21.4092
8064 21.412
8065 21.4148
8066 21.4176
8067 21.4204
8068 21.4232
8069 21.4261
8070 21.4289
8071 21.4317
8072 21.4345
8073 21.4373
8074 21.4401
8075 21.443
8076 21.4458
8077 21.4486
8078 21.4514
8079 21.4542
8080 21.457
8081 21.4598
8082 21.4626
8083 21.4655
8084 21.4683
8085 21.4711
8086 21.4739
8087 21.4767
8088 21.4795
8089 21.4824
8090 21.4852
8091 21.488
8092 21.4908
8093 21.4936
8094 21.4964
8095 21.4993
8096 21.5021
8097 21.5049
8098 21.5077
8099 21.5105
8100 21.5134
8101 21.5162
8102 21.519
8103 21.5218
8104 21.5246
8105 21.5274
8106 21.5303
8107 21.5331
8108 21.5359
8109 21.5387
8110 21.5415
8111 21.5444
8112 21.5472
8113 21.55
8114 21.5528
8115 21.5556
8116 21.5584
8117 21.5612
8118 21.564
8119 21.5668
8120 21.5697
8121 21.5725
8122 21.5753
8123 21.5781
8124 21.5809
8125 21.5837
8126 21.5865
8127 21.5893
8128 21.5921
8129 21.5949
8130 21.5977
8131 21.6005
8132 21.6033
8133 21.6062
8134 21.609
8135 21.6118
8136 21.6146
8137 21.6174
8138 21.6202
8139 21.623
8140 21.6258
8141 21.6286
8142 21.6314
8143 21.6342
8144 21.637
8145 21.6398
8146 21.6426
8147 21.6454
8148 21.6482
8149 21.651
8150 21.6538
8151 21.6566
8152 21.6594
8153 21.6622
8154 21.665
8155 21.6678
8156 21.6706
8157 21.6735
8158 21.6763
8159 21.6791
8160 21.6819
8161 21.6847
8162 21.6875
8163 21.6903
8164 21.6931
8165 21.6959
8166 21.6986
8167 21.7014
8168 21.7042
8169 21.707
8170 21.7098
8171 21.7126
8172 21.7154
8173 21.7182
8174 21.7209
8175 21.7237
8176 21.7265
8177 21.7293
8178 21.732
8179 21.7348
8180 21.7376
8181 21.7403
8182 21.7431
8183 21.7459
8184 21.7486
8185 21.7514
8186 21.7541
8187 21.7569
8188 21.7596
8189 21.7624
8190 21.7652
8191 21.7679
8192 21.7707
8193 21.7734
8194 21.7762
8195 21.7789
8196 21.7817
8197 21.7844
8198 21.7872
8199 21.7899
8200 21.7927
8201 21.7954
8202 21.7981
8203 21.8009
8204 21.8036
8205 21.8064
8206 21.8091
8207 21.8119
8208 21.8146
8209 21.8173
8210 21.8201
8211 21.8228
8212 21.8256
8213 21.8283
8214 21.8311
8215 21.8338
8216 21.8365
8217 21.8393
8218 21.842
8219 21.8448
8220 21.8475
8221 21.8502
8222 21.853
8223 21.8557
8224 21.8584
8225 21.8612
8226 21.8639
8227 21.8667
8228 21.8694
8229 21.8721
8230 21.8749
8231 21.8776
8232 21.8803
8233 21.8831
8234 21.8858
8235 21.8886
8236 21.8913
8237 21.894
8238 21.8968
8239 21.8995
8240 21.9023
8241 21.905
8242 21.9078
8243 21.9105
8244 21.9132
8245 21.916
8246 21.9187
8247 21.9215
8248 21.9242
8249 21.927
8250 21.9297
8251 21.9324
8252 21.9352
8253 21.9379
8254 21.9407
8255 21.9434
8256 21.9462
8257 21.9489
8258 21.9516
8259 21.9544
8260 21.9571
8261 21.9599
8262 21.9626
8263 21.9654
8264 21.9681
8265 21.9709
8266 21.9736
8267 21.9764
8268 21.9791
8269 21.9819
8270 21.9846
8271 21.9874
8272 21.9901
8273 21.9929
8274 21.9956
8275 21.9984
8276 22.0012
8277 22.0039
8278 22.0067
8279 22.0094
8280 22.0122
8281 22.015
8282 22.0177
8283 22.0205
8284 22.0233
8285 22.0261
8286 22.0288
8287 22.0316
8288 22.0344
8289 22.0371
8290 22.0399
8291 22.0427
8292 22.0455
8293 22.0482
8294 22.051
8295 22.0538
8296 22.0566
8297 22.0594
8298 22.0621
8299 22.0649
8300 22.0677
8301 22.0705
8302 22.0733
8303 22.0761
8304 22.0789
8305 22.0816
8306 22.0844
8307 22.0872
8308 22.09
8309 22.0928
8310 22.0956
8311 22.0984
8312 22.1012
8313 22.104
8314 22.1068
8315 22.1096
8316 22.1124
8317 22.1152
8318 22.118
8319 22.1208
8320 22.1236
8321 22.1264
8322 22.1292
8323 22.132
8324 22.1348
8325 22.1376
8326 22.1404
8327 22.1432
8328 22.146
8329 22.1488
8330 22.1516
8331 22.1544
8332 22.1573
8333 22.1601
8334 22.1629
8335 22.1657
8336 22.1685
8337 22.1713
8338 22.1741
8339 22.1769
8340 22.1797
8341 22.1826
8342 22.1854
8343 22.1882
8344 22.191
8345 22.1938
8346 22.1966
8347 22.1994
8348 22.2023
8349 22.2051
8350 22.2079
8351 22.2107
8352 22.2135
8353 22.2163
8354 22.2191
8355 22.222
8356 22.2248
8357 22.2276
8358 22.2304
8359 22.2332
8360 22.236
8361 22.2388
8362 22.2416
8363 22.2444
8364 22.2472
8365 22.25
8366 22.2529
8367 22.2557
8368 22.2585
8369 22.2613
8370 22.2641
8371 22.2669
8372 22.2697
8373 22.2725
8374 22.2753
8375 22.2781
8376 22.2809
8377 22.2837
8378 22.2865
8379 22.2893
8380 22.2921
8381 22.2949
8382 22.2977
8383 22.3005
8384 22.3033
8385 22.3061
8386 22.3089
8387 22.3117
8388 22.3145
8389 22.3173
8390 22.3201
8391 22.3229
8392 22.3257
8393 22.3285
8394 22.3313
8395 22.3341
8396 22.3369
8397 22.3397
8398 22.3425
8399 22.3453
8400 22.3481
8401 22.3509
8402 22.3537
8403 22.3565
8404 22.3592
8405 22.362
8406 22.3648
8407 22.3676
8408 22.3704
8409 22.3732
8410 22.376
8411 22.3788
8412 22.3816
8413 22.3844
8414 22.3871
8415 22.3899
8416 22.3927
8417 22.3955
8418 22.3983
8419 22.4011
8420 22.4038
8421 22.4066
8422 22.4094
8423 22.4122
8424 22.415
8425 22.4177
8426 22.4205
8427 22.4233
8428 22.4261
8429 22.4288
8430 22.4316
8431 22.4344
8432 22.4371
8433 22.4399
8434 22.4427
8435 22.4454
8436 22.4482
8437 22.451
8438 22.4537
8439 22.4565
8440 22.4593
8441 22.462
8442 22.4648
8443 22.4676
8444 22.4703
8445 22.4731
8446 22.4759
8447 22.4786
8448 22.4814
8449 22.4841
8450 22.4869
8451 22.4897
8452 22.4924
8453 22.4952
8454 22.4979
8455 22.5007
8456 22.5034
8457 22.5062
8458 22.5089
8459 22.5117
8460 22.5144
8461 22.5172
8462 22.52
8463 22.5227
8464 22.5255
8465 22.5282
8466 22.531
8467 22.5337
8468 22.5365
8469 22.5392
8470 22.542
8471 22.5447
8472 22.5475
8473 22.5502
8474 22.553
8475 22.5557
8476 22.5584
8477 22.5612
8478 22.5639
8479 22.5667
8480 22.5694
8481 22.5721
8482 22.5749
8483 22.5776
8484 22.5804
8485 22.5831
8486 22.5858
8487 22.5885
8488 22.5913
8489 22.594
8490 22.5967
8491 22.5995
8492 22.6022
8493 22.6049
8494 22.6076
8495 22.6104
8496 22.6131
8497 22.6158
8498 22.6186
8499 22.6213
8500 22.624
8501 22.6268
8502 22.6295
8503 22.6322
8504 22.6349
8505 22.6377
8506 22.6404
8507 22.6431
8508 22.6459
8509 22.6486
8510 22.6514
8511 22.6541
8512 22.6568
8513 22.6596
8514 22.6623
8515 22.665
8516 22.6678
8517 22.6705
8518 22.6732
8519 22.676
8520 22.6787
8521 22.6815
8522 22.6842
8523 22.6869
8524 22.6897
8525 22.6924
8526 22.6952
8527 22.6979
8528 22.7006
8529 22.7034
8530 22.7061
8531 22.7089
8532 22.7116
8533 22.7143
8534 22.7171
8535 22.7198
8536 22.7226
8537 22.7253
8538 22.7281
8539 22.7308
8540 22.7336
8541 22.7364
8542 22.7391
8543 22.7419
8544 22.7446
8545 22.7474
8546 22.7501
8547 22.7529
8548 22.7556
8549 22.7583
8550 22.761
8551 22.7638
8552 22.7665
8553 22.7692
8554 22.772
8555 22.7747
8556 22.7775
8557 22.7802
8558 22.7829
8559 22.7857
8560 22.7884
8561 22.7912
8562 22.7939
8563 22.7967
8564 22.7994
8565 22.8021
8566 22.8049
8567 22.8076
8568 22.8104
8569 22.8131
8570 22.8159
8571 22.8186
8572 22.8214
8573 22.8241
8574 22.8269
8575 22.8296
8576 22.8324
8577 22.8351
8578 22.8378
8579 22.8406
8580 22.8433
8581 22.8461
8582 22.8489
8583 22.8517
8584 22.8544
8585 22.8572
8586 22.86
8587 22.8627
8588 22.8655
8589 22.8683
8590 22.8711
8591 22.8738
8592 22.8766
8593 22.8794
8594 22.8822
8595 22.885
8596 22.8877
8597 22.8905
8598 22.8933
8599 22.8961
8600 22.8989
8601 22.9017
8602 22.9044
8603 22.9072
8604 22.91
8605 22.9128
8606 22.9156
8607 22.9183
8608 22.9211
8609 22.9239
8610 22.9267
8611 22.9294
8612 22.9322
8613 22.935
8614 22.9378
8615 22.9405
8616 22.9433
8617 22.9461
8618 22.9489
8619 22.9516
8620 22.9544
8621 22.9572
8622 22.96
8623 22.9627
8624 22.9655
8625 22.9683
8626 22.971
8627 22.9738
8628 22.9766
8629 22.9794
8630 22.9821
8631 22.9849
8632 22.9877
8633 22.9905
8634 22.9933
8635 22.996
8636 22.9988
8637 23.0016
8638 23.0044
8639 23.0072
8640 23.0099
8641 23.0127
8642 23.0155
8643 23.0183
8644 23.0211
8645 23.0238
8646 23.0266
8647 23.0294
8648 23.0321
8649 23.0349
8650 23.0377
8651 23.0404
8652 23.0432
8653 23.046
8654 23.0487
8655 23.0515
8656 23.0543
8657 23.057
8658 23.0598
8659 23.0625
8660 23.0653
8661 23.0681
8662 23.0708
8663 23.0736
8664 23.0764
8665 23.0791
8666 23.0819
8667 23.0847
8668 23.0874
8669 23.0902
8670 23.093
8671 23.0958
8672 23.0985
8673 23.1013
8674 23.1041
8675 23.1069
8676 23.1096
8677 23.1124
8678 23.1152
8679 23.118
8680 23.1207
8681 23.1235
8682 23.1263
8683 23.1291
8684 23.1318
8685 23.1346
8686 23.1374
8687 23.1402
8688 23.1429
8689 23.1457
8690 23.1485
8691 23.1513
8692 23.154
8693 23.1568
8694 23.1596
8695 23.1624
8696 23.1652
8697 23.1679
8698 23.1707
8699 23.1735
8700 23.1763
8701 23.179
8702 23.1818
8703 23.1846
8704 23.1874
8705 23.1902
8706 23.193
8707 23.1957
8708 23.1985
8709 23.2013
8710 23.2041
8711 23.2069
8712 23.2097
8713 23.2125
8714 23.2152
8715 23.218
8716 23.2208
8717 23.2236
8718 23.2264
8719 23.2292
8720 23.232
8721 23.2348
8722 23.2376
8723 23.2404
8724 23.2432
8725 23.2459
8726 23.2487
8727 23.2515
8728 23.2543
8729 23.2571
8730 23.2599
8731 23.2627
8732 23.2655
8733 23.2683
8734 23.2711
8735 23.2738
8736 23.2766
8737 23.2794
8738 23.2822
8739 23.285
8740 23.2878
8741 23.2906
8742 23.2934
8743 23.2962
8744 23.2989
8745 23.3017
8746 23.3045
8747 23.3073
8748 23.3101
8749 23.3129
8750 23.3157
8751 23.3184
8752 23.3212
8753 23.324
8754 23.3268
8755 23.3296
8756 23.3324
8757 23.3352
8758 23.338
8759 23.3408
8760 23.3436
8761 23.3464
8762 23.3492
8763 23.352
8764 23.3548
8765 23.3575
8766 23.3603
8767 23.3631
8768 23.3659
8769 23.3687
8770 23.3715
8771 23.3743
8772 23.3771
8773 23.3799
8774 23.3827
8775 23.3855
8776 23.3883
8777 23.3911
8778 23.3939
8779 23.3968
8780 23.3996
8781 23.4024
8782 23.4052
8783 23.408
8784 23.4108
8785 23.4136
8786 23.4165
8787 23.4193
8788 23.4221
8789 23.4249
8790 23.4277
8791 23.4306
8792 23.4334
8793 23.4362
8794 23.439
8795 23.4419
8796 23.4447
8797 23.4475
8798 23.4503
8799 23.4532
8800 23.456
8801 23.4588
8802 23.4617
8803 23.4645
8804 23.4673
8805 23.4702
8806 23.473
8807 23.4758
8808 23.4787
8809 23.4815
8810 23.4843
8811 23.4872
8812 23.49
8813 23.4928
8814 23.4957
8815 23.4985
8816 23.5013
8817 23.5041
8818 23.507
8819 23.5098
8820 23.5126
8821 23.5155
8822 23.5183
8823 23.5211
8824 23.524
8825 23.5268
8826 23.5296
8827 23.5324
8828 23.5353
8829 23.5381
8830 23.5409
8831 23.5437
8832 23.5465
8833 23.5494
8834 23.5522
8835 23.555
8836 23.5578
8837 23.5606
8838 23.5635
8839 23.5663
8840 23.5691
8841 23.5719
8842 23.5747
8843 23.5775
8844 23.5803
8845 23.5832
8846 23.586
8847 23.5888
8848 23.5916
8849 23.5944
8850 23.5972
8851 23.6
8852 23.6028
8853 23.6056
8854 23.6084
8855 23.6113
8856 23.6141
8857 23.6169
8858 23.6197
8859 23.6225
8860 23.6253
8861 23.6281
8862 23.6309
8863 23.6337
8864 23.6365
8865 23.6394
8866 23.6422
8867 23.645
8868 23.6478
8869 23.6506
8870 23.6534
8871 23.6562
8872 23.659
8873 23.6618
8874 23.6647
8875 23.6675
8876 23.6703
8877 23.6731
8878 23.6759
8879 23.6787
8880 23.6816
8881 23.6844
8882 23.6872
8883 23.69
8884 23.6928
8885 23.6957
8886 23.6985
8887 23.7013
8888 23.7041
8889 23.7069
8890 23.7098
8891 23.7126
8892 23.7154
8893 23.7182
8894 23.7211
8895 23.7239
8896 23.7267
8897 23.7295
8898 23.7324
8899 23.7352
8900 23.738
8901 23.7408
8902 23.7437
8903 23.7465
8904 23.7493
8905 23.7521
8906 23.755
8907 23.7578
8908 23.7606
8909 23.7634
8910 23.7662
8911 23.7691
8912 23.7719
8913 23.7747
8914 23.7775
8915 23.7803
8916 23.7832
8917 23.786
8918 23.7888
8919 23.7916
8920 23.7944
8921 23.7972
8922 23.8001
8923 23.8029
8924 23.8057
8925 23.8085
8926 23.8113
8927 23.8142
8928 23.817
8929 23.8198
8930 23.8226
8931 23.8255
8932 23.8283
8933 23.8311
8934 23.8339
8935 23.8367
8936 23.8396
8937 23.8424
8938 23.8452
8939 23.848
8940 23.8509
8941 23.8537
8942 23.8565
8943 23.8593
8944 23.8622
8945 23.865
8946 23.8678
8947 23.8707
8948 23.8735
8949 23.8764
8950 23.8792
8951 23.882
8952 23.8849
8953 23.8877
8954 23.8906
8955 23.8934
8956 23.8962
8957 23.8991
8958 23.9019
8959 23.9048
8960 23.9076
8961 23.9105
8962 23.9133
8963 23.9162
8964 23.919
8965 23.9218
8966 23.9247
8967 23.9275
8968 23.9304
8969 23.9332
8970 23.936
8971 23.9389
8972 23.9417
8973 23.9446
8974 23.9474
8975 23.9502
8976 23.9531
8977 23.9559
8978 23.9587
8979 23.9616
8980 23.9644
8981 23.9672
8982 23.9701
8983 23.9729
8984 23.9757
8985 23.9786
8986 23.9814
8987 23.9842
8988 23.9871
8989 23.9899
8990 23.9927
8991 23.9956
8992 23.9984
8993 24.0012
8994 24.004
8995 24.0069
8996 24.0097
8997 24.0125
8998 24.0154
8999 24.0182
9000 24.021
9001 24.0238
9002 24.0267
9003 24.0295
9004 24.0323
9005 24.0351
9006 24.0379
9007 24.0408
9008 24.0436
9009 24.0464
9010 24.0492
9011 24.0521
9012 24.0549
9013 24.0577
9014 24.0606
9015 24.0634
9016 24.0662
9017 24.0691
9018 24.0719
9019 24.0747
9020 24.0776
9021 24.0804
9022 24.0832
9023 24.0861
9024 24.0889
9025 24.0917
9026 24.0946
9027 24.0974
9028 24.1002
9029 24.1031
9030 24.1059
9031 24.1088
9032 24.1116
9033 24.1145
9034 24.1173
9035 24.1201
9036 24.123
9037 24.1258
9038 24.1287
9039 24.1315
9040 24.1344
9041 24.1373
9042 24.1401
9043 24.143
9044 24.1458
9045 24.1487
9046 24.1515
9047 24.1544
9048 24.1572
9049 24.1601
9050 24.163
9051 24.1658
9052 24.1687
9053 24.1716
9054 24.1744
9055 24.1773
9056 24.1801
9057 24.183
9058 24.1859
9059 24.1888
9060 24.1916
9061 24.1945
9062 24.1974
9063 24.2002
9064 24.2031
9065 24.206
9066 24.2088
9067 24.2117
9068 24.2145
9069 24.2174
9070 24.2202
9071 24.2231
9072 24.226
9073 24.2288
9074 24.2317
9075 24.2345
9076 24.2374
9077 24.2402
9078 24.2431
9079 24.2459
9080 24.2488
9081 24.2516
9082 24.2545
9083 24.2573
9084 24.2602
9085 24.263
9086 24.2659
9087 24.2687
9088 24.2716
9089 24.2744
9090 24.2773
9091 24.2801
9092 24.283
9093 24.2858
9094 24.2887
9095 24.2916
9096 24.2944
9097 24.2973
9098 24.3001
9099 24.303
9100 24.3059
9101 24.3087
9102 24.3116
9103 24.3145
9104 24.3173
9105 24.3202
9106 24.323
9107 24.3259
9108 24.3288
9109 24.3316
9110 24.3345
9111 24.3373
9112 24.3402
9113 24.3431
9114 24.3459
9115 24.3488
9116 24.3516
9117 24.3545
9118 24.3573
9119 24.3602
9120 24.363
9121 24.3659
9122 24.3687
9123 24.3716
9124 24.3744
9125 24.3773
9126 24.3801
9127 24.383
9128 24.3858
9129 24.3887
9130 24.3915
9131 24.3944
9132 24.3972
9133 24.4001
9134 24.4029
9135 24.4058
9136 24.4086
9137 24.4114
9138 24.4143
9139 24.4171
9140 24.42
9141 24.4228
9142 24.4257
9143 24.4285
9144 24.4313
9145 24.4342
9146 24.437
9147 24.4399
9148 24.4427
9149 24.4455
9150 24.4484
9151 24.4512
9152 24.454
9153 24.4568
9154 24.4597
9155 24.4625
9156 24.4653
9157 24.4681
9158 24.4709
9159 24.4738
9160 24.4766
9161 24.4794
9162 24.4822
9163 24.485
9164 24.4879
9165 24.4907
9166 24.4935
9167 24.4963
9168 24.4991
9169 24.502
9170 24.5048
9171 24.5076
9172 24.5104
9173 24.5133
9174 24.5161
9175 24.5189
9176 24.5217
9177 24.5246
9178 24.5274
9179 24.5302
9180 24.5331
9181 24.5359
9182 24.5387
9183 24.5416
9184 24.5444
9185 24.5472
9186 24.5501
9187 24.5529
9188 24.5557
9189 24.5585
9190 24.5614
9191 24.5642
9192 24.567
9193 24.5699
9194 24.5727
9195 24.5755
9196 24.5784
9197 24.5812
9198 24.584
9199 24.5868
9200 24.5897
9201 24.5925
9202 24.5953
9203 24.5982
9204 24.601
9205 24.6038
9206 24.6066
9207 24.6095
9208 24.6123
9209 24.6151
9210 24.618
9211 24.6208
9212 24.6236
9213 24.6264
9214 24.6293
9215 24.6321
9216 24.6349
9217 24.6377
9218 24.6405
9219 24.6433
9220 24.6462
9221 24.649
9222 24.6518
9223 24.6546
9224 24.6574
9225 24.6602
9226 24.663
9227 24.6658
9228 24.6686
9229 24.6714
9230 24.6742
9231 24.677
9232 24.6798
9233 24.6826
9234 24.6854
9235 24.6883
9236 24.6911
9237 24.6939
9238 24.6967
9239 24.6995
9240 24.7023
9241 24.7051
9242 24.7079
9243 24.7107
9244 24.7135
9245 24.7163
9246 24.7191
9247 24.722
9248 24.7248
9249 24.7276
9250 24.7304
9251 24.7332
9252 24.736
9253 24.7388
9254 24.7417
9255 24.7445
9256 24.7473
9257 24.7501
9258 24.7529
9259 24.7558
9260 24.7586
9261 24.7614
9262 24.7642
9263 24.767
9264 24.7699
9265 24.7727
9266 24.7755
9267 24.7783
9268 24.7811
9269 24.784
9270 24.7868
9271 24.7896
9272 24.7924
9273 24.7952
9274 24.798
9275 24.8009
9276 24.8037
9277 24.8065
9278 24.8093
9279 24.8122
9280 24.815
9281 24.8178
9282 24.8207
9283 24.8235
9284 24.8263
9285 24.8292
9286 24.832
9287 24.8348
9288 24.8377
9289 24.8405
9290 24.8433
9291 24.8461
9292 24.849
9293 24.8518
9294 24.8546
9295 24.8575
9296 24.8603
9297 24.8631
9298 24.866
9299 24.8688
9300 24.8716
9301 24.8744
9302 24.8773
9303 24.8801
9304 24.8829
9305 24.8857
9306 24.8885
9307 24.8914
9308 24.8942
9309 24.897
9310 24.8998
9311 24.9026
9312 24.9054
9313 24.9082
9314 24.9111
9315 24.9139
9316 24.9167
9317 24.9195
9318 24.9223
9319 24.9251
9320 24.928
9321 24.9308
9322 24.9336
9323 24.9364
9324 24.9392
9325 24.942
9326 24.9449
9327 24.9477
9328 24.9505
9329 24.9533
9330 24.9561
9331 24.959
9332 24.9618
9333 24.9646
9334 24.9674
9335 24.9703
9336 24.9731
9337 24.9759
9338 24.9788
9339 24.9816
9340 24.9844
9341 24.9873
9342 24.9901
9343 24.9929
9344 24.9957
9345 24.9986
9346 25.0014
9347 25.0042
9348 25.007
9349 25.0098
9350 25.0126
9351 25.0155
9352 25.0183
9353 25.0211
9354 25.0239
9355 25.0267
9356 25.0295
9357 25.0323
9358 25.0351
9359 25.0379
9360 25.0407
9361 25.0435
9362 25.0463
9363 25.0491
9364 25.0519
9365 25.0547
9366 25.0575
9367 25.0603
9368 25.0631
9369 25.066
9370 25.0688
9371 25.0716
9372 25.0744
9373 25.0772
9374 25.08
9375 25.0828
9376 25.0856
9377 25.0884
9378 25.0912
9379 25.094
9380 25.0968
9381 25.0996
9382 25.1024
9383 25.1052
9384 25.108
9385 25.1108
9386 25.1136
9387 25.1164
9388 25.1192
9389 25.122
9390 25.1248
9391 25.1276
9392 25.1304
9393 25.1332
9394 25.136
9395 25.1388
9396 25.1416
9397 25.1444
9398 25.1472
9399 25.15
9400 25.1528
9401 25.1556
9402 25.1583
9403 25.1611
9404 25.1639
9405 25.1667
9406 25.1695
9407 25.1723
9408 25.1751
9409 25.1779
9410 25.1807
9411 25.1835
9412 25.1863
9413 25.1891
9414 25.1919
9415 25.1947
9416 25.1975
9417 25.2003
9418 25.2031
9419 25.2059
9420 25.2086
9421 25.2114
9422 25.2142
9423 25.217
9424 25.2198
9425 25.2226
9426 25.2254
9427 25.2282
9428 25.231
9429 25.2338
9430 25.2366
9431 25.2394
9432 25.2423
9433 25.2451
9434 25.2479
9435 25.2507
9436 25.2535
9437 25.2563
9438 25.2591
9439 25.2619
9440 25.2647
9441 25.2675
9442 25.2703
9443 25.2732
9444 25.276
9445 25.2788
9446 25.2816
9447 25.2844
9448 25.2872
9449 25.29
9450 25.2929
9451 25.2957
9452 25.2985
9453 25.3013
9454 25.3042
9455 25.307
9456 25.3098
9457 25.3127
9458 25.3155
9459 25.3184
9460 25.3212
9461 25.324
9462 25.3269
9463 25.3297
9464 25.3325
9465 25.3354
9466 25.3382
9467 25.3411
9468 25.3439
9469 25.3467
9470 25.3496
9471 25.3524
9472 25.3553
9473 25.3581
9474 25.361
9475 25.3638
9476 25.3667
9477 25.3695
9478 25.3724
9479 25.3753
9480 25.3781
9481 25.381
9482 25.3838
9483 25.3867
9484 25.3895
9485 25.3924
9486 25.3952
9487 25.3981
9488 25.4009
9489 25.4038
9490 25.4067
9491 25.4095
9492 25.4124
9493 25.4152
9494 25.4181
9495 25.421
9496 25.4238
9497 25.4267
9498 25.4295
9499 25.4324
9500 25.4353
9501 25.4381
9502 25.441
9503 25.4438
9504 25.4467
9505 25.4496
9506 25.4524
9507 25.4553
9508 25.4582
9509 25.461
9510 25.4639
9511 25.4667
9512 25.4696
9513 25.4724
9514 25.4753
9515 25.4782
9516 25.481
9517 25.4839
9518 25.4867
9519 25.4896
9520 25.4924
9521 25.4953
9522 25.4981
9523 25.501
9524 25.5039
9525 25.5067
9526 25.5096
9527 25.5124
9528 25.5152
9529 25.5181
9530 25.5209
9531 25.5238
9532 25.5266
9533 25.5294
9534 25.5323
9535 25.5351
9536 25.5379
9537 25.5407
9538 25.5436
9539 25.5464
9540 25.5492
9541 25.552
9542 25.5549
9543 25.5577
9544 25.5605
9545 25.5633
9546 25.5661
9547 25.5689
9548 25.5718
9549 25.5746
9550 25.5774
9551 25.5802
9552 25.583
9553 25.5859
9554 25.5887
9555 25.5915
9556 25.5943
9557 25.5971
9558 25.5999
9559 25.6028
9560 25.6056
9561 25.6084
9562 25.6112
9563 25.614
9564 25.6168
9565 25.6196
9566 25.6225
9567 25.6253
9568 25.6281
9569 25.6309
9570 25.6337
9571 25.6365
9572 25.6393
9573 25.6421
9574 25.6449
9575 25.6478
9576 25.6506
9577 25.6534
9578 25.6562
9579 25.659
9580 25.6619
9581 25.6647
9582 25.6675
9583 25.6703
9584 25.6731
9585 25.676
9586 25.6788
9587 25.6816
9588 25.6844
9589 25.6872
9590 25.6901
9591 25.6929
9592 25.6957
9593 25.6985
9594 25.7013
9595 25.7042
9596 25.707
9597 25.7098
9598 25.7126
9599 25.7154
9600 25.7183
9601 25.7211
9602 25.7239
9603 25.7267
9604 25.7295
9605 25.7324
9606 25.7352
9607 25.738
9608 25.7408
9609 25.7436
9610 25.7464
9611 25.7492
9612 25.752
9613 25.7549
9614 25.7577
9615 25.7605
9616 25.7633
9617 25.7661
9618 25.7689
9619 25.7717
9620 25.7745
9621 25.7773
9622 25.7801
9623 25.7829
9624 25.7857
9625 25.7885
9626 25.7913
9627 25.7942
9628 25.7969
9629 25.7997
9630 25.8025
9631 25.8053
9632 25.8081
9633 25.8109
9634 25.8137
9635 25.8165
9636 25.8193
9637 25.8221
9638 25.8249
9639 25.8277
9640 25.8305
9641 25.8333
9642 25.8361
9643 25.8389
9644 25.8417
9645 25.8445
9646 25.8473
9647 25.8501
9648 25.8529
9649 25.8557
9650 25.8585
9651 25.8613
9652 25.8642
9653 25.867
9654 25.8698
9655 25.8726
9656 25.8754
9657 25.8782
9658 25.881
9659 25.8838
9660 25.8866
9661 25.8895
9662 25.8923
9663 25.8951
9664 25.8979
9665 25.9007
9666 25.9035
9667 25.9064
9668 25.9092
9669 25.912
9670 25.9148
9671 25.9177
9672 25.9205
9673 25.9233
9674 25.9261
9675 25.929
9676 25.9318
9677 25.9346
9678 25.9374
9679 25.9402
9680 25.9431
9681 25.9459
9682 25.9487
9683 25.9515
9684 25.9544
9685 25.9572
9686 25.96
9687 25.9628
9688 25.9657
9689 25.9685
9690 25.9713
9691 25.9741
9692 25.977
9693 25.9798
9694 25.9826
9695 25.9855
9696 25.9883
9697 25.9911
9698 25.9939
9699 25.9968
9700 25.9996
9701 26.0024
9702 26.0052
9703 26.008
9704 26.0109
9705 26.0137
9706 26.0165
9707 26.0193
9708 26.0221
9709 26.0249
9710 26.0278
9711 26.0306
9712 26.0334
9713 26.0362
9714 26.039
9715 26.0417
9716 26.0445
9717 26.0473
9718 26.0501
9719 26.0529
9720 26.0557
9721 26.0584
9722 26.0612
9723 26.064
9724 26.0667
9725 26.0695
9726 26.0723
9727 26.075
9728 26.0778
9729 26.0805
9730 26.0833
9731 26.0861
9732 26.0888
9733 26.0916
9734 26.0943
9735 26.0971
9736 26.0999
9737 26.1027
9738 26.1054
9739 26.1082
9740 26.111
9741 26.1138
9742 26.1165
9743 26.1193
9744 26.1221
9745 26.1249
9746 26.1277
9747 26.1304
9748 26.1332
9749 26.136
9750 26.1388
9751 26.1416
9752 26.1444
9753 26.1472
9754 26.15
9755 26.1528
9756 26.1556
9757 26.1584
9758 26.1612
9759 26.164
9760 26.1668
9761 26.1696
9762 26.1724
9763 26.1752
9764 26.178
9765 26.1808
9766 26.1836
9767 26.1864
9768 26.1892
9769 26.192
9770 26.1948
9771 26.1976
9772 26.2004
9773 26.2032
9774 26.206
9775 26.2088
9776 26.2116
9777 26.2144
9778 26.2172
9779 26.2201
9780 26.2229
9781 26.2257
9782 26.2285
9783 26.2313
9784 26.2341
9785 26.2369
9786 26.2397
9787 26.2425
9788 26.2453
9789 26.2482
9790 26.251
9791 26.2538
9792 26.2566
9793 26.2594
9794 26.2623
9795 26.2651
9796 26.2679
9797 26.2708
9798 26.2736
9799 26.2764
9800 26.2793
9801 26.2821
9802 26.285
9803 26.2878
9804 26.2906
9805 26.2935
9806 26.2963
9807 26.2992
9808 26.302
9809 26.3049
9810 26.3077
9811 26.3106
9812 26.3134
9813 26.3163
9814 26.3191
9815 26.322
9816 26.3248
9817 26.3277
9818 26.3305
9819 26.3334
9820 26.3363
9821 26.3391
9822 26.342
9823 26.3448
9824 26.3477
9825 26.3505
9826 26.3534
9827 26.3562
9828 26.3591
9829 26.3619
9830 26.3648
9831 26.3676
9832 26.3705
9833 26.3734
9834 26.3762
9835 26.3791
9836 26.3819
9837 26.3848
9838 26.3876
9839 26.3905
9840 26.3933
9841 26.3962
9842 26.399
9843 26.4019
9844 26.4047
9845 26.4076
9846 26.4104
9847 26.4133
9848 26.4161
9849 26.419
9850 26.4218
9851 26.4246
9852 26.4275
9853 26.4303
9854 26.4332
9855 26.436
9856 26.4388
9857 26.4417
9858 26.4445
9859 26.4474
9860 26.4502
9861 26.453
9862 26.4559
9863 26.4587
9864 26.4615
9865 26.4643
9866 26.4672
9867 26.47
9868 26.4728
9869 26.4756
9870 26.4785
9871 26.4813
9872 26.4841
9873 26.4869
9874 26.4897
9875 26.4925
9876 26.4953
9877 26.4981
9878 26.5009
9879 26.5037
9880 26.5066
9881 26.5094
9882 26.5122
9883 26.515
9884 26.5178
9885 26.5206
9886 26.5234
9887 26.5262
9888 26.5291
9889 26.5319
9890 26.5347
9891 26.5375
9892 26.5403
9893 26.5432
9894 26.546
9895 26.5488
9896 26.5516
9897 26.5545
9898 26.5573
9899 26.5601
9900 26.5629
9901 26.5657
9902 26.5686
9903 26.5714
9904 26.5742
9905 26.577
9906 26.5798
9907 26.5826
9908 26.5855
9909 26.5883
9910 26.5911
9911 26.5939
9912 26.5967
9913 26.5995
9914 26.6023
9915 26.6051
9916 26.6079
9917 26.6107
9918 26.6135
9919 26.6163
9920 26.6191
9921 26.6219
9922 26.6246
9923 26.6274
9924 26.6302
9925 26.633
9926 26.6358
9927 26.6386
9928 26.6414
9929 26.6442
9930 26.6469
9931 26.6497
9932 26.6525
9933 26.6553
9934 26.6581
9935 26.6609
9936 26.6637
9937 26.6664
9938 26.6692
9939 26.672
9940 26.6748
9941 26.6776
9942 26.6803
9943 26.6831
9944 26.6859
9945 26.6887
9946 26.6915
9947 26.6943
9948 26.6971
9949 26.6998
9950 26.7026
9951 26.7054
9952 26.7082
9953 26.711
9954 26.7137
9955 26.7165
9956 26.7193
9957 26.7221
9958 26.7248
9959 26.7276
9960 26.7304
9961 26.7331
9962 26.7359
9963 26.7387
9964 26.7414
9965 26.7442
9966 26.747
9967 26.7497
9968 26.7525
9969 26.7553
9970 26.758
9971 26.7608
9972 26.7636
9973 26.7663
9974 26.7691
9975 26.7719
9976 26.7746
9977 26.7774
9978 26.7802
9979 26.7829
9980 26.7857
9981 26.7885
9982 26.7913
9983 26.794
9984 26.7968
9985 26.7996
9986 26.8024
9987 26.8051
9988 26.8079
9989 26.8107
9990 26.8135
9991 26.8163
9992 26.8191
9993 26.8218
9994 26.8246
9995 26.8274
9996 26.8302
9997 26.833
9998 26.8358
9999 26.8386
10000 26.8414
