1 0.149928
2 0.295598
3 0.433323
4 0.559282
5 0.672017
6 0.768947
7 0.848221
8 0.908483
9 0.948163
10 0.966344
11 0.961781
12 0.937183
13 0.895645
14 0.841856
15 0.785356
16 0.733338
17 0.693544
18 0.672695
19 0.672356
20 0.690159
21 0.721469
22 0.761469
23 0.806916
24 0.853507
25 0.898126
26 0.938997
27 0.97484
28 1.00381
29 1.02429
30 1.03467
31 1.03486
32 1.02618
33 1.01113
34 0.992668
35 0.973061
36 0.955693
37 0.942512
38 0.935422
39 0.935962
40 0.944017
41 0.958331
42 0.978138
43 1.00124
44 1.02509
45 1.04792
46 1.06868
47 1.08496
48 1.09687
49 1.10407
50 1.1064
51 1.10571
52 1.10312
53 1.10018
54 1.09869
55 1.09875
56 1.10189
57 1.10836
58 1.11776
59 1.12963
60 1.14279
61 1.15662
62 1.16994
63 1.18185
64 1.19205
65 1.20004
66 1.20581
67 1.21004
68 1.21282
69 1.2142
70 1.21513
71 1.21623
72 1.21856
73 1.22239
74 1.22719
75 1.23365
76 1.24225
77 1.25261
78 1.26392
79 1.27611
80 1.28861
81 1.30035
82 1.31124
83 1.32045
84 1.32829
85 1.33453
86 1.33829
87 1.34043
88 1.34188
89 1.3425
90 1.34258
91 1.34258
92 1.34262
93 1.34431
94 1.34785
95 1.35333
96 1.36072
97 1.3696
98 1.38006
99 1.39169
100 1.40302
101 1.4132
102 1.42192
103 1.42929
104 1.43483
105 1.43903
106 1.44177
107 1.4428
108 1.44315
109 1.44293
110 1.44306
111 1.44366
112 1.44503
113 1.44773
114 1.45137
115 1.45654
116 1.46267
117 1.46927
118 1.47599
119 1.48297
120 1.48996
121 1.49708
122 1.50389
123 1.51005
124 1.51519
125 1.52018
126 1.5254
127 1.52993
128 1.53338
129 1.53665
130 1.53968
131 1.54237
132 1.54526
133 1.54841
134 1.5514
135 1.55502
136 1.55929
137 1.56421
138 1.56897
139 1.57424
140 1.57989
141 1.58597
142 1.5926
143 1.59899
144 1.60522
145 1.61119
146 1.6166
147 1.62152
148 1.62645
149 1.63072
150 1.63485
151 1.63877
152 1.64254
153 1.64636
154 1.64997
155 1.65405
156 1.658
157 1.66213
158 1.66643
159 1.67074
160 1.67544
161 1.67983
162 1.68413
163 1.68861
164 1.69295
165 1.69733
166 1.70237
167 1.70756
168 1.7125
169 1.71786
170 1.7229
171 1.72782
172 1.73288
173 1.73803
174 1.74311
175 1.74808
176 1.75293
177 1.75776
178 1.76175
179 1.76544
180 1.76926
181 1.7727
182 1.7764
183 1.77989
184 1.78345
185 1.78777
186 1.79264
187 1.79755
188 1.80276
189 1.808
190 1.81324
191 1.81867
192 1.82447
193 1.83083
194 1.83665
195 1.84258
196 1.84815
197 1.85326
198 1.85816
199 1.86291
200 1.86753
201 1.87161
202 1.87541
203 1.879
204 1.88267
205 1.88649
206 1.89033
207 1.89448
208 1.89878
209 1.90374
210 1.90853
211 1.91338
212 1.91815
213 1.92306
214 1.92799
215 1.93285
216 1.93753
217 1.94186
218 1.94609
219 1.95047
220 1.95487
221 1.95951
222 1.96446
223 1.96919
224 1.97402
225 1.97824
226 1.98253
227 1.9873
228 1.99193
229 1.99629
230 2.00056
231 2.00471
232 2.009
233 2.01349
234 2.01792
235 2.02234
236 2.02676
237 2.03134
238 2.0358
239 2.04017
240 2.04486
241 2.04973
242 2.05462
243 2.05926
244 2.06346
245 2.06743
246 2.07116
247 2.07501
248 2.07881
249 2.08246
250 2.08601
251 2.08994
252 2.09416
253 2.09844
254 2.10271
255 2.10685
256 2.11098
257 2.11525
258 2.11975
259 2.12442
260 2.12918
261 2.1339
262 2.13836
263 2.14286
264 2.14684
265 2.15057
266 2.15385
267 2.15671
268 2.1593
269 2.16164
270 2.16468
271 2.16766
272 2.17058
273 2.17425
274 2.17834
275 2.18256
276 2.18699
277 2.19157
278 2.1961
279 2.20098
280 2.20584
281 2.21049
282 2.21478
283 2.2189
284 2.22257
285 2.22567
286 2.22839
287 2.23106
288 2.23382
289 2.23682
290 2.24009
291 2.24345
292 2.24701
293 2.251
294 2.25486
295 2.25917
296 2.26394
297 2.26896
298 2.27388
299 2.27807
300 2.2822
301 2.28586
302 2.28961
303 2.29307
304 2.29619
305 2.29907
306 2.30185
307 2.30451
308 2.3072
309 2.30971
310 2.31271
311 2.31635
312 2.3203
313 2.32451
314 2.32876
315 2.33292
316 2.33727
317 2.34177
318 2.3461
319 2.35067
320 2.35469
321 2.35824
322 2.36138
323 2.36472
324 2.36766
325 2.36992
326 2.37224
327 2.37486
328 2.37768
329 2.38065
330 2.38388
331 2.38728
332 2.39085
333 2.39382
334 2.39731
335 2.40127
336 2.40581
337 2.40993
338 2.414
339 2.41802
340 2.42171
341 2.42547
342 2.42884
343 2.43243
344 2.43577
345 2.43893
346 2.44152
347 2.44443
348 2.44721
349 2.44996
350 2.45274
351 2.45548
352 2.45871
353 2.46181
354 2.46526
355 2.46878
356 2.47246
357 2.47623
358 2.47975
359 2.48349
360 2.48704
361 2.49062
362 2.49415
363 2.49744
364 2.50052
365 2.50335
366 2.50656
367 2.50971
368 2.51272
369 2.5155
370 2.51859
371 2.52164
372 2.52456
373 2.52778
374 2.53068
375 2.53391
376 2.53791
377 2.54199
378 2.54571
379 2.54963
380 2.55336
381 2.55691
382 2.56034
383 2.56311
384 2.56613
385 2.56918
386 2.57218
387 2.57544
388 2.57875
389 2.58184
390 2.58483
391 2.58805
392 2.59126
393 2.59483
394 2.59812
395 2.60145
396 2.60498
397 2.60868
398 2.61219
399 2.6155
400 2.61857
401 2.62163
402 2.62466
403 2.62781
404 2.63118
405 2.63458
406 2.63781
407 2.64082
408 2.64374
409 2.64674
410 2.64959
411 2.65261
412 2.65566
413 2.6588
414 2.66172
415 2.66493
416 2.66833
417 2.67174
418 2.67489
419 2.67791
420 2.68073
421 2.68366
422 2.68667
423 2.68983
424 2.69284
425 2.6959
426 2.69893
427 2.70189
428 2.70501
429 2.70829
430 2.71175
431 2.71495
432 2.71813
433 2.72122
434 2.72411
435 2.7271
436 2.72995
437 2.73255
438 2.73533
439 2.73812
440 2.7411
441 2.74423
442 2.74741
443 2.75101
444 2.75437
445 2.75755
446 2.76076
447 2.76427
448 2.76753
449 2.77048
450 2.77297
451 2.77589
452 2.77906
453 2.78201
454 2.78495
455 2.78806
456 2.79127
457 2.79457
458 2.7981
459 2.80139
460 2.80489
461 2.80833
462 2.81156
463 2.81441
464 2.81693
465 2.81948
466 2.82198
467 2.82467
468 2.82717
469 2.82957
470 2.83207
471 2.83487
472 2.83782
473 2.84067
474 2.84391
475 2.84737
476 2.8511
477 2.85495
478 2.8585
479 2.86233
480 2.86617
481 2.86924
482 2.87214
483 2.87502
484 2.87784
485 2.88067
486 2.88366
487 2.88644
488 2.88878
489 2.89112
490 2.89385
491 2.89665
492 2.89979
493 2.9032
494 2.90649
495 2.90998
496 2.91315
497 2.91653
498 2.91971
499 2.92293
500 2.92601
501 2.92892
502 2.93173
503 2.9345
504 2.93727
505 2.94002
506 2.94277
507 2.94516
508 2.94782
509 2.95045
510 2.95344
511 2.95641
512 2.95973
513 2.96303
514 2.9662
515 2.96969
516 2.9733
517 2.97677
518 2.98022
519 2.98342
520 2.98649
521 2.98953
522 2.9924
523 2.99502
524 2.99749
525 3
526 3.00267
527 3.00529
528 3.0078
529 3.01058
530 3.01359
531 3.01678
532 3.02
533 3.02295
534 3.02557
535 3.02816
536 3.03078
537 3.0335
538 3.03654
539 3.03935
540 3.04245
541 3.04593
542 3.04897
543 3.05181
544 3.05471
545 3.05745
546 3.06013
547 3.06294
548 3.06584
549 3.06884
550 3.07178
551 3.07453
552 3.07732
553 3.08022
554 3.08306
555 3.08602
556 3.08881
557 3.09164
558 3.09432
559 3.09707
560 3.09972
561 3.10217
562 3.10498
563 3.10779
564 3.11064
565 3.11357
566 3.11643
567 3.11957
568 3.12307
569 3.12596
570 3.12868
571 3.13141
572 3.1342
573 3.13693
574 3.13972
575 3.14255
576 3.14538
577 3.14778
578 3.15049
579 3.15296
580 3.15522
581 3.15748
582 3.15998
583 3.16273
584 3.165
585 3.16751
586 3.17025
587 3.17326
588 3.17609
589 3.17904
590 3.1816
591 3.1839
592 3.18633
593 3.18867
594 3.19114
595 3.19383
596 3.19619
597 3.19836
598 3.20052
599 3.20312
600 3.20558
601 3.20814
602 3.21083
603 3.21354
604 3.21642
605 3.21945
606 3.22195
607 3.22457
608 3.22723
609 3.22965
610 3.23235
611 3.23508
612 3.23791
613 3.24023
614 3.24256
615 3.24513
616 3.2479
617 3.25036
618 3.25277
619 3.2553
620 3.25793
621 3.26082
622 3.26346
623 3.26586
624 3.26827
625 3.2707
626 3.27368
627 3.27677
628 3.28005
629 3.28276
630 3.28535
631 3.28805
632 3.29102
633 3.29361
634 3.29597
635 3.29827
636 3.30045
637 3.30248
638 3.30474
639 3.30728
640 3.31009
641 3.31284
642 3.31575
643 3.31853
644 3.32138
645 3.32438
646 3.32728
647 3.33021
648 3.33331
649 3.33632
650 3.33935
651 3.34224
652 3.34449
653 3.34679
654 3.34894
655 3.35126
656 3.35361
657 3.35592
658 3.3582
659 3.3607
660 3.36309
661 3.36541
662 3.36797
663 3.37072
664 3.37355
665 3.37672
666 3.37961
667 3.38203
668 3.38428
669 3.38679
670 3.38924
671 3.39186
672 3.39448
673 3.39701
674 3.39949
675 3.4019
676 3.40425
677 3.40715
678 3.40986
679 3.41227
680 3.41486
681 3.41741
682 3.42021
683 3.42327
684 3.42614
685 3.42879
686 3.43141
687 3.4337
688 3.43577
689 3.43795
690 3.44033
691 3.44264
692 3.44508
693 3.44725
694 3.44957
695 3.45205
696 3.4546
697 3.45749
698 3.46052
699 3.46387
700 3.46737
701 3.47033
702 3.47299
703 3.47585
704 3.47824
705 3.48037
706 3.48226
707 3.48403
708 3.48593
709 3.48769
710 3.48917
711 3.49079
712 3.49291
713 3.49526
714 3.49787
715 3.50059
716 3.50367
717 3.50708
718 3.5104
719 3.51392
720 3.51699
721 3.51979
722 3.52234
723 3.52463
724 3.52714
725 3.52967
726 3.53187
727 3.53361
728 3.53515
729 3.53681
730 3.53892
731 3.54131
732 3.54359
733 3.54605
734 3.54875
735 3.55156
736 3.55425
737 3.55693
738 3.55995
739 3.56325
740 3.56626
741 3.56911
742 3.57204
743 3.57464
744 3.5768
745 3.5792
746 3.58182
747 3.58426
748 3.58674
749 3.58888
750 3.59084
751 3.59307
752 3.59539
753 3.59754
754 3.59983
755 3.60214
756 3.60405
757 3.60677
758 3.60977
759 3.61296
760 3.61602
761 3.61922
762 3.62246
763 3.62511
764 3.62749
765 3.63009
766 3.6326
767 3.63459
768 3.6366
769 3.63867
770 3.64076
771 3.64289
772 3.64533
773 3.64785
774 3.6505
775 3.65317
776 3.65587
777 3.65891
778 3.66188
779 3.6652
780 3.66812
781 3.67108
782 3.67372
783 3.67609
784 3.67815
785 3.68017
786 3.68226
787 3.68448
788 3.68649
789 3.68854
790 3.6906
791 3.69291
792 3.69511
793 3.69741
794 3.70012
795 3.70284
796 3.70564
797 3.70876
798 3.7117
799 3.7146
800 3.71734
801 3.7199
802 3.72245
803 3.72491
804 3.72711
805 3.72927
806 3.73147
807 3.73374
808 3.73596
809 3.73822
810 3.74086
811 3.74348
812 3.74624
813 3.74905
814 3.75196
815 3.75502
816 3.75814
817 3.76102
818 3.76395
819 3.76668
820 3.76936
821 3.77187
822 3.77455
823 3.77715
824 3.77977
825 3.78219
826 3.78457
827 3.78722
828 3.7898
829 3.79227
830 3.79454
831 3.79697
832 3.79978
833 3.80268
834 3.80569
835 3.80835
836 3.81082
837 3.81319
838 3.81566
839 3.81825
840 3.82073
841 3.82335
842 3.82618
843 3.82871
844 3.83133
845 3.83378
846 3.83638
847 3.83867
848 3.84109
849 3.84371
850 3.84638
851 3.84925
852 3.85217
853 3.85495
854 3.85788
855 3.86076
856 3.86328
857 3.86582
858 3.86821
859 3.87055
860 3.87282
861 3.87522
862 3.87724
863 3.87926
864 3.88104
865 3.88325
866 3.88565
867 3.8881
868 3.89097
869 3.89399
870 3.89713
871 3.90027
872 3.90294
873 3.9056
874 3.90809
875 3.91049
876 3.91283
877 3.91523
878 3.91745
879 3.91969
880 3.92169
881 3.92405
882 3.92632
883 3.92868
884 3.93113
885 3.93355
886 3.93625
887 3.93872
888 3.9413
889 3.94391
890 3.94675
891 3.94974
892 3.95257
893 3.95533
894 3.9582
895 3.96107
896 3.96397
897 3.96661
898 3.96933
899 3.97169
900 3.97393
901 3.97615
902 3.9783
903 3.98019
904 3.98195
905 3.9832
906 3.98496
907 3.98709
908 3.98909
909 3.99157
910 3.99461
911 3.99776
912 4.0011
913 4.00467
914 4.00838
915 4.01181
916 4.01529
917 4.01833
918 4.02121
919 4.02353
920 4.02548
921 4.02733
922 4.02901
923 4.03055
924 4.03179
925 4.03338
926 4.03539
927 4.03781
928 4.04085
929 4.04411
930 4.04751
931 4.05109
932 4.05454
933 4.05766
934 4.06071
935 4.06362
936 4.06657
937 4.06899
938 4.07117
939 4.07297
940 4.07474
941 4.07664
942 4.07876
943 4.08086
944 4.08291
945 4.08517
946 4.08761
947 4.09007
948 4.09282
949 4.09587
950 4.09914
951 4.10212
952 4.10493
953 4.10778
954 4.11059
955 4.11329
956 4.11592
957 4.11832
958 4.12048
959 4.12237
960 4.12411
961 4.12564
962 4.12713
963 4.1285
964 4.13009
965 4.13191
966 4.13428
967 4.13678
968 4.1395
969 4.14234
970 4.14514
971 4.14777
972 4.15071
973 4.15331
974 4.15589
975 4.15854
976 4.16112
977 4.16362
978 4.1662
979 4.1683
980 4.17073
981 4.17326
982 4.17551
983 4.17763
984 4.17984
985 4.18227
986 4.18463
987 4.18665
988 4.18905
989 4.19133
990 4.19348
991 4.19563
992 4.1978
993 4.20001
994 4.20253
995 4.20523
996 4.20806
997 4.21089
998 4.21355
999 4.21608
1000 4.21851
1001 4.22073
1002 4.22276
1003 4.22463
1004 4.2266
1005 4.22883
1006 4.23114
1007 4.23352
1008 4.23583
1009 4.23776
1010 4.23959
1011 4.24191
1012 4.2444
1013 4.24701
1014 4.24955
1015 4.2517
1016 4.25367
1017 4.2557
1018 4.2578
1019 4.25966
1020 4.26154
1021 4.26346
1022 4.26561
1023 4.26772
1024 4.27011
1025 4.27226
1026 4.27443
1027 4.27669
1028 4.27906
1029 4.28162
1030 4.28412
1031 4.28655
1032 4.28868
1033 4.29075
1034 4.29274
1035 4.29462
1036 4.29662
1037 4.29891
1038 4.30124
1039 4.3038
1040 4.30641
1041 4.30904
1042 4.31136
1043 4.31372
1044 4.31649
1045 4.31923
1046 4.32198
1047 4.32461
1048 4.32682
1049 4.32883
1050 4.33102
1051 4.3331
1052 4.3354
1053 4.33754
1054 4.33992
1055 4.3422
1056 4.34464
1057 4.3469
1058 4.34932
1059 4.35165
1060 4.35407
1061 4.3566
1062 4.35952
1063 4.36196
1064 4.36431
1065 4.36663
1066 4.36879
1067 4.37088
1068 4.37296
1069 4.37539
1070 4.37753
1071 4.38004
1072 4.38263
1073 4.3855
1074 4.38856
1075 4.39154
1076 4.39451
1077 4.39718
1078 4.39965
1079 4.40189
1080 4.4041
1081 4.40643
1082 4.40908
1083 4.41109
1084 4.41291
1085 4.41497
1086 4.41708
1087 4.41967
1088 4.42222
1089 4.42482
1090 4.42761
1091 4.4303
1092 4.43303
1093 4.4358
1094 4.4387
1095 4.44146
1096 4.44411
1097 4.44664
1098 4.44922
1099 4.45177
1100 4.45437
1101 4.45668
1102 4.45913
1103 4.46126
1104 4.46356
1105 4.46592
1106 4.46841
1107 4.47093
1108 4.47326
1109 4.47529
1110 4.47743
1111 4.48009
1112 4.4826
1113 4.48527
1114 4.48768
1115 4.49016
1116 4.49263
1117 4.49513
1118 4.49768
1119 4.50022
1120 4.50251
1121 4.50487
1122 4.50745
1123 4.50959
1124 4.51167
1125 4.51385
1126 4.5159
1127 4.51802
1128 4.5201
1129 4.52217
1130 4.52457
1131 4.52724
1132 4.5299
1133 4.53258
1134 4.53519
1135 4.53783
1136 4.54036
1137 4.54285
1138 4.5452
1139 4.54756
1140 4.5499
1141 4.5522
1142 4.5543
1143 4.55675
1144 4.55869
1145 4.56095
1146 4.56309
1147 4.56524
1148 4.5672
1149 4.5693
1150 4.57152
1151 4.57371
1152 4.57609
1153 4.57846
1154 4.58098
1155 4.58356
1156 4.58621
1157 4.5886
1158 4.59103
1159 4.59316
1160 4.59517
1161 4.59732
1162 4.59972
1163 4.60227
1164 4.60445
1165 4.60686
1166 4.60917
1167 4.6115
1168 4.61416
1169 4.61681
1170 4.61918
1171 4.62157
1172 4.62375
1173 4.62582
1174 4.62792
1175 4.62978
1176 4.6317
1177 4.63322
1178 4.63481
1179 4.63658
1180 4.63863
1181 4.64109
1182 4.64351
1183 4.64611
1184 4.64881
1185 4.65173
1186 4.65445
1187 4.65684
1188 4.65928
1189 4.66188
1190 4.66393
1191 4.66588
1192 4.66778
1193 4.66986
1194 4.67209
1195 4.67435
1196 4.67676
1197 4.67891
1198 4.68071
1199 4.68219
1200 4.68391
1201 4.68612
1202 4.68888
1203 4.69175
1204 4.69453
1205 4.69705
1206 4.6995
1207 4.70206
1208 4.7048
1209 4.70738
1210 4.70985
1211 4.71225
1212 4.71454
1213 4.7166
1214 4.7183
1215 4.72023
1216 4.72248
1217 4.72451
1218 4.72667
1219 4.72862
1220 4.73059
1221 4.73278
1222 4.73538
1223 4.73815
1224 4.74062
1225 4.74311
1226 4.74553
1227 4.74786
1228 4.75047
1229 4.75287
1230 4.75535
1231 4.75786
1232 4.76014
1233 4.76234
1234 4.76453
1235 4.7667
1236 4.76897
1237 4.77144
1238 4.77362
1239 4.77567
1240 4.77754
1241 4.77952
1242 4.78144
1243 4.78342
1244 4.78535
1245 4.78729
1246 4.78942
1247 4.79146
1248 4.79325
1249 4.79541
1250 4.79742
1251 4.79977
1252 4.80215
1253 4.80458
1254 4.80699
1255 4.80952
1256 4.81172
1257 4.81404
1258 4.81638
1259 4.81901
1260 4.82161
1261 4.82391
1262 4.82596
1263 4.8281
1264 4.82994
1265 4.83156
1266 4.83317
1267 4.83491
1268 4.83686
1269 4.83903
1270 4.8409
1271 4.84283
1272 4.84496
1273 4.84706
1274 4.8492
1275 4.85137
1276 4.85346
1277 4.85593
1278 4.85834
1279 4.86101
1280 4.86375
1281 4.86645
1282 4.86895
1283 4.87105
1284 4.87349
1285 4.87587
1286 4.87813
1287 4.88057
1288 4.88298
1289 4.88488
1290 4.88679
1291 4.88866
1292 4.89038
1293 4.89233
1294 4.8942
1295 4.89623
1296 4.89812
1297 4.9002
1298 4.90239
1299 4.90472
1300 4.90717
1301 4.90969
1302 4.91246
1303 4.91513
1304 4.9177
1305 4.92007
1306 4.92223
1307 4.92427
1308 4.92621
1309 4.92793
1310 4.92955
1311 4.93086
1312 4.93259
1313 4.93448
1314 4.93647
1315 4.93858
1316 4.94078
1317 4.94294
1318 4.94526
1319 4.94795
1320 4.95074
1321 4.9538
1322 4.95655
1323 4.95921
1324 4.96168
1325 4.96407
1326 4.96594
1327 4.96763
1328 4.96929
1329 4.97102
1330 4.97267
1331 4.9744
1332 4.97635
1333 4.97831
1334 4.98065
1335 4.98326
1336 4.98596
1337 4.98867
1338 4.99116
1339 4.99398
1340 4.99663
1341 4.99926
1342 5.00181
1343 5.00408
1344 5.00604
1345 5.00767
1346 5.00914
1347 5.01063
1348 5.01245
1349 5.01407
1350 5.01579
1351 5.01753
1352 5.01958
1353 5.02179
1354 5.02412
1355 5.02667
1356 5.02943
1357 5.0324
1358 5.03515
1359 5.03768
1360 5.04013
1361 5.04244
1362 5.04494
1363 5.04729
1364 5.04948
1365 5.05151
1366 5.0532
1367 5.05473
1368 5.05623
1369 5.05779
1370 5.05961
1371 5.06181
1372 5.06396
1373 5.066
1374 5.06815
1375 5.07074
1376 5.0732
1377 5.07541
1378 5.07769
1379 5.07985
1380 5.08227
1381 5.08453
1382 5.08694
1383 5.08952
1384 5.09191
1385 5.09411
1386 5.09614
1387 5.09824
1388 5.10028
1389 5.10222
1390 5.10423
1391 5.10608
1392 5.10788
1393 5.10955
1394 5.11189
1395 5.11451
1396 5.11714
1397 5.11958
1398 5.1217
1399 5.1239
1400 5.1263
1401 5.12871
1402 5.13106
1403 5.1333
1404 5.13558
1405 5.13783
1406 5.13962
1407 5.14147
1408 5.14332
1409 5.14531
1410 5.1475
1411 5.14964
1412 5.15187
1413 5.15425
1414 5.15665
1415 5.15876
1416 5.16126
1417 5.16398
1418 5.16664
1419 5.16897
1420 5.17129
1421 5.17364
1422 5.17594
1423 5.17786
1424 5.17967
1425 5.18169
1426 5.18372
1427 5.18581
1428 5.18773
1429 5.18965
1430 5.19175
1431 5.1938
1432 5.19573
1433 5.19771
1434 5.20015
1435 5.20289
1436 5.2053
1437 5.20762
1438 5.20986
1439 5.21212
1440 5.21423
1441 5.21652
1442 5.21899
1443 5.22153
1444 5.22386
1445 5.22591
1446 5.22793
1447 5.22989
1448 5.23172
1449 5.23372
1450 5.23549
1451 5.23759
1452 5.23977
1453 5.24212
1454 5.24432
1455 5.24652
1456 5.24881
1457 5.25102
1458 5.25323
1459 5.25545
1460 5.25736
1461 5.25941
1462 5.26137
1463 5.26331
1464 5.26521
1465 5.26704
1466 5.26892
1467 5.27078
1468 5.27296
1469 5.27508
1470 5.27729
1471 5.27922
1472 5.28125
1473 5.28328
1474 5.28524
1475 5.28738
1476 5.28943
1477 5.29147
1478 5.29308
1479 5.29539
1480 5.29767
1481 5.30034
1482 5.30308
1483 5.30557
1484 5.30779
1485 5.30996
1486 5.31205
1487 5.31393
1488 5.31574
1489 5.31781
1490 5.31978
1491 5.32219
1492 5.32458
1493 5.32675
1494 5.32901
1495 5.33148
1496 5.33395
1497 5.3361
1498 5.33807
1499 5.33982
1500 5.34174
1501 5.34351
1502 5.3452
1503 5.34703
1504 5.34863
1505 5.35006
1506 5.35207
1507 5.35431
1508 5.35674
1509 5.35912
1510 5.36159
1511 5.36399
1512 5.36606
1513 5.36828
1514 5.37068
1515 5.37288
1516 5.37489
1517 5.37716
1518 5.37959
1519 5.3817
1520 5.38382
1521 5.38569
1522 5.38762
1523 5.38958
1524 5.39138
1525 5.3932
1526 5.39525
1527 5.39724
1528 5.39943
1529 5.4018
1530 5.40429
1531 5.40684
1532 5.40901
1533 5.4112
1534 5.41365
1535 5.41593
1536 5.41826
1537 5.42047
1538 5.42256
1539 5.42482
1540 5.42693
1541 5.42906
1542 5.43113
1543 5.43323
1544 5.43529
1545 5.43722
1546 5.43973
1547 5.4423
1548 5.44477
1549 5.44714
1550 5.44938
1551 5.4515
1552 5.45326
1553 5.45474
1554 5.45622
1555 5.45798
1556 5.46018
1557 5.46242
1558 5.46457
1559 5.46701
1560 5.46941
1561 5.47177
1562 5.47409
1563 5.47645
1564 5.47879
1565 5.48146
1566 5.48423
1567 5.487
1568 5.48967
1569 5.49206
1570 5.49412
1571 5.49615
1572 5.49804
1573 5.4999
1574 5.50172
1575 5.50358
1576 5.50586
1577 5.50807
1578 5.51015
1579 5.51215
1580 5.51423
1581 5.51657
1582 5.51907
1583 5.5215
1584 5.52406
1585 5.52667
1586 5.52938
1587 5.53214
1588 5.53466
1589 5.53728
1590 5.53975
1591 5.54204
1592 5.54436
1593 5.5465
1594 5.54857
1595 5.55098
1596 5.55309
1597 5.55496
1598 5.55677
1599 5.55878
1600 5.56069
1601 5.5628
1602 5.56516
1603 5.56758
1604 5.57
1605 5.57222
1606 5.57452
1607 5.57676
1608 5.57897
1609 5.58131
1610 5.58401
1611 5.58657
1612 5.58965
1613 5.59241
1614 5.59487
1615 5.59701
1616 5.59898
1617 5.60106
1618 5.60284
1619 5.60461
1620 5.6065
1621 5.6084
1622 5.61033
1623 5.61252
1624 5.61479
1625 5.61704
1626 5.61926
1627 5.62179
1628 5.62441
1629 5.62676
1630 5.6292
1631 5.63177
1632 5.6344
1633 5.6368
1634 5.63904
1635 5.64134
1636 5.64348
1637 5.64563
1638 5.64805
1639 5.6502
1640 5.65234
1641 5.65438
1642 5.65645
1643 5.6588
1644 5.66131
1645 5.66388
1646 5.66657
1647 5.66923
1648 5.67205
1649 5.67462
1650 5.67724
1651 5.67972
1652 5.68245
1653 5.68505
1654 5.68738
1655 5.68949
1656 5.69164
1657 5.69362
1658 5.69551
1659 5.69722
1660 5.69917
1661 5.70146
1662 5.70411
1663 5.70688
1664 5.70956
1665 5.71207
1666 5.71426
1667 5.71632
1668 5.71848
1669 5.72103
1670 5.72345
1671 5.72573
1672 5.72822
1673 5.73078
1674 5.73323
1675 5.73533
1676 5.73716
1677 5.73893
1678 5.741
1679 5.74343
1680 5.74606
1681 5.7487
1682 5.75128
1683 5.75364
1684 5.75616
1685 5.75854
1686 5.76086
1687 5.76293
1688 5.76496
1689 5.76719
1690 5.76935
1691 5.77154
1692 5.77416
1693 5.77662
1694 5.77895
1695 5.78152
1696 5.78409
1697 5.78651
1698 5.78891
1699 5.79154
1700 5.79401
1701 5.79619
1702 5.79838
1703 5.80071
1704 5.803
1705 5.80511
1706 5.80725
1707 5.80946
1708 5.81191
1709 5.81423
1710 5.8166
1711 5.81886
1712 5.82114
1713 5.82337
1714 5.8257
1715 5.8281
1716 5.83073
1717 5.83301
1718 5.83524
1719 5.83745
1720 5.83996
1721 5.8425
1722 5.84501
1723 5.84715
1724 5.84931
1725 5.85183
1726 5.85398
1727 5.85603
1728 5.85803
1729 5.86006
1730 5.86231
1731 5.86419
1732 5.86602
1733 5.86787
1734 5.87018
1735 5.87255
1736 5.87486
1737 5.87733
1738 5.8797
1739 5.8824
1740 5.88481
1741 5.88676
1742 5.88878
1743 5.89079
1744 5.8925
1745 5.89466
1746 5.8971
1747 5.89953
1748 5.90187
1749 5.90404
1750 5.90577
1751 5.90764
1752 5.9094
1753 5.91146
1754 5.91346
1755 5.91558
1756 5.91776
1757 5.91971
1758 5.92184
1759 5.92386
1760 5.92577
1761 5.92776
1762 5.92977
1763 5.9317
1764 5.93384
1765 5.9362
1766 5.93862
1767 5.94121
1768 5.94377
1769 5.94613
1770 5.94816
1771 5.95037
1772 5.95259
1773 5.95464
1774 5.95678
1775 5.95902
1776 5.96124
1777 5.96335
1778 5.96523
1779 5.96724
1780 5.96918
1781 5.97118
1782 5.97355
1783 5.976
1784 5.97862
1785 5.9814
1786 5.98418
1787 5.98667
1788 5.98915
1789 5.99143
1790 5.99371
1791 5.99571
1792 5.99769
1793 5.99972
1794 6.00207
1795 6.00425
1796 6.00607
1797 6.00776
1798 6.00946
1799 6.01129
1800 6.0137
1801 6.01621
1802 6.01881
1803 6.02128
1804 6.02351
1805 6.02585
1806 6.02816
1807 6.03003
1808 6.03213
1809 6.03439
1810 6.03682
1811 6.03892
1812 6.04119
1813 6.04334
1814 6.04539
1815 6.04747
1816 6.04946
1817 6.05144
1818 6.05343
1819 6.0557
1820 6.05824
1821 6.0609
1822 6.06358
1823 6.06615
1824 6.06857
1825 6.07116
1826 6.0737
1827 6.07618
1828 6.07845
1829 6.08055
1830 6.08274
1831 6.08486
1832 6.08678
1833 6.0886
1834 6.0903
1835 6.09222
1836 6.09442
1837 6.0968
1838 6.09924
1839 6.10153
1840 6.10415
1841 6.10669
1842 6.10891
1843 6.11128
1844 6.1138
1845 6.11621
1846 6.11854
1847 6.12076
1848 6.12284
1849 6.12476
1850 6.12677
1851 6.12838
1852 6.12993
1853 6.13173
1854 6.13365
1855 6.1358
1856 6.13793
1857 6.14021
1858 6.14248
1859 6.14491
1860 6.14733
1861 6.14986
1862 6.15253
1863 6.15523
1864 6.15773
1865 6.16024
1866 6.16293
1867 6.16537
1868 6.16764
1869 6.16943
1870 6.17123
1871 6.17288
1872 6.17455
1873 6.17622
1874 6.17804
1875 6.17971
1876 6.18137
1877 6.18324
1878 6.18533
1879 6.1876
1880 6.19034
1881 6.19309
1882 6.19566
1883 6.19812
1884 6.20044
1885 6.20292
1886 6.20548
1887 6.208
1888 6.21029
1889 6.21248
1890 6.21466
1891 6.21696
1892 6.21913
1893 6.22135
1894 6.22347
1895 6.22556
1896 6.22743
1897 6.22916
1898 6.23142
1899 6.23361
1900 6.23601
1901 6.23839
1902 6.24087
1903 6.24344
1904 6.24585
1905 6.24837
1906 6.25074
1907 6.25297
1908 6.25502
1909 6.25714
1910 6.25912
1911 6.26088
1912 6.26282
1913 6.26465
1914 6.26645
1915 6.26833
1916 6.27005
1917 6.27196
1918 6.27418
1919 6.27687
1920 6.27932
1921 6.2819
1922 6.28468
1923 6.28736
1924 6.29006
1925 6.29252
1926 6.29479
1927 6.29688
1928 6.29908
1929 6.3012
1930 6.30324
1931 6.30528
1932 6.30719
1933 6.30902
1934 6.31073
1935 6.31257
1936 6.31461
1937 6.31661
1938 6.31896
1939 6.32133
1940 6.32378
1941 6.32639
1942 6.32891
1943 6.3313
1944 6.33354
1945 6.336
1946 6.33859
1947 6.34116
1948 6.34352
1949 6.3458
1950 6.34789
1951 6.34991
1952 6.35146
1953 6.35266
1954 6.35417
1955 6.35608
1956 6.35826
1957 6.36072
1958 6.36311
1959 6.36553
1960 6.36805
1961 6.37073
1962 6.37328
1963 6.37549
1964 6.37781
1965 6.38033
1966 6.38265
1967 6.38485
1968 6.38698
1969 6.38862
1970 6.39021
1971 6.39183
1972 6.39346
1973 6.39563
1974 6.39801
1975 6.40031
1976 6.40235
1977 6.4044
1978 6.40653
1979 6.40863
1980 6.41096
1981 6.41326
1982 6.4156
1983 6.4178
1984 6.42008
1985 6.42231
1986 6.42413
1987 6.42603
1988 6.42783
1989 6.42989
1990 6.43227
1991 6.4346
1992 6.43691
1993 6.4392
1994 6.44146
1995 6.44396
1996 6.44656
1997 6.44905
1998 6.45159
1999 6.45392
2000 6.45642
2001 6.45867
2002 6.46062
2003 6.4623
2004 6.46417
2005 6.46639
2006 6.46847
2007 6.47051
2008 6.47259
2009 6.47451
2010 6.47667
2011 6.47872
2012 6.48089
2013 6.48316
2014 6.48575
2015 6.48837
2016 6.49083
2017 6.49342
2018 6.49605
2019 6.4983
2020 6.50036
2021 6.50247
2022 6.50471
2023 6.50662
2024 6.50838
2025 6.51021
2026 6.5118
2027 6.51362
2028 6.51558
2029 6.51747
2030 6.51965
2031 6.52216
2032 6.52476
2033 6.52728
2034 6.52992
2035 6.53235
2036 6.53448
2037 6.5368
2038 6.53915
2039 6.54162
2040 6.54392
2041 6.54628
2042 6.54859
2043 6.55073
2044 6.55252
2045 6.5542
2046 6.55579
2047 6.5575
2048 6.55946
2049 6.56146
2050 6.56345
2051 6.56564
2052 6.56781
2053 6.57048
2054 6.57332
2055 6.57602
2056 6.57907
2057 6.58211
2058 6.5849
2059 6.58778
2060 6.59067
2061 6.59335
2062 6.59557
2063 6.59732
2064 6.59908
2065 6.60094
2066 6.60267
2067 6.60477
2068 6.6066
2069 6.60848
2070 6.61068
2071 6.61313
2072 6.61578
2073 6.61849
2074 6.62098
2075 6.6237
2076 6.6263
2077 6.62881
2078 6.63138
2079 6.63366
2080 6.63588
2081 6.63805
2082 6.64028
2083 6.64222
2084 6.64434
2085 6.64653
2086 6.64867
2087 6.651
2088 6.65348
2089 6.6559
2090 6.65809
2091 6.66018
2092 6.66246
2093 6.66476
2094 6.66678
2095 6.6688
2096 6.67109
2097 6.67316
2098 6.6753
2099 6.67749
2100 6.67955
2101 6.68142
2102 6.68346
2103 6.68569
2104 6.68805
2105 6.69035
2106 6.69266
2107 6.69515
2108 6.69769
2109 6.70023
2110 6.70245
2111 6.70487
2112 6.70722
2113 6.70957
2114 6.71174
2115 6.71375
2116 6.71576
2117 6.71798
2118 6.71994
2119 6.72179
2120 6.72378
2121 6.72595
2122 6.72831
2123 6.73093
2124 6.7336
2125 6.7362
2126 6.73877
2127 6.74142
2128 6.74394
2129 6.7466
2130 6.74911
2131 6.75167
2132 6.75403
2133 6.75623
2134 6.7584
2135 6.76068
2136 6.76284
2137 6.76512
2138 6.76734
2139 6.76941
2140 6.77149
2141 6.77388
2142 6.77638
2143 6.77871
2144 6.78098
2145 6.78331
2146 6.78565
2147 6.78786
2148 6.79036
2149 6.79297
2150 6.79569
2151 6.79814
2152 6.80043
2153 6.80258
2154 6.80476
2155 6.80692
2156 6.80916
2157 6.81132
2158 6.81306
2159 6.81508
2160 6.81743
2161 6.81994
2162 6.82239
2163 6.82455
2164 6.82724
2165 6.82988
2166 6.83232
2167 6.83463
2168 6.83734
2169 6.84007
2170 6.84283
2171 6.84519
2172 6.8475
2173 6.8496
2174 6.85185
2175 6.85424
2176 6.8566
2177 6.85894
2178 6.8614
2179 6.86373
2180 6.86625
2181 6.86878
2182 6.87121
2183 6.87397
2184 6.8765
2185 6.87878
2186 6.88091
2187 6.88304
2188 6.88508
2189 6.88701
2190 6.88909
2191 6.89111
2192 6.89306
2193 6.89522
2194 6.89751
2195 6.90021
2196 6.90311
2197 6.90594
2198 6.90853
2199 6.9115
2200 6.91399
2201 6.91633
2202 6.91849
2203 6.92091
2204 6.92336
2205 6.92574
2206 6.9278
2207 6.92965
2208 6.93172
2209 6.93371
2210 6.93578
2211 6.93812
2212 6.94048
2213 6.94317
2214 6.94578
2215 6.94813
2216 6.95065
2217 6.95325
2218 6.95587
2219 6.95867
2220 6.9615
2221 6.96432
2222 6.96709
2223 6.96965
2224 6.97201
2225 6.97435
2226 6.97667
2227 6.97896
2228 6.98133
2229 6.98344
2230 6.98548
2231 6.98745
2232 6.98936
2233 6.99113
2234 6.99296
2235 6.99506
2236 6.99713
2237 6.99932
2238 7.00144
2239 7.00412
2240 7.00686
2241 7.00935
2242 7.01189
2243 7.01426
2244 7.01645
2245 7.01872
2246 7.02117
2247 7.02343
2248 7.02554
2249 7.02724
2250 7.02916
2251 7.03136
2252 7.03338
2253 7.03575
2254 7.03823
2255 7.04084
2256 7.04348
2257 7.04634
2258 7.04925
2259 7.05218
2260 7.05488
2261 7.05717
2262 7.05937
2263 7.06153
2264 7.0634
2265 7.06495
2266 7.06668
2267 7.06845
2268 7.0702
2269 7.0723
2270 7.07427
2271 7.07667
2272 7.07942
2273 7.08202
2274 7.08482
2275 7.0875
2276 7.08977
2277 7.09219
2278 7.09481
2279 7.09722
2280 7.09967
2281 7.10182
2282 7.10389
2283 7.10593
2284 7.10794
2285 7.11017
2286 7.11244
2287 7.11506
2288 7.11747
2289 7.11993
2290 7.12224
2291 7.12467
2292 7.12744
2293 7.12972
2294 7.1321
2295 7.13441
2296 7.13683
2297 7.13922
2298 7.14141
2299 7.14343
2300 7.14533
2301 7.14719
2302 7.14927
2303 7.15183
2304 7.1543
2305 7.15679
2306 7.15944
2307 7.16199
2308 7.16456
2309 7.16714
2310 7.16971
2311 7.17196
2312 7.17422
2313 7.1765
2314 7.17883
2315 7.18112
2316 7.18334
2317 7.18543
2318 7.18722
2319 7.1892
2320 7.19139
2321 7.19349
2322 7.19565
2323 7.19803
2324 7.20024
2325 7.2028
2326 7.2054
2327 7.20797
2328 7.21026
2329 7.21256
2330 7.2151
2331 7.21766
2332 7.22027
2333 7.22294
2334 7.22566
2335 7.22823
2336 7.23053
2337 7.23275
2338 7.23467
2339 7.23638
2340 7.23809
2341 7.24006
2342 7.24221
2343 7.24437
2344 7.24639
2345 7.24876
2346 7.25131
2347 7.25394
2348 7.25678
2349 7.25954
2350 7.26238
2351 7.26502
2352 7.26754
2353 7.26995
2354 7.27199
2355 7.27411
2356 7.27631
2357 7.27861
2358 7.28087
2359 7.28307
2360 7.28542
2361 7.28756
2362 7.28957
2363 7.29157
2364 7.29403
2365 7.29637
2366 7.29864
2367 7.3007
2368 7.30297
2369 7.30525
2370 7.30773
2371 7.31013
2372 7.31226
2373 7.31457
2374 7.31698
2375 7.31936
2376 7.32165
2377 7.32386
2378 7.32611
2379 7.32822
2380 7.33035
2381 7.33239
2382 7.33441
2383 7.33679
2384 7.33912
2385 7.34141
2386 7.34378
2387 7.34619
2388 7.34854
2389 7.35081
2390 7.35309
2391 7.35536
2392 7.35765
2393 7.35948
2394 7.36125
2395 7.36284
2396 7.3646
2397 7.36666
2398 7.36881
2399 7.371
2400 7.37354
2401 7.37613
2402 7.3789
2403 7.38185
2404 7.38458
2405 7.3873
2406 7.3899
2407 7.39263
2408 7.39501
2409 7.39712
2410 7.39909
2411 7.4008
2412 7.40239
2413 7.40392
2414 7.4055
2415 7.40712
2416 7.40901
2417 7.41111
2418 7.41305
2419 7.41519
2420 7.41754
2421 7.42003
2422 7.42256
2423 7.42522
2424 7.42797
2425 7.43076
2426 7.4338
2427 7.43658
2428 7.43923
2429 7.44151
2430 7.4437
2431 7.44591
2432 7.44767
2433 7.44943
2434 7.45106
2435 7.45273
2436 7.45427
2437 7.4563
2438 7.45851
2439 7.46078
2440 7.46327
2441 7.46587
2442 7.46847
2443 7.47112
2444 7.47395
2445 7.47683
2446 7.47954
2447 7.48224
2448 7.48469
2449 7.48685
2450 7.48911
2451 7.49138
2452 7.49359
2453 7.49545
2454 7.49731
2455 7.49926
2456 7.50088
2457 7.50256
2458 7.50459
2459 7.50666
2460 7.50894
2461 7.51154
2462 7.51398
2463 7.5163
2464 7.51851
2465 7.52053
2466 7.52264
2467 7.52474
2468 7.52683
2469 7.52907
2470 7.53129
2471 7.53349
2472 7.5355
2473 7.53747
2474 7.5395
2475 7.54158
2476 7.54368
2477 7.54609
2478 7.54857
2479 7.55093
2480 7.55309
2481 7.55579
2482 7.55844
2483 7.56116
2484 7.56392
2485 7.56666
2486 7.56906
2487 7.57142
2488 7.57339
2489 7.57515
2490 7.57682
2491 7.57841
2492 7.58017
2493 7.58192
2494 7.58341
2495 7.58523
2496 7.58722
2497 7.58986
2498 7.59292
2499 7.5962
2500 7.5995
2501 7.60259
2502 7.60537
2503 7.60814
2504 7.61098
2505 7.6135
2506 7.61548
2507 7.61702
2508 7.61821
2509 7.61935
2510 7.62047
2511 7.62169
2512 7.62322
2513 7.62479
2514 7.62692
2515 7.6295
2516 7.63217
2517 7.63469
2518 7.63749
2519 7.64033
2520 7.64323
2521 7.64598
2522 7.64893
2523 7.65146
2524 7.65385
2525 7.65598
2526 7.65795
2527 7.65982
2528 7.6618
2529 7.66364
2530 7.6651
2531 7.66655
2532 7.66813
2533 7.66985
2534 7.67176
2535 7.67397
2536 7.67636
2537 7.67905
2538 7.68196
2539 7.68494
2540 7.68806
2541 7.69095
2542 7.69384
2543 7.69683
2544 7.69981
2545 7.70226
2546 7.70432
2547 7.70629
2548 7.70823
2549 7.7098
2550 7.71126
2551 7.71291
2552 7.7149
2553 7.71708
2554 7.71918
2555 7.72157
2556 7.72408
2557 7.72663
2558 7.72904
2559 7.73179
2560 7.73421
2561 7.73662
2562 7.73884
2563 7.74111
2564 7.74345
2565 7.74592
2566 7.74844
2567 7.75079
2568 7.75303
2569 7.75504
2570 7.75711
2571 7.75923
2572 7.76127
2573 7.76316
2574 7.76488
2575 7.76669
2576 7.76881
2577 7.77103
2578 7.77347
2579 7.77571
2580 7.77833
2581 7.78101
2582 7.78361
2583 7.78606
2584 7.78861
2585 7.79121
2586 7.79373
2587 7.79595
2588 7.79792
2589 7.79972
2590 7.80148
2591 7.80344
2592 7.8054
2593 7.80759
2594 7.80962
2595 7.81157
2596 7.81355
2597 7.81524
2598 7.81712
2599 7.81897
2600 7.8207
2601 7.82301
2602 7.8257
2603 7.8283
2604 7.83104
2605 7.83386
2606 7.83641
2607 7.83919
2608 7.8422
2609 7.84495
2610 7.8475
2611 7.84993
2612 7.85196
2613 7.85394
2614 7.85557
2615 7.85699
2616 7.85848
2617 7.86002
2618 7.86177
2619 7.86353
2620 7.86545
2621 7.86767
2622 7.87011
2623 7.87272
2624 7.87547
2625 7.87816
2626 7.88096
2627 7.88365
2628 7.88627
2629 7.8885
2630 7.89082
2631 7.89293
2632 7.89509
2633 7.89712
2634 7.89918
2635 7.90105
2636 7.90276
2637 7.90456
2638 7.90625
2639 7.90813
2640 7.90998
2641 7.91197
2642 7.91396
2643 7.91635
2644 7.9189
2645 7.92147
2646 7.92408
2647 7.92666
2648 7.92876
2649 7.93084
2650 7.93321
2651 7.93553
2652 7.93753
2653 7.93944
2654 7.94096
2655 7.94227
2656 7.94415
2657 7.94609
2658 7.94823
2659 7.95041
2660 7.9527
2661 7.95525
2662 7.95778
2663 7.96075
2664 7.96359
2665 7.96661
2666 7.96942
2667 7.97211
2668 7.97455
2669 7.97685
2670 7.97889
2671 7.98052
2672 7.98215
2673 7.98371
2674 7.98558
2675 7.98745
2676 7.98964
2677 7.9919
2678 7.99424
2679 7.99651
2680 7.99871
2681 8.00091
2682 8.00347
2683 8.00628
2684 8.00907
2685 8.01169
2686 8.01412
2687 8.01647
2688 8.01869
2689 8.02101
2690 8.02318
2691 8.02537
2692 8.02743
2693 8.02935
2694 8.03114
2695 8.03268
2696 8.03414
2697 8.03587
2698 8.03795
2699 8.04009
2700 8.04218
2701 8.04436
2702 8.04683
2703 8.04916
2704 8.05195
2705 8.05459
2706 8.05729
2707 8.06008
2708 8.0628
2709 8.06526
2710 8.06753
2711 8.06995
2712 8.07218
2713 8.07428
2714 8.07599
2715 8.07748
2716 8.07913
2717 8.08102
2718 8.08321
2719 8.08523
2720 8.08743
2721 8.08948
2722 8.09176
2723 8.09411
2724 8.09641
2725 8.09899
2726 8.10179
2727 8.10467
2728 8.10728
2729 8.10985
2730 8.1124
2731 8.11492
2732 8.11734
2733 8.11968
2734 8.12185
2735 8.12384
2736 8.1257
2737 8.12733
2738 8.12905
2739 8.13066
2740 8.13253
2741 8.13461
2742 8.13679
2743 8.13887
2744 8.14132
2745 8.14403
2746 8.14674
2747 8.14941
2748 8.15187
2749 8.15447
2750 8.15708
2751 8.15966
2752 8.16224
2753 8.16453
2754 8.16669
2755 8.16892
2756 8.17115
2757 8.1731
2758 8.17508
2759 8.17675
2760 8.17848
2761 8.18022
2762 8.18217
2763 8.18434
2764 8.1868
2765 8.18937
2766 8.1921
2767 8.19454
2768 8.19712
2769 8.19924
2770 8.20127
2771 8.2032
2772 8.20527
2773 8.20735
2774 8.20968
2775 8.21197
2776 8.21431
2777 8.21691
2778 8.21957
2779 8.22218
2780 8.22484
2781 8.22742
2782 8.23025
2783 8.23294
2784 8.23558
2785 8.23787
2786 8.23988
2787 8.24181
2788 8.2439
2789 8.24612
2790 8.24818
2791 8.25028
2792 8.25221
2793 8.25413
2794 8.25605
2795 8.25777
2796 8.25958
2797 8.26121
2798 8.26304
2799 8.26509
2800 8.26732
2801 8.26932
2802 8.2713
2803 8.27357
2804 8.27591
2805 8.27869
2806 8.28138
2807 8.28371
2808 8.28589
2809 8.28795
2810 8.28999
2811 8.29192
2812 8.29392
2813 8.29589
2814 8.29784
2815 8.29966
2816 8.3015
2817 8.30358
2818 8.30533
2819 8.30751
2820 8.30969
2821 8.31198
2822 8.31447
2823 8.3171
2824 8.31972
2825 8.32257
2826 8.32518
2827 8.32774
2828 8.33014
2829 8.33246
2830 8.33472
2831 8.33689
2832 8.33915
2833 8.34142
2834 8.34359
2835 8.34583
2836 8.34799
2837 8.35052
2838 8.35293
2839 8.35536
2840 8.35788
2841 8.36034
2842 8.36261
2843 8.36505
2844 8.36727
2845 8.36913
2846 8.37109
2847 8.37326
2848 8.37547
2849 8.3779
2850 8.38008
2851 8.38223
2852 8.38462
2853 8.38713
2854 8.38953
2855 8.39214
2856 8.39456
2857 8.39703
2858 8.39941
2859 8.4017
2860 8.40379
2861 8.40583
2862 8.40789
2863 8.41044
2864 8.41303
2865 8.41551
2866 8.41781
2867 8.42018
2868 8.42229
2869 8.42443
2870 8.42637
2871 8.42849
2872 8.43081
2873 8.43309
2874 8.43501
2875 8.437
2876 8.4392
2877 8.44142
2878 8.44356
2879 8.44607
2880 8.44873
2881 8.45122
2882 8.45379
2883 8.45636
2884 8.45883
2885 8.46169
2886 8.46447
2887 8.46704
2888 8.46944
2889 8.47172
2890 8.4741
2891 8.4764
2892 8.47854
2893 8.48081
2894 8.4828
2895 8.48458
2896 8.48633
2897 8.48818
2898 8.49028
2899 8.49239
2900 8.49468
2901 8.49702
2902 8.49942
2903 8.50195
2904 8.50459
2905 8.5073
2906 8.51017
2907 8.51312
2908 8.51573
2909 8.51827
2910 8.52055
2911 8.52245
2912 8.52444
2913 8.52629
2914 8.52827
2915 8.53037
2916 8.53236
2917 8.5342
2918 8.53607
2919 8.53801
2920 8.54015
2921 8.54238
2922 8.5446
2923 8.5469
2924 8.54921
2925 8.55175
2926 8.55453
2927 8.5572
2928 8.55987
2929 8.5626
2930 8.56491
2931 8.56735
2932 8.5697
2933 8.57204
2934 8.57427
2935 8.57642
2936 8.57855
2937 8.58062
2938 8.58234
2939 8.58402
2940 8.58592
2941 8.58787
2942 8.58988
2943 8.59184
2944 8.59376
2945 8.59583
2946 8.59823
2947 8.60068
2948 8.60321
2949 8.60576
2950 8.60825
2951 8.61074
2952 8.61325
2953 8.61578
2954 8.6181
2955 8.62033
2956 8.6226
2957 8.62492
2958 8.62722
2959 8.62923
2960 8.63109
2961 8.63276
2962 8.63438
2963 8.63635
2964 8.63851
2965 8.64067
2966 8.64305
2967 8.64556
2968 8.64837
2969 8.65111
2970 8.65386
2971 8.65649
2972 8.65914
2973 8.66175
2974 8.66435
2975 8.66683
2976 8.66925
2977 8.67155
2978 8.67348
2979 8.67526
2980 8.67698
2981 8.67867
2982 8.68026
2983 8.68223
2984 8.68441
2985 8.68648
2986 8.6884
2987 8.69066
2988 8.69306
2989 8.69527
2990 8.69791
2991 8.7006
2992 8.70351
2993 8.70625
2994 8.70884
2995 8.71148
2996 8.71369
2997 8.71612
2998 8.71823
2999 8.72019
3000 8.722
3001 8.72396
3002 8.72602
3003 8.72794
3004 8.72989
3005 8.73197
3006 8.7341
3007 8.73646
3008 8.73895
3009 8.7412
3010 8.74351
3011 8.74603
3012 8.74859
3013 8.75082
3014 8.75306
3015 8.75558
3016 8.75823
3017 8.76069
3018 8.76289
3019 8.76489
3020 8.76716
3021 8.76952
3022 8.77165
3023 8.77353
3024 8.77564
3025 8.77818
3026 8.78038
3027 8.7829
3028 8.78537
3029 8.78732
3030 8.78947
3031 8.79173
3032 8.79404
3033 8.79633
3034 8.79862
3035 8.80081
3036 8.80316
3037 8.80538
3038 8.80767
3039 8.8098
3040 8.81182
3041 8.81394
3042 8.81626
3043 8.81846
3044 8.82081
3045 8.82331
3046 8.82585
3047 8.82827
3048 8.83031
3049 8.83265
3050 8.83515
3051 8.8375
3052 8.84004
3053 8.84236
3054 8.8444
3055 8.84647
3056 8.84855
3057 8.85048
3058 8.85248
3059 8.85455
3060 8.85684
3061 8.85902
3062 8.86131
3063 8.86337
3064 8.8654
3065 8.86757
3066 8.86987
3067 8.87206
3068 8.87431
3069 8.87654
3070 8.87902
3071 8.88195
3072 8.88483
3073 8.88759
3074 8.89029
3075 8.89265
3076 8.89496
3077 8.89694
3078 8.899
3079 8.90102
3080 8.90313
3081 8.90532
3082 8.90734
3083 8.90931
3084 8.91118
3085 8.91309
3086 8.91507
3087 8.91728
3088 8.91994
3089 8.92249
3090 8.92545
3091 8.92819
3092 8.93075
3093 8.93299
3094 8.93524
3095 8.93758
3096 8.93993
3097 8.94232
3098 8.94456
3099 8.94638
3100 8.94807
3101 8.94979
3102 8.95157
3103 8.95326
3104 8.95512
3105 8.95713
3106 8.9592
3107 8.96144
3108 8.96392
3109 8.96653
3110 8.96909
3111 8.97159
3112 8.97433
3113 8.97713
3114 8.97962
3115 8.98197
3116 8.98418
3117 8.98613
3118 8.98802
3119 8.98987
3120 8.99168
3121 8.99323
3122 8.99506
3123 8.99694
3124 8.999
3125 9.00111
3126 9.00329
3127 9.00552
3128 9.00796
3129 9.01049
3130 9.01275
3131 9.01514
3132 9.01753
3133 9.01998
3134 9.02215
3135 9.02433
3136 9.02622
3137 9.02827
3138 9.03001
3139 9.03195
3140 9.03379
3141 9.03585
3142 9.03814
3143 9.04035
3144 9.04259
3145 9.04468
3146 9.04673
3147 9.04899
3148 9.05122
3149 9.05331
3150 9.0557
3151 9.05822
3152 9.06064
3153 9.06312
3154 9.06548
3155 9.0676
3156 9.06951
3157 9.07142
3158 9.07373
3159 9.07641
3160 9.07877
3161 9.08056
3162 9.08264
3163 9.08505
3164 9.08725
3165 9.08938
3166 9.09164
3167 9.09399
3168 9.0964
3169 9.09877
3170 9.10115
3171 9.10357
3172 9.10594
3173 9.10814
3174 9.10983
3175 9.11161
3176 9.11334
3177 9.11515
3178 9.1172
3179 9.11951
3180 9.12193
3181 9.12443
3182 9.12679
3183 9.12921
3184 9.13176
3185 9.1341
3186 9.13639
3187 9.13835
3188 9.14021
3189 9.14201
3190 9.14368
3191 9.14549
3192 9.1471
3193 9.14893
3194 9.15085
3195 9.15282
3196 9.15484
3197 9.15712
3198 9.15986
3199 9.16257
3200 9.16545
3201 9.1683
3202 9.17116
3203 9.17365
3204 9.17586
3205 9.17777
3206 9.17937
3207 9.18072
3208 9.18204
3209 9.18321
3210 9.18477
3211 9.18662
3212 9.18838
3213 9.19023
3214 9.19235
3215 9.19466
3216 9.19711
3217 9.19989
3218 9.20291
3219 9.20578
3220 9.20836
3221 9.21055
3222 9.21255
3223 9.21465
3224 9.21649
3225 9.21814
3226 9.21979
3227 9.22136
3228 9.223
3229 9.22455
3230 9.22612
3231 9.2279
3232 9.22995
3233 9.23225
3234 9.23472
3235 9.2374
3236 9.24008
3237 9.24277
3238 9.24568
3239 9.24848
3240 9.25144
3241 9.25412
3242 9.25669
3243 9.25899
3244 9.26097
3245 9.26293
3246 9.26455
3247 9.26586
3248 9.26697
3249 9.26847
3250 9.26982
3251 9.27175
3252 9.27413
3253 9.27652
3254 9.27914
3255 9.28143
3256 9.28372
3257 9.28614
3258 9.28858
3259 9.29086
3260 9.29294
3261 9.29507
3262 9.29714
3263 9.29898
3264 9.30079
3265 9.30246
3266 9.30448
3267 9.30643
3268 9.30837
3269 9.31046
3270 9.3126
3271 9.3146
3272 9.31658
3273 9.31852
3274 9.32027
3275 9.32218
3276 9.3243
3277 9.32617
3278 9.32814
3279 9.33023
3280 9.33237
3281 9.33491
3282 9.33723
3283 9.33949
3284 9.34168
3285 9.3439
3286 9.34603
3287 9.34795
3288 9.34962
3289 9.35138
3290 9.35325
3291 9.35495
3292 9.35691
3293 9.35908
3294 9.36121
3295 9.36346
3296 9.36556
3297 9.36782
3298 9.37014
3299 9.37246
3300 9.37467
3301 9.37674
3302 9.37911
3303 9.3817
3304 9.38427
3305 9.38667
3306 9.38869
3307 9.39067
3308 9.39259
3309 9.39432
3310 9.39603
3311 9.39762
3312 9.39947
3313 9.40133
3314 9.40328
3315 9.40495
3316 9.40652
3317 9.40855
3318 9.4109
3319 9.41342
3320 9.41608
3321 9.41875
3322 9.42119
3323 9.42347
3324 9.42571
3325 9.42796
3326 9.43026
3327 9.43258
3328 9.43458
3329 9.4364
3330 9.43794
3331 9.43942
3332 9.4409
3333 9.44242
3334 9.44413
3335 9.44613
3336 9.44829
3337 9.45034
3338 9.45241
3339 9.4549
3340 9.45703
3341 9.45965
3342 9.46198
3343 9.46416
3344 9.46598
3345 9.46781
3346 9.46948
3347 9.47121
3348 9.47315
3349 9.47497
3350 9.47693
3351 9.47875
3352 9.48072
3353 9.48272
3354 9.48499
3355 9.48733
3356 9.48974
3357 9.49209
3358 9.49473
3359 9.49742
3360 9.49993
3361 9.50238
3362 9.50464
3363 9.50677
3364 9.50899
3365 9.51106
3366 9.51296
3367 9.51496
3368 9.51702
3369 9.51885
3370 9.52044
3371 9.52212
3372 9.52387
3373 9.52575
3374 9.52756
3375 9.52964
3376 9.53163
3377 9.53403
3378 9.53666
3379 9.53904
3380 9.54145
3381 9.54359
3382 9.54547
3383 9.54753
3384 9.54976
3385 9.55132
3386 9.55303
3387 9.55507
3388 9.55727
3389 9.55935
3390 9.56142
3391 9.56341
3392 9.56545
3393 9.56752
3394 9.56969
3395 9.57218
3396 9.57464
3397 9.57683
3398 9.57904
3399 9.58106
3400 9.583
3401 9.58461
3402 9.58621
3403 9.58764
3404 9.58924
3405 9.59072
3406 9.59249
3407 9.59434
3408 9.59639
3409 9.59816
3410 9.6
3411 9.60206
3412 9.60418
3413 9.60648
3414 9.60889
3415 9.61127
3416 9.61388
3417 9.6164
3418 9.61879
3419 9.62099
3420 9.62307
3421 9.62533
3422 9.62733
3423 9.62909
3424 9.63091
3425 9.63288
3426 9.63461
3427 9.63618
3428 9.63806
3429 9.63988
3430 9.64162
3431 9.64324
3432 9.64508
3433 9.6472
3434 9.6492
3435 9.6512
3436 9.65359
3437 9.65616
3438 9.65873
3439 9.66128
3440 9.66363
3441 9.66548
3442 9.66714
3443 9.66904
3444 9.67083
3445 9.67244
3446 9.67401
3447 9.67556
3448 9.67721
3449 9.67887
3450 9.68042
3451 9.68209
3452 9.68403
3453 9.68626
3454 9.68863
3455 9.69146
3456 9.69453
3457 9.69727
3458 9.69997
3459 9.7023
3460 9.70452
3461 9.70682
3462 9.709
3463 9.71089
3464 9.71268
3465 9.71435
3466 9.71583
3467 9.71711
3468 9.71841
3469 9.71996
3470 9.72147
3471 9.72303
3472 9.72513
3473 9.72742
3474 9.72969
3475 9.73221
3476 9.73492
3477 9.73773
3478 9.74057
3479 9.74337
3480 9.7458
3481 9.74804
3482 9.74993
3483 9.75183
3484 9.75376
3485 9.75587
3486 9.75768
3487 9.75929
3488 9.76059
3489 9.76212
3490 9.76359
3491 9.7651
3492 9.76706
3493 9.76948
3494 9.77214
3495 9.77485
3496 9.77748
3497 9.78005
3498 9.78225
3499 9.78464
3500 9.78725
3501 9.78966
3502 9.79193
3503 9.79418
3504 9.79622
3505 9.79831
3506 9.80009
3507 9.80173
3508 9.80349
3509 9.80527
3510 9.80708
3511 9.80923
3512 9.81116
3513 9.81314
3514 9.81519
3515 9.81721
3516 9.81947
3517 9.82164
3518 9.82411
3519 9.82649
3520 9.82896
3521 9.83162
3522 9.83431
3523 9.83663
3524 9.83888
3525 9.84113
3526 9.8434
3527 9.84546
3528 9.84743
3529 9.84923
3530 9.851
3531 9.85275
3532 9.8545
3533 9.85642
3534 9.85824
3535 9.86009
3536 9.862
3537 9.86411
3538 9.86617
3539 9.86841
3540 9.87051
3541 9.87237
3542 9.87423
3543 9.87624
3544 9.87838
3545 9.88032
3546 9.88229
3547 9.88443
3548 9.88698
3549 9.88939
3550 9.89181
3551 9.89392
3552 9.89588
3553 9.89782
3554 9.89958
3555 9.9014
3556 9.903
3557 9.90457
3558 9.90628
3559 9.90812
3560 9.90981
3561 9.91173
3562 9.91391
3563 9.91646
3564 9.91908
3565 9.92172
3566 9.9242
3567 9.92674
3568 9.92924
3569 9.93162
3570 9.93365
3571 9.93536
3572 9.93702
3573 9.93865
3574 9.94031
3575 9.9417
3576 9.94302
3577 9.94432
3578 9.94581
3579 9.94744
3580 9.94914
3581 9.9512
3582 9.9536
3583 9.95601
3584 9.9585
3585 9.9609
3586 9.96308
3587 9.96545
3588 9.9675
3589 9.96953
3590 9.97143
3591 9.97347
3592 9.97547
3593 9.97741
3594 9.9792
3595 9.981
3596 9.98309
3597 9.98495
3598 9.98682
3599 9.98885
3600 9.99076
3601 9.99273
3602 9.99466
3603 9.99663
3604 9.99885
3605 10.0009
3606 10.0029
3607 10.005
3608 10.007
3609 10.009
3610 10.011
3611 10.0125
3612 10.0142
3613 10.0162
3614 10.0184
3615 10.0205
3616 10.0228
3617 10.0251
3618 10.0275
3619 10.0298
3620 10.032
3621 10.034
3622 10.0361
3623 10.0382
3624 10.0402
3625 10.0423
3626 10.0441
3627 10.0457
3628 10.0468
3629 10.0481
3630 10.0496
3631 10.0512
3632 10.0532
3633 10.0556
3634 10.0582
3635 10.061
3636 10.0639
3637 10.0669
3638 10.0698
3639 10.0727
3640 10.0754
3641 10.0777
3642 10.0795
3643 10.0809
3644 10.0821
3645 10.0831
3646 10.084
3647 10.0853
3648 10.0868
3649 10.0884
3650 10.0904
3651 10.0924
3652 10.0949
3653 10.0976
3654 10.1002
3655 10.1033
3656 10.1063
3657 10.1092
3658 10.1118
3659 10.1142
3660 10.1165
3661 10.1186
3662 10.1204
3663 10.1219
3664 10.1235
3665 10.1249
3666 10.1263
3667 10.1279
3668 10.1296
3669 10.1314
3670 10.1336
3671 10.1358
3672 10.1386
3673 10.1411
3674 10.144
3675 10.1469
3676 10.1499
3677 10.1526
3678 10.1553
3679 10.1578
3680 10.16
3681 10.1619
3682 10.1637
3683 10.1651
3684 10.1664
3685 10.1677
3686 10.1693
3687 10.1714
3688 10.1733
3689 10.1754
3690 10.1777
3691 10.18
3692 10.1825
3693 10.1848
3694 10.1873
3695 10.1896
3696 10.1919
3697 10.1939
3698 10.1959
3699 10.1977
3700 10.1996
3701 10.2017
3702 10.2038
3703 10.2059
3704 10.208
3705 10.2103
3706 10.2125
3707 10.215
3708 10.2173
3709 10.2196
3710 10.2217
3711 10.2238
3712 10.2258
3713 10.2277
3714 10.2298
3715 10.2319
3716 10.2338
3717 10.2358
3718 10.2378
3719 10.2396
3720 10.2416
3721 10.2438
3722 10.2458
3723 10.2479
3724 10.2501
3725 10.2523
3726 10.255
3727 10.2577
3728 10.2604
3729 10.2627
3730 10.265
3731 10.267
3732 10.2688
3733 10.2702
3734 10.2718
3735 10.2732
3736 10.2747
3737 10.2765
3738 10.2786
3739 10.2808
3740 10.2829
3741 10.2853
3742 10.288
3743 10.2908
3744 10.2934
3745 10.2961
3746 10.2986
3747 10.301
3748 10.303
3749 10.3051
3750 10.3069
3751 10.3086
3752 10.3104
3753 10.3121
3754 10.3139
3755 10.3157
3756 10.3178
3757 10.3202
3758 10.3224
3759 10.325
3760 10.3277
3761 10.3304
3762 10.3329
3763 10.3352
3764 10.3373
3765 10.3393
3766 10.3411
3767 10.3428
3768 10.3449
3769 10.347
3770 10.3491
3771 10.3509
3772 10.3527
3773 10.3545
3774 10.3561
3775 10.3579
3776 10.3599
3777 10.3621
3778 10.3645
3779 10.3672
3780 10.3699
3781 10.3721
3782 10.3744
3783 10.3764
3784 10.3785
3785 10.3807
3786 10.3828
3787 10.3849
3788 10.3871
3789 10.3893
3790 10.3914
3791 10.3934
3792 10.3951
3793 10.3964
3794 10.3978
3795 10.3993
3796 10.401
3797 10.403
3798 10.4054
3799 10.4078
3800 10.4104
3801 10.4129
3802 10.4156
3803 10.4182
3804 10.4211
3805 10.4237
3806 10.4262
3807 10.4287
3808 10.4306
3809 10.4324
3810 10.4343
3811 10.4361
3812 10.4378
3813 10.4398
3814 10.4419
3815 10.4442
3816 10.4462
3817 10.4485
3818 10.4506
3819 10.4527
3820 10.4547
3821 10.4566
3822 10.4585
3823 10.4607
3824 10.463
3825 10.4654
3826 10.4679
3827 10.4707
3828 10.4734
3829 10.4757
3830 10.478
3831 10.4801
3832 10.4822
3833 10.4845
3834 10.4864
3835 10.4884
3836 10.4903
3837 10.4925
3838 10.4946
3839 10.497
3840 10.4995
3841 10.5016
3842 10.5038
3843 10.5061
3844 10.5081
3845 10.5103
3846 10.5128
3847 10.5153
3848 10.5178
3849 10.5202
3850 10.5223
3851 10.5245
3852 10.5266
3853 10.5287
3854 10.5309
3855 10.533
3856 10.5351
3857 10.5371
3858 10.5391
3859 10.541
3860 10.5428
3861 10.5446
3862 10.5465
3863 10.5484
3864 10.5505
3865 10.5529
3866 10.5554
3867 10.5579
3868 10.56
3869 10.5624
3870 10.5648
3871 10.567
3872 10.5691
3873 10.5711
3874 10.5732
3875 10.575
3876 10.577
3877 10.5791
3878 10.5812
3879 10.5829
3880 10.585
3881 10.5874
3882 10.59
3883 10.5927
3884 10.5949
3885 10.597
3886 10.599
3887 10.6014
3888 10.6037
3889 10.6059
3890 10.608
3891 10.6102
3892 10.6125
3893 10.6149
3894 10.6172
3895 10.6191
3896 10.621
3897 10.6231
3898 10.6249
3899 10.6269
3900 10.6291
3901 10.6313
3902 10.6335
3903 10.6359
3904 10.6386
3905 10.6414
3906 10.6443
3907 10.6472
3908 10.6499
3909 10.6525
3910 10.6552
3911 10.6575
3912 10.6596
3913 10.6614
3914 10.663
3915 10.6645
3916 10.6656
3917 10.6666
3918 10.6677
3919 10.6692
3920 10.6711
3921 10.6734
3922 10.6759
3923 10.6787
3924 10.6815
3925 10.6845
3926 10.6875
3927 10.6903
3928 10.6932
3929 10.6955
3930 10.6975
3931 10.6994
3932 10.7012
3933 10.703
3934 10.7045
3935 10.7061
3936 10.7078
3937 10.7095
3938 10.7117
3939 10.7142
3940 10.7168
3941 10.7191
3942 10.7219
3943 10.7245
3944 10.727
3945 10.7294
3946 10.7318
3947 10.734
3948 10.7359
3949 10.7375
3950 10.7391
3951 10.7407
3952 10.7424
3953 10.7444
3954 10.7468
3955 10.7493
3956 10.7518
3957 10.7543
3958 10.7567
3959 10.7592
3960 10.7618
3961 10.7647
3962 10.7677
3963 10.7702
3964 10.7727
3965 10.7748
3966 10.7763
3967 10.7779
3968 10.779
3969 10.7804
3970 10.7823
3971 10.7843
3972 10.7863
3973 10.7887
3974 10.7911
3975 10.7939
3976 10.7966
3977 10.7991
3978 10.8013
3979 10.8037
3980 10.8061
3981 10.8084
3982 10.8104
3983 10.8123
3984 10.8139
3985 10.8153
3986 10.8165
3987 10.8179
3988 10.8196
3989 10.8216
3990 10.8236
3991 10.826
3992 10.8286
3993 10.8313
3994 10.8339
3995 10.8366
3996 10.8391
3997 10.8416
3998 10.8441
3999 10.8467
4000 10.849
4001 10.851
4002 10.8528
4003 10.8542
4004 10.8557
4005 10.8572
4006 10.8587
4007 10.8604
4008 10.8621
4009 10.8639
4010 10.8659
4011 10.868
4012 10.8705
4013 10.8729
4014 10.8754
4015 10.8779
4016 10.8804
4017 10.8829
4018 10.8853
4019 10.8876
4020 10.8896
4021 10.8915
4022 10.8932
4023 10.895
4024 10.8965
4025 10.8982
4026 10.9002
4027 10.9023
4028 10.9043
4029 10.9059
4030 10.9082
4031 10.9107
4032 10.9134
4033 10.9159
4034 10.9182
4035 10.9206
4036 10.9228
4037 10.9249
4038 10.927
4039 10.929
4040 10.9309
4041 10.9327
4042 10.9342
4043 10.9359
4044 10.9375
4045 10.9394
4046 10.9413
4047 10.9434
4048 10.9454
4049 10.9476
4050 10.9502
4051 10.9528
4052 10.9554
4053 10.958
4054 10.9601
4055 10.9622
4056 10.9641
4057 10.9661
4058 10.968
4059 10.97
4060 10.9717
4061 10.9735
4062 10.9751
4063 10.9765
4064 10.9783
4065 10.9803
4066 10.9825
4067 10.9847
4068 10.987
4069 10.9894
4070 10.9918
4071 10.994
4072 10.9965
4073 10.9988
4074 11.0013
4075 11.0039
4076 11.0064
4077 11.0087
4078 11.0106
4079 11.0123
4080 11.0142
4081 11.0158
4082 11.0175
4083 11.0192
4084 11.0211
4085 11.0232
4086 11.0255
4087 11.0278
4088 11.0301
4089 11.0322
4090 11.0344
4091 11.0365
4092 11.0387
4093 11.041
4094 11.0432
4095 11.0456
4096 11.0475
4097 11.0497
4098 11.0514
4099 11.053
4100 11.0546
4101 11.0563
4102 11.0581
4103 11.0599
4104 11.0616
4105 11.0635
4106 11.0654
4107 11.0676
4108 11.0698
4109 11.072
4110 11.0741
4111 11.076
4112 11.0778
4113 11.0798
4114 11.0819
4115 11.0839
4116 11.086
4117 11.088
4118 11.0901
4119 11.092
4120 11.0941
4121 11.0962
4122 11.0983
4123 11.1008
4124 11.1033
4125 11.1055
4126 11.1074
4127 11.1093
4128 11.111
4129 11.1126
4130 11.1143
4131 11.1162
4132 11.1181
4133 11.12
4134 11.1222
4135 11.1243
4136 11.1266
4137 11.1293
4138 11.1321
4139 11.1347
4140 11.1371
4141 11.1392
4142 11.141
4143 11.1426
4144 11.1442
4145 11.1456
4146 11.147
4147 11.1484
4148 11.1501
4149 11.152
4150 11.1536
4151 11.1555
4152 11.1575
4153 11.1594
4154 11.1617
4155 11.1637
4156 11.1659
4157 11.1682
4158 11.1702
4159 11.1723
4160 11.1741
4161 11.176
4162 11.178
4163 11.1798
4164 11.182
4165 11.184
4166 11.1859
4167 11.1878
4168 11.1897
4169 11.1915
4170 11.1934
4171 11.1953
4172 11.1975
4173 11.1998
4174 11.2022
4175 11.2046
4176 11.2071
4177 11.2096
4178 11.2118
4179 11.2139
4180 11.216
4181 11.2183
4182 11.2204
4183 11.2224
4184 11.2243
4185 11.2261
4186 11.2279
4187 11.2297
4188 11.2314
4189 11.2334
4190 11.2353
4191 11.2374
4192 11.2393
4193 11.2412
4194 11.2431
4195 11.2451
4196 11.2472
4197 11.249
4198 11.2507
4199 11.2528
4200 11.2548
4201 11.2567
4202 11.2583
4203 11.2602
4204 11.2619
4205 11.2638
4206 11.2659
4207 11.2681
4208 11.27
4209 11.2719
4210 11.2738
4211 11.2757
4212 11.2779
4213 11.2802
4214 11.2823
4215 11.2845
4216 11.2867
4217 11.2887
4218 11.2907
4219 11.2926
4220 11.2943
4221 11.2961
4222 11.2979
4223 11.2997
4224 11.3015
4225 11.3035
4226 11.3057
4227 11.3078
4228 11.3096
4229 11.3117
4230 11.314
4231 11.3162
4232 11.3184
4233 11.3206
4234 11.3229
4235 11.3252
4236 11.3276
4237 11.3301
4238 11.3324
4239 11.3345
4240 11.3366
4241 11.3385
4242 11.3407
4243 11.3426
4244 11.3446
4245 11.3463
4246 11.3484
4247 11.3503
4248 11.3522
4249 11.3544
4250 11.3566
4251 11.3588
4252 11.361
4253 11.3629
4254 11.3648
4255 11.3669
4256 11.3691
4257 11.3712
4258 11.3734
4259 11.3756
4260 11.3776
4261 11.3792
4262 11.3808
4263 11.3827
4264 11.3848
4265 11.3871
4266 11.3894
4267 11.3917
4268 11.394
4269 11.3963
4270 11.3983
4271 11.4001
4272 11.4016
4273 11.4037
4274 11.4058
4275 11.4081
4276 11.4102
4277 11.4126
4278 11.415
4279 11.4173
4280 11.4198
4281 11.4222
4282 11.4247
4283 11.4271
4284 11.4297
4285 11.4321
4286 11.4347
4287 11.4369
4288 11.439
4289 11.4411
4290 11.4426
4291 11.4443
4292 11.446
4293 11.448
4294 11.4502
4295 11.4522
4296 11.4541
4297 11.4562
4298 11.4583
4299 11.4605
4300 11.4629
4301 11.4655
4302 11.4681
4303 11.4706
4304 11.4729
4305 11.4752
4306 11.4772
4307 11.4792
4308 11.4811
4309 11.4829
4310 11.4846
4311 11.4866
4312 11.4886
4313 11.4905
4314 11.4924
4315 11.4946
4316 11.4968
4317 11.4989
4318 11.5011
4319 11.5036
4320 11.5059
4321 11.5083
4322 11.5104
4323 11.5126
4324 11.5149
4325 11.5171
4326 11.5194
4327 11.5218
4328 11.5239
4329 11.5257
4330 11.5278
4331 11.53
4332 11.5319
4333 11.534
4334 11.5359
4335 11.5378
4336 11.5394
4337 11.5411
4338 11.543
4339 11.5449
4340 11.5469
4341 11.549
4342 11.551
4343 11.5533
4344 11.5556
4345 11.5581
4346 11.5606
4347 11.563
4348 11.5651
4349 11.5669
4350 11.5686
4351 11.5704
4352 11.5722
4353 11.5739
4354 11.5757
4355 11.5776
4356 11.5794
4357 11.5812
4358 11.5835
4359 11.5856
4360 11.5881
4361 11.5904
4362 11.5927
4363 11.595
4364 11.5971
4365 11.5992
4366 11.601
4367 11.6028
4368 11.6046
4369 11.6067
4370 11.6087
4371 11.6108
4372 11.6129
4373 11.615
4374 11.6167
4375 11.6184
4376 11.62
4377 11.6218
4378 11.6236
4379 11.6253
4380 11.6272
4381 11.6288
4382 11.6305
4383 11.6324
4384 11.6348
4385 11.637
4386 11.6393
4387 11.6413
4388 11.6434
4389 11.6454
4390 11.6471
4391 11.6491
4392 11.651
4393 11.6527
4394 11.6541
4395 11.6558
4396 11.6576
4397 11.6598
4398 11.6623
4399 11.6647
4400 11.6669
4401 11.6692
4402 11.6714
4403 11.6736
4404 11.6757
4405 11.6777
4406 11.6798
4407 11.682
4408 11.6841
4409 11.686
4410 11.6881
4411 11.69
4412 11.6921
4413 11.6938
4414 11.6957
4415 11.6978
4416 11.7001
4417 11.7021
4418 11.7042
4419 11.706
4420 11.7079
4421 11.7097
4422 11.712
4423 11.7144
4424 11.7168
4425 11.7191
4426 11.7212
4427 11.7235
4428 11.726
4429 11.7285
4430 11.7309
4431 11.7334
4432 11.7358
4433 11.7379
4434 11.7397
4435 11.7413
4436 11.743
4437 11.7448
4438 11.7467
4439 11.7491
4440 11.7515
4441 11.7536
4442 11.7561
4443 11.7586
4444 11.761
4445 11.7635
4446 11.766
4447 11.7685
4448 11.771
4449 11.7734
4450 11.7755
4451 11.7774
4452 11.7791
4453 11.7803
4454 11.7818
4455 11.7834
4456 11.7853
4457 11.7872
4458 11.7891
4459 11.7911
4460 11.7933
4461 11.7958
4462 11.7981
4463 11.8005
4464 11.803
4465 11.8056
4466 11.8081
4467 11.8105
4468 11.8125
4469 11.8146
4470 11.8163
4471 11.818
4472 11.8199
4473 11.8219
4474 11.8241
4475 11.8263
4476 11.8288
4477 11.8311
4478 11.8337
4479 11.8362
4480 11.8384
4481 11.8406
4482 11.8426
4483 11.8447
4484 11.8467
4485 11.8487
4486 11.8506
4487 11.8528
4488 11.8551
4489 11.8577
4490 11.8599
4491 11.8621
4492 11.8644
4493 11.8668
4494 11.869
4495 11.8711
4496 11.8734
4497 11.8756
4498 11.8777
4499 11.8797
4500 11.8818
4501 11.8841
4502 11.8863
4503 11.8888
4504 11.8915
4505 11.8939
4506 11.8963
4507 11.8988
4508 11.9008
4509 11.9028
4510 11.9045
4511 11.9061
4512 11.9077
4513 11.9093
4514 11.9109
4515 11.9124
4516 11.9143
4517 11.9166
4518 11.9189
4519 11.9213
4520 11.9239
4521 11.9264
4522 11.9291
4523 11.9319
4524 11.9344
4525 11.9367
4526 11.9391
4527 11.9414
4528 11.9436
4529 11.9452
4530 11.9468
4531 11.9484
4532 11.9498
4533 11.9513
4534 11.9531
4535 11.9548
4536 11.9566
4537 11.9584
4538 11.9601
4539 11.9623
4540 11.9645
4541 11.9669
4542 11.9691
4543 11.9715
4544 11.974
4545 11.9767
4546 11.9792
4547 11.9819
4548 11.9844
4549 11.9871
4550 11.9893
4551 11.991
4552 11.9924
4553 11.9939
4554 11.9954
4555 11.997
4556 11.9986
4557 12.0003
4558 12.0026
4559 12.005
4560 12.0074
4561 12.0098
4562 12.0122
4563 12.0148
4564 12.0173
4565 12.0199
4566 12.0224
4567 12.0248
4568 12.0267
4569 12.0286
4570 12.0304
4571 12.0322
4572 12.0341
4573 12.0362
4574 12.0383
4575 12.0403
4576 12.0425
4577 12.0447
4578 12.047
4579 12.0491
4580 12.0514
4581 12.0538
4582 12.0562
4583 12.0585
4584 12.0609
4585 12.0632
4586 12.0654
4587 12.0677
4588 12.0699
4589 12.072
4590 12.0742
4591 12.0765
4592 12.0788
4593 12.081
4594 12.0833
4595 12.0853
4596 12.0873
4597 12.0892
4598 12.0913
4599 12.0932
4600 12.0951
4601 12.0974
4602 12.0997
4603 12.1023
4604 12.1046
4605 12.1066
4606 12.1085
4607 12.1105
4608 12.1124
4609 12.1145
4610 12.1167
4611 12.1193
4612 12.1214
4613 12.1236
4614 12.1259
4615 12.1281
4616 12.1303
4617 12.1324
4618 12.1347
4619 12.1371
4620 12.1396
4621 12.142
4622 12.1443
4623 12.1465
4624 12.1488
4625 12.1513
4626 12.1535
4627 12.1556
4628 12.1573
4629 12.1591
4630 12.1611
4631 12.1632
4632 12.1651
4633 12.1672
4634 12.1692
4635 12.1711
4636 12.1735
4637 12.176
4638 12.1785
4639 12.1811
4640 12.1835
4641 12.1858
4642 12.1882
4643 12.1904
4644 12.1925
4645 12.1943
4646 12.1962
4647 12.1981
4648 12.1999
4649 12.2019
4650 12.2039
4651 12.2058
4652 12.2077
4653 12.2096
4654 12.2119
4655 12.2142
4656 12.2165
4657 12.2188
4658 12.2212
4659 12.2232
4660 12.2255
4661 12.2277
4662 12.2298
4663 12.2318
4664 12.2338
4665 12.2355
4666 12.2371
4667 12.239
4668 12.2409
4669 12.2429
4670 12.245
4671 12.2473
4672 12.2492
4673 12.2514
4674 12.2538
4675 12.2561
4676 12.2582
4677 12.2605
4678 12.2626
4679 12.2649
4680 12.2671
4681 12.2692
4682 12.2714
4683 12.2736
4684 12.2754
4685 12.2776
4686 12.2801
4687 12.2825
4688 12.2849
4689 12.2872
4690 12.2896
4691 12.2919
4692 12.2941
4693 12.2964
4694 12.2987
4695 12.3009
4696 12.3031
4697 12.3052
4698 12.3072
4699 12.3095
4700 12.3118
4701 12.3139
4702 12.316
4703 12.3181
4704 12.32
4705 12.3221
4706 12.3243
4707 12.3268
4708 12.3293
4709 12.3319
4710 12.3345
4711 12.3369
4712 12.3392
4713 12.3414
4714 12.3437
4715 12.3458
4716 12.3478
4717 12.3499
4718 12.3517
4719 12.3535
4720 12.3553
4721 12.357
4722 12.3589
4723 12.361
4724 12.3634
4725 12.3658
4726 12.3685
4727 12.3711
4728 12.3737
4729 12.3762
4730 12.3789
4731 12.3811
4732 12.383
4733 12.3848
4734 12.3863
4735 12.3879
4736 12.3895
4737 12.3912
4738 12.3929
4739 12.3948
4740 12.3967
4741 12.3987
4742 12.4013
4743 12.4038
4744 12.4066
4745 12.4093
4746 12.4117
4747 12.4142
4748 12.4167
4749 12.4191
4750 12.4217
4751 12.4238
4752 12.4257
4753 12.4278
4754 12.4298
4755 12.4317
4756 12.4336
4757 12.4356
4758 12.4378
4759 12.4398
4760 12.4418
4761 12.4437
4762 12.4457
4763 12.448
4764 12.4502
4765 12.4527
4766 12.4555
4767 12.4581
4768 12.4604
4769 12.4624
4770 12.4644
4771 12.4664
4772 12.4681
4773 12.47
4774 12.4717
4775 12.474
4776 12.4761
4777 12.4782
4778 12.4803
4779 12.4827
4780 12.4848
4781 12.4869
4782 12.4891
4783 12.4915
4784 12.4938
4785 12.4961
4786 12.4981
4787 12.5002
4788 12.5022
4789 12.5041
4790 12.5059
4791 12.5076
4792 12.5092
4793 12.5111
4794 12.513
4795 12.5152
4796 12.5176
4797 12.5203
4798 12.5228
4799 12.5257
4800 12.5282
4801 12.5306
4802 12.5327
4803 12.5349
4804 12.5369
4805 12.5388
4806 12.5407
4807 12.5425
4808 12.5443
4809 12.546
4810 12.5477
4811 12.5496
4812 12.5515
4813 12.5536
4814 12.5557
4815 12.5576
4816 12.5596
4817 12.5619
4818 12.5642
4819 12.5667
4820 12.5693
4821 12.5718
4822 12.5744
4823 12.5767
4824 12.5788
4825 12.581
4826 12.5831
4827 12.5849
4828 12.5866
4829 12.5882
4830 12.5898
4831 12.5916
4832 12.5937
4833 12.5957
4834 12.5977
4835 12.5998
4836 12.6019
4837 12.6044
4838 12.6066
4839 12.6092
4840 12.6118
4841 12.6143
4842 12.6165
4843 12.6188
4844 12.6211
4845 12.6231
4846 12.6252
4847 12.6273
4848 12.6295
4849 12.6317
4850 12.6338
4851 12.6358
4852 12.6379
4853 12.6398
4854 12.6414
4855 12.643
4856 12.6444
4857 12.6458
4858 12.6477
4859 12.6499
4860 12.6523
4861 12.6545
4862 12.6571
4863 12.6597
4864 12.6622
4865 12.6647
4866 12.6669
4867 12.6688
4868 12.6705
4869 12.6722
4870 12.6739
4871 12.6758
4872 12.6778
4873 12.6797
4874 12.6817
4875 12.684
4876 12.6865
4877 12.689
4878 12.6913
4879 12.6941
4880 12.6965
4881 12.6988
4882 12.7009
4883 12.7027
4884 12.7043
4885 12.7058
4886 12.7071
4887 12.7085
4888 12.7102
4889 12.7121
4890 12.7137
4891 12.7157
4892 12.7179
4893 12.7202
4894 12.7227
4895 12.7256
4896 12.7284
4897 12.7309
4898 12.7334
4899 12.7356
4900 12.7379
4901 12.7402
4902 12.7424
4903 12.7446
4904 12.7468
4905 12.7488
4906 12.7504
4907 12.7518
4908 12.7532
4909 12.7545
4910 12.7561
4911 12.7577
4912 12.7598
4913 12.762
4914 12.7645
4915 12.767
4916 12.7699
4917 12.7728
4918 12.7757
4919 12.7787
4920 12.7813
4921 12.784
4922 12.7864
4923 12.7885
4924 12.7901
4925 12.7917
4926 12.7934
4927 12.795
4928 12.7963
4929 12.7976
4930 12.7989
4931 12.8005
4932 12.8028
4933 12.8056
4934 12.8083
4935 12.8109
4936 12.8135
4937 12.8161
4938 12.8186
4939 12.8208
4940 12.8229
4941 12.825
4942 12.8269
4943 12.8286
4944 12.8303
4945 12.8317
4946 12.8332
4947 12.8349
4948 12.8369
4949 12.8389
4950 12.841
4951 12.8434
4952 12.8456
4953 12.8479
4954 12.8503
4955 12.8527
4956 12.8551
4957 12.8576
4958 12.8602
4959 12.8626
4960 12.8647
4961 12.8666
4962 12.8683
4963 12.8699
4964 12.8716
4965 12.8731
4966 12.8745
4967 12.8763
4968 12.8782
4969 12.8803
4970 12.8826
4971 12.885
4972 12.8875
4973 12.8897
4974 12.8921
4975 12.8944
4976 12.8966
4977 12.8989
4978 12.9011
4979 12.9032
4980 12.9054
4981 12.907
4982 12.9083
4983 12.9093
4984 12.9105
4985 12.9121
4986 12.9141
4987 12.9159
4988 12.9179
4989 12.92
4990 12.9223
4991 12.9246
4992 12.9268
4993 12.9292
4994 12.9317
4995 12.9341
4996 12.9365
4997 12.9389
4998 12.9409
4999 12.9428
5000 12.9442
5001 12.9453
5002 12.9462
5003 12.9471
5004 12.9481
5005 12.9496
5006 12.9515
5007 12.9533
5008 12.9553
5009 12.9573
5010 12.9596
5011 12.9621
5012 12.9646
5013 12.967
5014 12.9692
5015 12.9713
5016 12.9734
5017 12.9754
5018 12.9772
5019 12.9793
5020 12.9809
5021 12.9823
5022 12.9836
5023 12.9853
5024 12.9871
5025 12.9888
5026 12.9908
5027 12.9928
5028 12.9948
5029 12.9969
5030 12.9991
5031 13.0015
5032 13.0039
5033 13.0059
5034 13.0079
5035 13.0097
5036 13.0116
5037 13.0136
5038 13.0153
5039 13.017
5040 13.0186
5041 13.0199
5042 13.0215
5043 13.0233
5044 13.0251
5045 13.0272
5046 13.0296
5047 13.0319
5048 13.0342
5049 13.0363
5050 13.0387
5051 13.0409
5052 13.043
5053 13.0449
5054 13.0466
5055 13.0483
5056 13.05
5057 13.0516
5058 13.0531
5059 13.0546
5060 13.0564
5061 13.0583
5062 13.0605
5063 13.0627
5064 13.0652
5065 13.0677
5066 13.0703
5067 13.0727
5068 13.075
5069 13.077
5070 13.0788
5071 13.0805
5072 13.0818
5073 13.0832
5074 13.0845
5075 13.0857
5076 13.087
5077 13.0886
5078 13.0901
5079 13.0918
5080 13.0939
5081 13.0962
5082 13.0987
5083 13.1013
5084 13.1038
5085 13.1061
5086 13.1084
5087 13.111
5088 13.1134
5089 13.1158
5090 13.1181
5091 13.1201
5092 13.122
5093 13.1234
5094 13.1246
5095 13.1257
5096 13.1269
5097 13.1283
5098 13.1299
5099 13.1316
5100 13.1338
5101 13.1364
5102 13.139
5103 13.1416
5104 13.1441
5105 13.1465
5106 13.1487
5107 13.1508
5108 13.1527
5109 13.1547
5110 13.1566
5111 13.1583
5112 13.1601
5113 13.1617
5114 13.1634
5115 13.1651
5116 13.1667
5117 13.1686
5118 13.1707
5119 13.1727
5120 13.1747
5121 13.1767
5122 13.1786
5123 13.1808
5124 13.1827
5125 13.1844
5126 13.1862
5127 13.1883
5128 13.1904
5129 13.1924
5130 13.1943
5131 13.1963
5132 13.1982
5133 13.2
5134 13.2019
5135 13.2041
5136 13.2062
5137 13.2083
5138 13.2103
5139 13.2123
5140 13.2141
5141 13.2158
5142 13.2176
5143 13.2195
5144 13.2213
5145 13.2229
5146 13.2245
5147 13.2264
5148 13.2285
5149 13.2306
5150 13.2327
5151 13.2346
5152 13.2367
5153 13.2389
5154 13.2411
5155 13.2431
5156 13.2451
5157 13.247
5158 13.2491
5159 13.2512
5160 13.2534
5161 13.2554
5162 13.257
5163 13.2585
5164 13.2601
5165 13.2616
5166 13.2632
5167 13.265
5168 13.2669
5169 13.2685
5170 13.2701
5171 13.2717
5172 13.2735
5173 13.2756
5174 13.2779
5175 13.2801
5176 13.2822
5177 13.2843
5178 13.2864
5179 13.2886
5180 13.2906
5181 13.2924
5182 13.294
5183 13.2957
5184 13.2974
5185 13.2992
5186 13.3009
5187 13.3027
5188 13.3045
5189 13.3061
5190 13.3081
5191 13.3101
5192 13.3122
5193 13.3142
5194 13.3165
5195 13.3185
5196 13.3203
5197 13.3221
5198 13.3239
5199 13.3255
5200 13.327
5201 13.3285
5202 13.3303
5203 13.3317
5204 13.3331
5205 13.3344
5206 13.336
5207 13.3377
5208 13.3395
5209 13.3414
5210 13.3434
5211 13.3455
5212 13.3475
5213 13.3498
5214 13.3523
5215 13.3545
5216 13.3567
5217 13.3589
5218 13.3612
5219 13.3632
5220 13.3652
5221 13.3671
5222 13.3688
5223 13.3704
5224 13.3722
5225 13.374
5226 13.376
5227 13.378
5228 13.3798
5229 13.3815
5230 13.3832
5231 13.3848
5232 13.3865
5233 13.3881
5234 13.3897
5235 13.3914
5236 13.393
5237 13.3948
5238 13.3967
5239 13.3988
5240 13.4008
5241 13.4029
5242 13.4052
5243 13.4076
5244 13.4104
5245 13.413
5246 13.4156
5247 13.4181
5248 13.4204
5249 13.4225
5250 13.4244
5251 13.4261
5252 13.4278
5253 13.4295
5254 13.4312
5255 13.4327
5256 13.4344
5257 13.436
5258 13.4379
5259 13.4397
5260 13.4417
5261 13.4439
5262 13.4465
5263 13.4493
5264 13.4517
5265 13.4543
5266 13.4565
5267 13.4587
5268 13.4607
5269 13.4622
5270 13.4638
5271 13.4655
5272 13.4673
5273 13.469
5274 13.4708
5275 13.4725
5276 13.4743
5277 13.4763
5278 13.4784
5279 13.4806
5280 13.4826
5281 13.485
5282 13.4871
5283 13.4893
5284 13.4915
5285 13.4938
5286 13.4961
5287 13.4982
5288 13.5
5289 13.5017
5290 13.5034
5291 13.5052
5292 13.5071
5293 13.5088
5294 13.5106
5295 13.5126
5296 13.5144
5297 13.5164
5298 13.5187
5299 13.5209
5300 13.5231
5301 13.5254
5302 13.5275
5303 13.5294
5304 13.5315
5305 13.5336
5306 13.5356
5307 13.5377
5308 13.5397
5309 13.5417
5310 13.5438
5311 13.5458
5312 13.5476
5313 13.5494
5314 13.5513
5315 13.5533
5316 13.5551
5317 13.5572
5318 13.5594
5319 13.5616
5320 13.5637
5321 13.5658
5322 13.5676
5323 13.5695
5324 13.5716
5325 13.5738
5326 13.5763
5327 13.5789
5328 13.5812
5329 13.5834
5330 13.5856
5331 13.5878
5332 13.5898
5333 13.5917
5334 13.5936
5335 13.5954
5336 13.5968
5337 13.5985
5338 13.6004
5339 13.6027
5340 13.6048
5341 13.6071
5342 13.6092
5343 13.6114
5344 13.6134
5345 13.6155
5346 13.6179
5347 13.6203
5348 13.6228
5349 13.625
5350 13.6272
5351 13.6296
5352 13.6317
5353 13.6336
5354 13.6353
5355 13.637
5356 13.6386
5357 13.6403
5358 13.6421
5359 13.6437
5360 13.6456
5361 13.6478
5362 13.6498
5363 13.652
5364 13.6542
5365 13.6563
5366 13.6584
5367 13.6607
5368 13.6629
5369 13.6651
5370 13.6673
5371 13.6693
5372 13.6715
5373 13.6735
5374 13.6754
5375 13.6775
5376 13.6794
5377 13.6813
5378 13.6834
5379 13.6856
5380 13.6876
5381 13.6895
5382 13.6916
5383 13.6936
5384 13.6955
5385 13.6973
5386 13.6992
5387 13.7013
5388 13.7032
5389 13.7052
5390 13.7074
5391 13.7097
5392 13.7118
5393 13.7136
5394 13.7155
5395 13.718
5396 13.7202
5397 13.7224
5398 13.7245
5399 13.7265
5400 13.7284
5401 13.7302
5402 13.7321
5403 13.734
5404 13.7359
5405 13.7378
5406 13.7398
5407 13.7414
5408 13.743
5409 13.7446
5410 13.7464
5411 13.7482
5412 13.7501
5413 13.7522
5414 13.7546
5415 13.7569
5416 13.7593
5417 13.7616
5418 13.7636
5419 13.7655
5420 13.7674
5421 13.7694
5422 13.7711
5423 13.7729
5424 13.7747
5425 13.7764
5426 13.7777
5427 13.779
5428 13.7807
5429 13.7824
5430 13.7845
5431 13.7866
5432 13.7887
5433 13.791
5434 13.793
5435 13.795
5436 13.7974
5437 13.7998
5438 13.8022
5439 13.804
5440 13.8058
5441 13.8077
5442 13.8094
5443 13.8113
5444 13.8131
5445 13.8146
5446 13.816
5447 13.8177
5448 13.8191
5449 13.8208
5450 13.8228
5451 13.8248
5452 13.827
5453 13.8295
5454 13.832
5455 13.8345
5456 13.8372
5457 13.8399
5458 13.8425
5459 13.8448
5460 13.8467
5461 13.8485
5462 13.8499
5463 13.8512
5464 13.8525
5465 13.8537
5466 13.855
5467 13.8563
5468 13.8578
5469 13.8596
5470 13.8616
5471 13.8639
5472 13.8666
5473 13.8693
5474 13.872
5475 13.8748
5476 13.877
5477 13.879
5478 13.8807
5479 13.8823
5480 13.8837
5481 13.8851
5482 13.8864
5483 13.8877
5484 13.8891
5485 13.8906
5486 13.8924
5487 13.8943
5488 13.8967
5489 13.8995
5490 13.902
5491 13.9049
5492 13.9074
5493 13.9098
5494 13.9123
5495 13.9148
5496 13.9169
5497 13.9189
5498 13.9203
5499 13.9219
5500 13.923
5501 13.924
5502 13.9253
5503 13.9268
5504 13.9284
5505 13.9303
5506 13.9325
5507 13.9348
5508 13.9375
5509 13.9401
5510 13.9425
5511 13.945
5512 13.9475
5513 13.9501
5514 13.9524
5515 13.9545
5516 13.9561
5517 13.9576
5518 13.9592
5519 13.9608
5520 13.9624
5521 13.9641
5522 13.9663
5523 13.9686
5524 13.9707
5525 13.9728
5526 13.9749
5527 13.9769
5528 13.9789
5529 13.9809
5530 13.9831
5531 13.9854
5532 13.9874
5533 13.9896
5534 13.9915
5535 13.9932
5536 13.9949
5537 13.9964
5538 13.9979
5539 13.9994
5540 14.0014
5541 14.0032
5542 14.0052
5543 14.0071
5544 14.009
5545 14.0113
5546 14.0139
5547 14.0164
5548 14.0191
5549 14.0215
5550 14.0238
5551 14.026
5552 14.0278
5553 14.0294
5554 14.0312
5555 14.0328
5556 14.0345
5557 14.0363
5558 14.0378
5559 14.0393
5560 14.041
5561 14.0428
5562 14.0449
5563 14.0473
5564 14.05
5565 14.0523
5566 14.0545
5567 14.0566
5568 14.0585
5569 14.0601
5570 14.0619
5571 14.0637
5572 14.0654
5573 14.0672
5574 14.0688
5575 14.0703
5576 14.0722
5577 14.0742
5578 14.0764
5579 14.0786
5580 14.0808
5581 14.0833
5582 14.0856
5583 14.0879
5584 14.0899
5585 14.0918
5586 14.0937
5587 14.0957
5588 14.0978
5589 14.0996
5590 14.1015
5591 14.1031
5592 14.1045
5593 14.1061
5594 14.1074
5595 14.1089
5596 14.1106
5597 14.1126
5598 14.1145
5599 14.1167
5600 14.1192
5601 14.1218
5602 14.1241
5603 14.1266
5604 14.1289
5605 14.1311
5606 14.133
5607 14.1345
5608 14.136
5609 14.1376
5610 14.1389
5611 14.1403
5612 14.1417
5613 14.1432
5614 14.145
5615 14.1468
5616 14.1487
5617 14.1506
5618 14.1525
5619 14.1546
5620 14.1568
5621 14.159
5622 14.1612
5623 14.1634
5624 14.1655
5625 14.1677
5626 14.17
5627 14.1724
5628 14.1746
5629 14.1767
5630 14.1789
5631 14.1809
5632 14.1825
5633 14.1842
5634 14.1857
5635 14.1873
5636 14.1892
5637 14.1911
5638 14.1931
5639 14.1952
5640 14.1973
5641 14.1995
5642 14.2022
5643 14.205
5644 14.2076
5645 14.2104
5646 14.213
5647 14.2155
5648 14.2181
5649 14.2203
5650 14.2224
5651 14.2242
5652 14.2258
5653 14.2272
5654 14.2288
5655 14.2305
5656 14.2321
5657 14.2336
5658 14.2356
5659 14.2376
5660 14.2398
5661 14.2423
5662 14.2447
5663 14.2471
5664 14.2494
5665 14.2518
5666 14.2543
5667 14.2566
5668 14.2587
5669 14.2607
5670 14.2624
5671 14.2638
5672 14.2651
5673 14.2666
5674 14.2681
5675 14.2696
5676 14.2716
5677 14.2738
5678 14.2761
5679 14.2785
5680 14.281
5681 14.2832
5682 14.2856
5683 14.2881
5684 14.2905
5685 14.2931
5686 14.2953
5687 14.2977
5688 14.2997
5689 14.3016
5690 14.3035
5691 14.3052
5692 14.3068
5693 14.3083
5694 14.3101
5695 14.312
5696 14.3139
5697 14.3161
5698 14.3182
5699 14.3204
5700 14.3228
5701 14.3252
5702 14.3275
5703 14.3297
5704 14.332
5705 14.3341
5706 14.3359
5707 14.3377
5708 14.3393
5709 14.3411
5710 14.3428
5711 14.3444
5712 14.3464
5713 14.3482
5714 14.35
5715 14.3523
5716 14.3546
5717 14.3569
5718 14.3595
5719 14.3622
5720 14.3648
5721 14.3673
5722 14.3698
5723 14.3719
5724 14.3737
5725 14.3753
5726 14.3768
5727 14.3785
5728 14.3804
5729 14.3824
5730 14.3844
5731 14.3866
5732 14.3887
5733 14.3906
5734 14.3927
5735 14.3949
5736 14.397
5737 14.3993
5738 14.4016
5739 14.4039
5740 14.4063
5741 14.4084
5742 14.4105
5743 14.4124
5744 14.4143
5745 14.416
5746 14.4178
5747 14.4195
5748 14.4214
5749 14.4232
5750 14.4251
5751 14.4271
5752 14.4289
5753 14.4308
5754 14.4328
5755 14.4352
5756 14.4375
5757 14.4398
5758 14.4421
5759 14.4444
5760 14.4468
5761 14.4494
5762 14.4518
5763 14.4537
5764 14.4553
5765 14.4569
5766 14.4583
5767 14.4599
5768 14.4616
5769 14.4635
5770 14.4655
5771 14.4676
5772 14.4699
5773 14.4721
5774 14.4746
5775 14.4774
5776 14.4805
5777 14.4835
5778 14.4862
5779 14.4887
5780 14.4911
5781 14.4936
5782 14.4955
5783 14.4971
5784 14.4986
5785 14.5001
5786 14.5016
5787 14.5031
5788 14.5045
5789 14.5063
5790 14.5079
5791 14.51
5792 14.5122
5793 14.5147
5794 14.5172
5795 14.5195
5796 14.522
5797 14.5244
5798 14.527
5799 14.5293
5800 14.5315
5801 14.5335
5802 14.5354
5803 14.5372
5804 14.5389
5805 14.5406
5806 14.5422
5807 14.5437
5808 14.5451
5809 14.5463
5810 14.5479
5811 14.5501
5812 14.5522
5813 14.5544
5814 14.5568
5815 14.5591
5816 14.5613
5817 14.5635
5818 14.5656
5819 14.5676
5820 14.5697
5821 14.5716
5822 14.5735
5823 14.5753
5824 14.5772
5825 14.579
5826 14.5808
5827 14.5827
5828 14.5849
5829 14.587
5830 14.5892
5831 14.5914
5832 14.5938
5833 14.5962
5834 14.5981
5835 14.6001
5836 14.6021
5837 14.6044
5838 14.6066
5839 14.6089
5840 14.611
5841 14.6131
5842 14.6149
5843 14.6166
5844 14.6182
5845 14.62
5846 14.6217
5847 14.6236
5848 14.6254
5849 14.6273
5850 14.6295
5851 14.6316
5852 14.6337
5853 14.6359
5854 14.6383
5855 14.6409
5856 14.6434
5857 14.6458
5858 14.648
5859 14.6502
5860 14.6524
5861 14.6543
5862 14.6561
5863 14.6578
5864 14.6593
5865 14.6607
5866 14.6621
5867 14.6638
5868 14.6658
5869 14.668
5870 14.6703
5871 14.6728
5872 14.6754
5873 14.6779
5874 14.6801
5875 14.6823
5876 14.6846
5877 14.6868
5878 14.6888
5879 14.6905
5880 14.6923
5881 14.6941
5882 14.6958
5883 14.6975
5884 14.699
5885 14.7008
5886 14.7026
5887 14.7046
5888 14.7068
5889 14.7091
5890 14.7113
5891 14.7135
5892 14.7155
5893 14.7175
5894 14.7195
5895 14.7215
5896 14.7234
5897 14.7252
5898 14.7271
5899 14.7289
5900 14.7306
5901 14.7322
5902 14.734
5903 14.7357
5904 14.7377
5905 14.7398
5906 14.7417
5907 14.7437
5908 14.7461
5909 14.7485
5910 14.7508
5911 14.7528
5912 14.755
5913 14.7573
5914 14.7594
5915 14.7617
5916 14.7638
5917 14.7655
5918 14.767
5919 14.7686
5920 14.7701
5921 14.7718
5922 14.7736
5923 14.7753
5924 14.7775
5925 14.7798
5926 14.7818
5927 14.7838
5928 14.7859
5929 14.7878
5930 14.7897
5931 14.7915
5932 14.7933
5933 14.7951
5934 14.7967
5935 14.7986
5936 14.8004
5937 14.8023
5938 14.8041
5939 14.8061
5940 14.8081
5941 14.8102
5942 14.8124
5943 14.8142
5944 14.8159
5945 14.8179
5946 14.8198
5947 14.822
5948 14.824
5949 14.826
5950 14.828
5951 14.8302
5952 14.8321
5953 14.8338
5954 14.8356
5955 14.8374
5956 14.8392
5957 14.8406
5958 14.8424
5959 14.8443
5960 14.8462
5961 14.848
5962 14.85
5963 14.852
5964 14.8542
5965 14.8566
5966 14.8591
5967 14.8612
5968 14.8633
5969 14.8652
5970 14.8674
5971 14.8696
5972 14.8717
5973 14.8736
5974 14.8751
5975 14.8764
5976 14.8779
5977 14.8797
5978 14.8816
5979 14.8834
5980 14.8852
5981 14.8872
5982 14.8895
5983 14.8917
5984 14.8938
5985 14.8957
5986 14.8974
5987 14.8993
5988 14.9014
5989 14.9034
5990 14.9053
5991 14.9074
5992 14.9094
5993 14.9113
5994 14.9131
5995 14.9153
5996 14.9173
5997 14.9191
5998 14.9208
5999 14.9227
6000 14.9243
6001 14.926
6002 14.9279
6003 14.9297
6004 14.9318
6005 14.9338
6006 14.9358
6007 14.9381
6008 14.9406
6009 14.9427
6010 14.945
6011 14.9471
6012 14.9487
6013 14.9505
6014 14.9523
6015 14.9537
6016 14.9552
6017 14.9567
6018 14.9582
6019 14.9601
6020 14.9619
6021 14.9638
6022 14.9659
6023 14.9682
6024 14.9704
6025 14.9727
6026 14.9748
6027 14.9768
6028 14.9788
6029 14.9807
6030 14.9826
6031 14.9846
6032 14.9861
6033 14.9876
6034 14.9894
6035 14.991
6036 14.9923
6037 14.9938
6038 14.9957
6039 14.9978
6040 14.9995
6041 15.0017
6042 15.004
6043 15.0065
6044 15.0088
6045 15.0111
6046 15.0134
6047 15.0155
6048 15.0177
6049 15.0198
6050 15.0217
6051 15.0238
6052 15.0258
6053 15.0277
6054 15.0298
6055 15.0316
6056 15.0333
6057 15.0351
6058 15.0371
6059 15.039
6060 15.0408
6061 15.0428
6062 15.0446
6063 15.0463
6064 15.0481
6065 15.0499
6066 15.0517
6067 15.0535
6068 15.0551
6069 15.0571
6070 15.0592
6071 15.0614
6072 15.0636
6073 15.066
6074 15.0686
6075 15.071
6076 15.0733
6077 15.0755
6078 15.0774
6079 15.0791
6080 15.0805
6081 15.0819
6082 15.0832
6083 15.0846
6084 15.0859
6085 15.0872
6086 15.0888
6087 15.0906
6088 15.0925
6089 15.0946
6090 15.0968
6091 15.0993
6092 15.102
6093 15.1047
6094 15.1075
6095 15.11
6096 15.1125
6097 15.1147
6098 15.1168
6099 15.1183
6100 15.1197
6101 15.1213
6102 15.1224
6103 15.1235
6104 15.1247
6105 15.1262
6106 15.1278
6107 15.1295
6108 15.1314
6109 15.1331
6110 15.135
6111 15.1371
6112 15.1393
6113 15.1417
6114 15.1439
6115 15.1463
6116 15.1485
6117 15.1503
6118 15.1521
6119 15.1538
6120 15.1558
6121 15.1577
6122 15.1594
6123 15.1609
6124 15.1625
6125 15.1639
6126 15.1655
6127 15.1669
6128 15.1683
6129 15.1699
6130 15.1717
6131 15.1736
6132 15.1756
6133 15.1778
6134 15.1801
6135 15.1825
6136 15.1849
6137 15.1872
6138 15.1893
6139 15.1913
6140 15.1929
6141 15.1945
6142 15.1958
6143 15.1973
6144 15.1989
6145 15.2003
6146 15.2019
6147 15.2035
6148 15.2052
6149 15.2071
6150 15.2092
6151 15.2113
6152 15.2137
6153 15.2159
6154 15.218
6155 15.2198
6156 15.2217
6157 15.2236
6158 15.2255
6159 15.2273
6160 15.229
6161 15.2308
6162 15.2327
6163 15.2343
6164 15.2361
6165 15.2379
6166 15.2398
6167 15.2422
6168 15.2443
6169 15.2462
6170 15.2481
6171 15.2498
6172 15.2518
6173 15.2537
6174 15.2555
6175 15.2575
6176 15.2595
6177 15.2615
6178 15.2631
6179 15.2649
6180 15.2666
6181 15.2683
6182 15.2701
6183 15.2722
6184 15.2744
6185 15.2763
6186 15.2781
6187 15.2799
6188 15.2819
6189 15.2838
6190 15.2856
6191 15.2876
6192 15.2893
6193 15.291
6194 15.2929
6195 15.2948
6196 15.2964
6197 15.2982
6198 15.3
6199 15.302
6200 15.3039
6201 15.3057
6202 15.3078
6203 15.3101
6204 15.3121
6205 15.3139
6206 15.3158
6207 15.3176
6208 15.3194
6209 15.3214
6210 15.3231
6211 15.3251
6212 15.3268
6213 15.3287
6214 15.3305
6215 15.3322
6216 15.3345
6217 15.3367
6218 15.339
6219 15.341
6220 15.3428
6221 15.3444
6222 15.3462
6223 15.3479
6224 15.3496
6225 15.3512
6226 15.3525
6227 15.354
6228 15.3556
6229 15.3573
6230 15.3589
6231 15.3605
6232 15.3623
6233 15.3646
6234 15.3666
6235 15.3686
6236 15.3706
6237 15.3726
6238 15.3743
6239 15.3761
6240 15.3778
6241 15.3795
6242 15.3809
6243 15.3821
6244 15.3833
6245 15.3849
6246 15.3867
6247 15.3884
6248 15.3902
6249 15.3922
6250 15.3943
6251 15.3963
6252 15.3982
6253 15.4
6254 15.4019
6255 15.4039
6256 15.4057
6257 15.4077
6258 15.4094
6259 15.4112
6260 15.4127
6261 15.4143
6262 15.4159
6263 15.4174
6264 15.4186
6265 15.4202
6266 15.422
6267 15.4239
6268 15.4259
6269 15.4278
6270 15.4296
6271 15.4314
6272 15.4333
6273 15.4353
6274 15.4375
6275 15.4396
6276 15.4416
6277 15.4434
6278 15.4447
6279 15.4462
6280 15.4478
6281 15.4495
6282 15.4512
6283 15.4531
6284 15.4551
6285 15.4571
6286 15.459
6287 15.4608
6288 15.4627
6289 15.4646
6290 15.4665
6291 15.4687
6292 15.4708
6293 15.4728
6294 15.4746
6295 15.4764
6296 15.4783
6297 15.4799
6298 15.4815
6299 15.4833
6300 15.4849
6301 15.4865
6302 15.488
6303 15.4897
6304 15.4913
6305 15.4931
6306 15.4948
6307 15.4967
6308 15.4985
6309 15.5004
6310 15.5025
6311 15.5048
6312 15.5069
6313 15.5091
6314 15.5108
6315 15.5127
6316 15.5146
6317 15.5166
6318 15.5184
6319 15.5202
6320 15.5217
6321 15.5235
6322 15.5253
6323 15.5272
6324 15.529
6325 15.5306
6326 15.5325
6327 15.5344
6328 15.5367
6329 15.539
6330 15.541
6331 15.5427
6332 15.5446
6333 15.5467
6334 15.5485
6335 15.5502
6336 15.552
6337 15.5541
6338 15.556
6339 15.5582
6340 15.5601
6341 15.5621
6342 15.5642
6343 15.5665
6344 15.5687
6345 15.5706
6346 15.5726
6347 15.5748
6348 15.5766
6349 15.5784
6350 15.58
6351 15.5815
6352 15.583
6353 15.5846
6354 15.5862
6355 15.588
6356 15.5898
6357 15.5916
6358 15.5934
6359 15.5957
6360 15.5983
6361 15.6006
6362 15.603
6363 15.6053
6364 15.6074
6365 15.6092
6366 15.611
6367 15.6126
6368 15.6142
6369 15.6156
6370 15.6169
6371 15.6181
6372 15.6193
6373 15.6208
6374 15.6226
6375 15.6244
6376 15.6264
6377 15.6287
6378 15.631
6379 15.6337
6380 15.6363
6381 15.6385
6382 15.6407
6383 15.6428
6384 15.6447
6385 15.6465
6386 15.6481
6387 15.6496
6388 15.651
6389 15.6526
6390 15.6542
6391 15.6558
6392 15.6574
6393 15.659
6394 15.6607
6395 15.6624
6396 15.6646
6397 15.667
6398 15.6694
6399 15.672
6400 15.6743
6401 15.6765
6402 15.6785
6403 15.6804
6404 15.682
6405 15.6836
6406 15.6855
6407 15.6872
6408 15.6889
6409 15.6905
6410 15.6921
6411 15.6938
6412 15.6956
6413 15.6978
6414 15.7001
6415 15.7024
6416 15.7046
6417 15.7066
6418 15.7087
6419 15.7107
6420 15.7128
6421 15.7146
6422 15.7163
6423 15.7181
6424 15.7199
6425 15.7217
6426 15.7234
6427 15.7249
6428 15.7265
6429 15.7284
6430 15.7306
6431 15.7327
6432 15.7344
6433 15.7361
6434 15.7379
6435 15.7398
6436 15.7419
6437 15.7438
6438 15.7459
6439 15.7478
6440 15.7497
6441 15.7516
6442 15.7535
6443 15.7554
6444 15.7574
6445 15.7592
6446 15.7611
6447 15.763
6448 15.7648
6449 15.7667
6450 15.7686
6451 15.7705
6452 15.7724
6453 15.7744
6454 15.7763
6455 15.7784
6456 15.7802
6457 15.7819
6458 15.784
6459 15.7858
6460 15.7878
6461 15.7899
6462 15.7917
6463 15.7937
6464 15.7954
6465 15.7973
6466 15.7991
6467 15.8009
6468 15.8029
6469 15.8049
6470 15.807
6471 15.8093
6472 15.8113
6473 15.8133
6474 15.815
6475 15.8167
6476 15.8182
6477 15.8199
6478 15.8217
6479 15.8236
6480 15.8255
6481 15.8272
6482 15.829
6483 15.8309
6484 15.8328
6485 15.8348
6486 15.837
6487 15.8394
6488 15.8416
6489 15.8436
6490 15.8454
6491 15.8473
6492 15.8488
6493 15.8503
6494 15.8521
6495 15.8537
6496 15.8551
6497 15.8563
6498 15.8577
6499 15.8594
6500 15.8612
6501 15.8633
6502 15.8656
6503 15.868
6504 15.87
6505 15.8723
6506 15.8744
6507 15.8768
6508 15.8789
6509 15.8811
6510 15.8833
6511 15.8856
6512 15.8876
6513 15.8896
6514 15.891
6515 15.8924
6516 15.8941
6517 15.8957
6518 15.8973
6519 15.899
6520 15.9007
6521 15.9024
6522 15.9042
6523 15.9061
6524 15.908
6525 15.9102
6526 15.9124
6527 15.9147
6528 15.917
6529 15.9192
6530 15.9211
6531 15.9228
6532 15.9247
6533 15.9265
6534 15.9284
6535 15.9299
6536 15.9312
6537 15.9327
6538 15.9345
6539 15.9363
6540 15.9384
6541 15.9405
6542 15.9424
6543 15.9444
6544 15.9463
6545 15.948
6546 15.9499
6547 15.952
6548 15.9546
6549 15.9569
6550 15.959
6551 15.9608
6552 15.9625
6553 15.9642
6554 15.966
6555 15.9677
6556 15.9692
6557 15.9711
6558 15.973
6559 15.9749
6560 15.9766
6561 15.9783
6562 15.98
6563 15.9816
6564 15.9835
6565 15.9856
6566 15.9877
6567 15.9896
6568 15.9917
6569 15.9939
6570 15.9959
6571 15.9976
6572 15.9992
6573 16.0009
6574 16.0025
6575 16.0041
6576 16.006
6577 16.0078
6578 16.01
6579 16.0119
6580 16.0137
6581 16.0153
6582 16.0171
6583 16.0188
6584 16.0207
6585 16.0228
6586 16.0247
6587 16.0267
6588 16.0286
6589 16.0306
6590 16.0328
6591 16.035
6592 16.037
6593 16.0392
6594 16.0409
6595 16.0426
6596 16.0445
6597 16.0461
6598 16.0479
6599 16.0497
6600 16.0517
6601 16.0535
6602 16.0553
6603 16.0572
6604 16.059
6605 16.0611
6606 16.0628
6607 16.0649
6608 16.0671
6609 16.0692
6610 16.071
6611 16.0727
6612 16.0743
6613 16.076
6614 16.0778
6615 16.0798
6616 16.0818
6617 16.0839
6618 16.0857
6619 16.0871
6620 16.0886
6621 16.0904
6622 16.0922
6623 16.0943
6624 16.0964
6625 16.0983
6626 16.1002
6627 16.1021
6628 16.1039
6629 16.1053
6630 16.1069
6631 16.1087
6632 16.1106
6633 16.1127
6634 16.1149
6635 16.117
6636 16.119
6637 16.1211
6638 16.1232
6639 16.1251
6640 16.127
6641 16.1289
6642 16.1305
6643 16.1321
6644 16.1338
6645 16.1358
6646 16.1376
6647 16.1396
6648 16.1417
6649 16.1435
6650 16.1453
6651 16.1471
6652 16.1489
6653 16.1506
6654 16.1524
6655 16.1543
6656 16.1562
6657 16.1582
6658 16.1599
6659 16.1614
6660 16.1631
6661 16.165
6662 16.1669
6663 16.1688
6664 16.1705
6665 16.1725
6666 16.1744
6667 16.1763
6668 16.1781
6669 16.1799
6670 16.1815
6671 16.1831
6672 16.1848
6673 16.1871
6674 16.1892
6675 16.1913
6676 16.1934
6677 16.1954
6678 16.1974
6679 16.1996
6680 16.2018
6681 16.2043
6682 16.2065
6683 16.2087
6684 16.2108
6685 16.2125
6686 16.214
6687 16.2154
6688 16.2167
6689 16.2181
6690 16.2196
6691 16.2215
6692 16.2234
6693 16.2252
6694 16.2269
6695 16.2288
6696 16.2305
6697 16.2324
6698 16.2345
6699 16.2364
6700 16.2381
6701 16.24
6702 16.2421
6703 16.2442
6704 16.246
6705 16.2477
6706 16.2495
6707 16.2513
6708 16.2532
6709 16.2551
6710 16.257
6711 16.2589
6712 16.261
6713 16.2629
6714 16.2647
6715 16.2666
6716 16.2683
6717 16.2701
6718 16.2719
6719 16.2735
6720 16.2753
6721 16.2771
6722 16.2788
6723 16.2806
6724 16.2825
6725 16.2843
6726 16.2863
6727 16.2884
6728 16.2908
6729 16.2928
6730 16.2946
6731 16.2962
6732 16.2979
6733 16.2997
6734 16.3015
6735 16.3031
6736 16.3045
6737 16.306
6738 16.3074
6739 16.3089
6740 16.3107
6741 16.3125
6742 16.3145
6743 16.3166
6744 16.3186
6745 16.3209
6746 16.323
6747 16.325
6748 16.327
6749 16.3289
6750 16.3307
6751 16.3323
6752 16.3339
6753 16.3355
6754 16.3371
6755 16.3388
6756 16.3405
6757 16.3424
6758 16.3444
6759 16.3463
6760 16.3483
6761 16.3504
6762 16.3524
6763 16.3543
6764 16.3563
6765 16.3582
6766 16.3599
6767 16.3617
6768 16.3635
6769 16.3652
6770 16.367
6771 16.3688
6772 16.3707
6773 16.3728
6774 16.375
6775 16.3769
6776 16.3786
6777 16.3802
6778 16.3817
6779 16.3832
6780 16.3848
6781 16.3864
6782 16.3881
6783 16.3899
6784 16.3916
6785 16.3932
6786 16.395
6787 16.397
6788 16.3989
6789 16.4012
6790 16.4033
6791 16.4055
6792 16.4075
6793 16.4094
6794 16.4112
6795 16.4131
6796 16.4148
6797 16.4162
6798 16.4177
6799 16.4192
6800 16.4209
6801 16.4227
6802 16.4244
6803 16.4264
6804 16.4283
6805 16.4303
6806 16.4323
6807 16.4344
6808 16.4364
6809 16.4384
6810 16.4404
6811 16.4421
6812 16.4437
6813 16.4451
6814 16.4464
6815 16.4476
6816 16.449
6817 16.4506
6818 16.4524
6819 16.4541
6820 16.4559
6821 16.4579
6822 16.4601
6823 16.4626
6824 16.4648
6825 16.467
6826 16.4691
6827 16.471
6828 16.4727
6829 16.4743
6830 16.4759
6831 16.4771
6832 16.478
6833 16.4789
6834 16.4801
6835 16.4812
6836 16.4825
6837 16.4839
6838 16.4853
6839 16.487
6840 16.4889
6841 16.4913
6842 16.4937
6843 16.4963
6844 16.4988
6845 16.5013
6846 16.5038
6847 16.5062
6848 16.5083
6849 16.5102
6850 16.5117
6851 16.5129
6852 16.5142
6853 16.5154
6854 16.5166
6855 16.5177
6856 16.5188
6857 16.5201
6858 16.5215
6859 16.5231
6860 16.5251
6861 16.5273
6862 16.5298
6863 16.5324
6864 16.5352
6865 16.5377
6866 16.54
6867 16.5422
6868 16.5442
6869 16.5463
6870 16.5479
6871 16.5493
6872 16.5507
6873 16.5521
6874 16.5536
6875 16.5551
6876 16.5569
6877 16.5586
6878 16.5602
6879 16.5615
6880 16.563
6881 16.565
6882 16.5671
6883 16.5693
6884 16.5714
6885 16.5734
6886 16.5751
6887 16.5767
6888 16.5784
6889 16.58
6890 16.5818
6891 16.5834
6892 16.5852
6893 16.5871
6894 16.5892
6895 16.5909
6896 16.5928
6897 16.5945
6898 16.5962
6899 16.598
6900 16.5998
6901 16.6018
6902 16.604
6903 16.6061
6904 16.608
6905 16.6097
6906 16.6115
6907 16.6133
6908 16.6152
6909 16.6171
6910 16.6191
6911 16.6211
6912 16.6231
6913 16.6248
6914 16.6268
6915 16.6289
6916 16.6308
6917 16.6327
6918 16.6348
6919 16.6368
6920 16.6387
6921 16.6405
6922 16.6424
6923 16.6444
6924 16.6466
6925 16.6487
6926 16.6504
6927 16.6521
6928 16.654
6929 16.6561
6930 16.6582
6931 16.6603
6932 16.6624
6933 16.6642
6934 16.6662
6935 16.6682
6936 16.6703
6937 16.6723
6938 16.6743
6939 16.6761
6940 16.678
6941 16.6799
6942 16.6817
6943 16.6839
6944 16.686
6945 16.6879
6946 16.6893
6947 16.6911
6948 16.6931
6949 16.6953
6950 16.6974
6951 16.6994
6952 16.7014
6953 16.7038
6954 16.7058
6955 16.7079
6956 16.7096
6957 16.7113
6958 16.713
6959 16.7147
6960 16.7163
6961 16.7177
6962 16.7193
6963 16.721
6964 16.7227
6965 16.7246
6966 16.7267
6967 16.7289
6968 16.731
6969 16.7331
6970 16.7352
6971 16.7374
6972 16.7396
6973 16.7416
6974 16.7435
6975 16.7453
6976 16.7474
6977 16.7494
6978 16.7514
6979 16.753
6980 16.7545
6981 16.7562
6982 16.758
6983 16.7597
6984 16.7614
6985 16.763
6986 16.7648
6987 16.7667
6988 16.7689
6989 16.771
6990 16.773
6991 16.7749
6992 16.7768
6993 16.7786
6994 16.7802
6995 16.7819
6996 16.7832
6997 16.7848
6998 16.7868
6999 16.789
7000 16.7911
7001 16.7931
7002 16.795
7003 16.7965
7004 16.7982
7005 16.7998
7006 16.8019
7007 16.8039
7008 16.8061
7009 16.8078
7010 16.8095
7011 16.8111
7012 16.8129
7013 16.8147
7014 16.8164
7015 16.8181
7016 16.8199
7017 16.8218
7018 16.8236
7019 16.8253
7020 16.827
7021 16.8285
7022 16.8302
7023 16.832
7024 16.8341
7025 16.8364
7026 16.839
7027 16.8411
7028 16.8432
7029 16.8452
7030 16.847
7031 16.849
7032 16.8505
7033 16.852
7034 16.8535
7035 16.8548
7036 16.8561
7037 16.8576
7038 16.8594
7039 16.8616
7040 16.8637
7041 16.8661
7042 16.8689
7043 16.8716
7044 16.8739
7045 16.8761
7046 16.8782
7047 16.8803
7048 16.8823
7049 16.8844
7050 16.8863
7051 16.8881
7052 16.8899
7053 16.8915
7054 16.8929
7055 16.8941
7056 16.8955
7057 16.8971
7058 16.8987
7059 16.9005
7060 16.9023
7061 16.9042
7062 16.9064
7063 16.9086
7064 16.9107
7065 16.913
7066 16.9153
7067 16.9176
7068 16.9199
7069 16.9222
7070 16.9243
7071 16.9262
7072 16.9278
7073 16.9296
7074 16.9315
7075 16.9333
7076 16.9354
7077 16.9375
7078 16.9396
7079 16.9415
7080 16.9432
7081 16.945
7082 16.9466
7083 16.9486
7084 16.9508
7085 16.9527
7086 16.9544
7087 16.9562
7088 16.9581
7089 16.9601
7090 16.9619
7091 16.9642
7092 16.9665
7093 16.9686
7094 16.9709
7095 16.9729
7096 16.975
7097 16.9768
7098 16.9787
7099 16.9806
7100 16.9825
7101 16.9843
7102 16.9862
7103 16.9881
7104 16.9898
7105 16.9918
7106 16.9937
7107 16.9956
7108 16.9974
7109 16.9993
7110 17.0011
7111 17.0032
7112 17.0051
7113 17.007
7114 17.0089
7115 17.011
7116 17.013
7117 17.015
7118 17.0169
7119 17.0189
7120 17.0209
7121 17.0228
7122 17.0244
7123 17.0261
7124 17.0277
7125 17.0295
7126 17.0312
7127 17.033
7128 17.035
7129 17.0372
7130 17.0392
7131 17.0414
7132 17.0433
7133 17.0454
7134 17.0476
7135 17.0497
7136 17.0519
7137 17.0543
7138 17.0568
7139 17.0588
7140 17.061
7141 17.0629
7142 17.0648
7143 17.0669
7144 17.0686
7145 17.0705
7146 17.0726
7147 17.0747
7148 17.0766
7149 17.0784
7150 17.0803
7151 17.0823
7152 17.0842
7153 17.0861
7154 17.0883
7155 17.0905
7156 17.0927
7157 17.0949
7158 17.0969
7159 17.0987
7160 17.1004
7161 17.1018
7162 17.1035
7163 17.1051
7164 17.1065
7165 17.1081
7166 17.1099
7167 17.112
7168 17.1141
7169 17.1162
7170 17.1182
7171 17.1202
7172 17.1222
7173 17.1242
7174 17.1263
7175 17.1287
7176 17.1309
7177 17.1329
7178 17.1344
7179 17.1362
7180 17.1379
7181 17.1395
7182 17.1413
7183 17.1431
7184 17.145
7185 17.1469
7186 17.149
7187 17.1511
7188 17.1532
7189 17.1553
7190 17.1573
7191 17.1593
7192 17.1613
7193 17.1636
7194 17.1657
7195 17.1678
7196 17.1695
7197 17.1713
7198 17.173
7199 17.1747
7200 17.1765
7201 17.1783
7202 17.1803
7203 17.1823
7204 17.1844
7205 17.1865
7206 17.1886
7207 17.1907
7208 17.1929
7209 17.1952
7210 17.1975
7211 17.1999
7212 17.2022
7213 17.2047
7214 17.2069
7215 17.2087
7216 17.2105
7217 17.2122
7218 17.2137
7219 17.2153
7220 17.2168
7221 17.2184
7222 17.2201
7223 17.2217
7224 17.2233
7225 17.2251
7226 17.2269
7227 17.2288
7228 17.2309
7229 17.2333
7230 17.2354
7231 17.2372
7232 17.2392
7233 17.2409
7234 17.2426
7235 17.2443
7236 17.2459
7237 17.2478
7238 17.2498
7239 17.2516
7240 17.2533
7241 17.255
7242 17.2567
7243 17.2587
7244 17.2608
7245 17.2628
7246 17.2649
7247 17.2668
7248 17.2685
7249 17.2703
7250 17.2722
7251 17.274
7252 17.2758
7253 17.2775
7254 17.2791
7255 17.2806
7256 17.2818
7257 17.2831
7258 17.2847
7259 17.2864
7260 17.2886
7261 17.291
7262 17.2934
7263 17.2958
7264 17.298
7265 17.3
7266 17.3019
7267 17.3037
7268 17.3056
7269 17.3073
7270 17.3094
7271 17.3114
7272 17.3131
7273 17.3145
7274 17.3157
7275 17.3172
7276 17.3189
7277 17.3209
7278 17.3227
7279 17.3246
7280 17.3265
7281 17.3285
7282 17.3304
7283 17.3323
7284 17.3341
7285 17.3359
7286 17.3377
7287 17.3397
7288 17.3415
7289 17.3435
7290 17.3456
7291 17.3476
7292 17.3497
7293 17.3517
7294 17.3535
7295 17.3552
7296 17.3569
7297 17.3585
7298 17.3603
7299 17.3621
7300 17.3638
7301 17.3656
7302 17.3674
7303 17.3693
7304 17.3713
7305 17.3732
7306 17.3753
7307 17.3772
7308 17.3791
7309 17.3811
7310 17.383
7311 17.3847
7312 17.3866
7313 17.3885
7314 17.3904
7315 17.3922
7316 17.3942
7317 17.3964
7318 17.3985
7319 17.4008
7320 17.4032
7321 17.4054
7322 17.4073
7323 17.4092
7324 17.4112
7325 17.4133
7326 17.4152
7327 17.417
7328 17.4186
7329 17.4201
7330 17.4219
7331 17.4237
7332 17.4256
7333 17.4276
7334 17.4296
7335 17.4316
7336 17.4336
7337 17.4358
7338 17.4379
7339 17.44
7340 17.4419
7341 17.4439
7342 17.4457
7343 17.4476
7344 17.4494
7345 17.4511
7346 17.4529
7347 17.4549
7348 17.4569
7349 17.4587
7350 17.4604
7351 17.462
7352 17.4636
7353 17.4656
7354 17.4676
7355 17.4695
7356 17.4717
7357 17.4737
7358 17.4757
7359 17.4777
7360 17.4798
7361 17.4821
7362 17.4843
7363 17.4865
7364 17.4887
7365 17.4905
7366 17.4924
7367 17.4939
7368 17.4951
7369 17.4966
7370 17.4982
7371 17.5001
7372 17.5021
7373 17.5044
7374 17.5068
7375 17.5092
7376 17.5113
7377 17.5131
7378 17.5152
7379 17.5171
7380 17.5187
7381 17.5206
7382 17.5222
7383 17.524
7384 17.5257
7385 17.5275
7386 17.5295
7387 17.5317
7388 17.5338
7389 17.5357
7390 17.5374
7391 17.5391
7392 17.5408
7393 17.5427
7394 17.5447
7395 17.5466
7396 17.5485
7397 17.5502
7398 17.552
7399 17.5537
7400 17.5553
7401 17.5571
7402 17.5593
7403 17.5612
7404 17.5632
7405 17.5654
7406 17.5675
7407 17.5698
7408 17.572
7409 17.5741
7410 17.5762
7411 17.5779
7412 17.58
7413 17.5821
7414 17.5841
7415 17.5859
7416 17.5876
7417 17.5893
7418 17.5911
7419 17.5929
7420 17.5947
7421 17.5965
7422 17.5984
7423 17.6002
7424 17.6018
7425 17.6034
7426 17.6052
7427 17.607
7428 17.609
7429 17.6112
7430 17.6134
7431 17.6157
7432 17.618
7433 17.6204
7434 17.6226
7435 17.6247
7436 17.6269
7437 17.6294
7438 17.6315
7439 17.6335
7440 17.6348
7441 17.6361
7442 17.6373
7443 17.6386
7444 17.6401
7445 17.642
7446 17.6442
7447 17.6465
7448 17.649
7449 17.6512
7450 17.6536
7451 17.6559
7452 17.6583
7453 17.6607
7454 17.6627
7455 17.6648
7456 17.6668
7457 17.6685
7458 17.6704
7459 17.6721
7460 17.6739
7461 17.6754
7462 17.6769
7463 17.6786
7464 17.6804
7465 17.6827
7466 17.6849
7467 17.6872
7468 17.6897
7469 17.6922
7470 17.6947
7471 17.6971
7472 17.6993
7473 17.7013
7474 17.7032
7475 17.7048
7476 17.7064
7477 17.7077
7478 17.7092
7479 17.7106
7480 17.7124
7481 17.7141
7482 17.7162
7483 17.7184
7484 17.7205
7485 17.7227
7486 17.7252
7487 17.7277
7488 17.7301
7489 17.7323
7490 17.7343
7491 17.7362
7492 17.7378
7493 17.7392
7494 17.7405
7495 17.7421
7496 17.7437
7497 17.7453
7498 17.7471
7499 17.749
7500 17.7511
7501 17.7533
7502 17.7555
7503 17.7579
7504 17.7604
7505 17.7632
7506 17.766
7507 17.7686
7508 17.7708
7509 17.773
7510 17.7746
7511 17.7766
7512 17.7782
7513 17.7797
7514 17.7814
7515 17.783
7516 17.7845
7517 17.7858
7518 17.787
7519 17.7884
7520 17.79
7521 17.7918
7522 17.7939
7523 17.7962
7524 17.7982
7525 17.8005
7526 17.8029
7527 17.8051
7528 17.8075
7529 17.8097
7530 17.8118
7531 17.8134
7532 17.8149
7533 17.8161
7534 17.8173
7535 17.8182
7536 17.819
7537 17.8202
7538 17.8214
7539 17.8229
7540 17.8246
7541 17.8266
7542 17.8288
7543 17.8309
7544 17.8331
7545 17.8354
7546 17.8376
7547 17.8399
7548 17.8422
7549 17.8445
7550 17.8464
7551 17.848
7552 17.8495
7553 17.851
7554 17.8524
7555 17.8534
7556 17.8544
7557 17.8553
7558 17.8565
7559 17.8579
7560 17.8595
7561 17.8613
7562 17.8634
7563 17.8655
7564 17.8677
7565 17.87
7566 17.8722
7567 17.8744
7568 17.8766
7569 17.8784
7570 17.8806
7571 17.8825
7572 17.8841
7573 17.8858
7574 17.887
7575 17.888
7576 17.8891
7577 17.8903
7578 17.8916
7579 17.893
7580 17.8949
7581 17.897
7582 17.8991
7583 17.9014
7584 17.9036
7585 17.9059
7586 17.9081
7587 17.9102
7588 17.9121
7589 17.9138
7590 17.9154
7591 17.9169
7592 17.9186
7593 17.9201
7594 17.9215
7595 17.9226
7596 17.9238
7597 17.9249
7598 17.9259
7599 17.9273
7600 17.9291
7601 17.9309
7602 17.9329
7603 17.9348
7604 17.9368
7605 17.9387
7606 17.9407
7607 17.9428
7608 17.9449
7609 17.9471
7610 17.9493
7611 17.9511
7612 17.9528
7613 17.9543
7614 17.9557
7615 17.9572
7616 17.9583
7617 17.9593
7618 17.9607
7619 17.9622
7620 17.9639
7621 17.9658
7622 17.9678
7623 17.97
7624 17.9722
7625 17.9745
7626 17.9769
7627 17.9793
7628 17.9814
7629 17.9834
7630 17.9852
7631 17.9868
7632 17.9882
7633 17.9895
7634 17.9907
7635 17.9919
7636 17.9933
7637 17.9949
7638 17.9965
7639 17.9983
7640 18
7641 18.0016
7642 18.0033
7643 18.0052
7644 18.0071
7645 18.0091
7646 18.0108
7647 18.0124
7648 18.0138
7649 18.0151
7650 18.0166
7651 18.018
7652 18.0192
7653 18.0206
7654 18.0224
7655 18.024
7656 18.0259
7657 18.0279
7658 18.03
7659 18.0318
7660 18.0335
7661 18.0353
7662 18.0371
7663 18.0386
7664 18.0402
7665 18.0416
7666 18.0431
7667 18.0444
7668 18.0459
7669 18.0477
7670 18.0496
7671 18.0515
7672 18.0533
7673 18.0553
7674 18.0574
7675 18.0592
7676 18.061
7677 18.0629
7678 18.0648
7679 18.0666
7680 18.0683
7681 18.07
7682 18.0717
7683 18.0733
7684 18.075
7685 18.0769
7686 18.0788
7687 18.0807
7688 18.0828
7689 18.0848
7690 18.0869
7691 18.0892
7692 18.091
7693 18.0928
7694 18.0943
7695 18.0955
7696 18.0967
7697 18.0984
7698 18.1
7699 18.1014
7700 18.1028
7701 18.1044
7702 18.1059
7703 18.1075
7704 18.1094
7705 18.1116
7706 18.1141
7707 18.1165
7708 18.1187
7709 18.1209
7710 18.123
7711 18.125
7712 18.127
7713 18.129
7714 18.1307
7715 18.1321
7716 18.1336
7717 18.1348
7718 18.136
7719 18.1369
7720 18.1383
7721 18.1398
7722 18.1413
7723 18.1431
7724 18.1448
7725 18.1467
7726 18.1487
7727 18.1508
7728 18.1531
7729 18.1555
7730 18.1578
7731 18.1598
7732 18.1615
7733 18.1631
7734 18.1647
7735 18.1665
7736 18.1681
7737 18.1696
7738 18.1711
7739 18.1725
7740 18.174
7741 18.1755
7742 18.1771
7743 18.1789
7744 18.1805
7745 18.1821
7746 18.1841
7747 18.1858
7748 18.1879
7749 18.1898
7750 18.1917
7751 18.1934
7752 18.1953
7753 18.1974
7754 18.1996
7755 18.2017
7756 18.2039
7757 18.2061
7758 18.208
7759 18.2096
7760 18.211
7761 18.2123
7762 18.2137
7763 18.2153
7764 18.2169
7765 18.2186
7766 18.2202
7767 18.2216
7768 18.2233
7769 18.2251
7770 18.2271
7771 18.2291
7772 18.2309
7773 18.2328
7774 18.2351
7775 18.2376
7776 18.24
7777 18.242
7778 18.2436
7779 18.2452
7780 18.2469
7781 18.2486
7782 18.25
7783 18.2512
7784 18.2524
7785 18.2538
7786 18.2551
7787 18.2568
7788 18.2586
7789 18.2604
7790 18.2622
7791 18.2638
7792 18.2657
7793 18.2677
7794 18.2697
7795 18.2715
7796 18.2735
7797 18.2756
7798 18.2779
7799 18.2799
7800 18.2816
7801 18.2835
7802 18.2854
7803 18.2873
7804 18.2893
7805 18.2908
7806 18.2927
7807 18.2946
7808 18.2965
7809 18.2983
7810 18.2999
7811 18.3011
7812 18.3027
7813 18.3045
7814 18.3064
7815 18.3086
7816 18.3107
7817 18.3129
7818 18.3149
7819 18.317
7820 18.3192
7821 18.3211
7822 18.3232
7823 18.3252
7824 18.3271
7825 18.329
7826 18.3307
7827 18.3322
7828 18.3337
7829 18.3353
7830 18.3368
7831 18.3385
7832 18.3405
7833 18.3425
7834 18.3448
7835 18.3472
7836 18.3495
7837 18.3517
7838 18.3538
7839 18.3557
7840 18.3574
7841 18.3589
7842 18.3603
7843 18.3617
7844 18.3636
7845 18.365
7846 18.3665
7847 18.3682
7848 18.3699
7849 18.3715
7850 18.3734
7851 18.3757
7852 18.378
7853 18.3804
7854 18.3827
7855 18.385
7856 18.3872
7857 18.3895
7858 18.3918
7859 18.3939
7860 18.3957
7861 18.3971
7862 18.3986
7863 18.4
7864 18.4012
7865 18.4023
7866 18.4035
7867 18.4052
7868 18.4067
7869 18.4084
7870 18.4106
7871 18.413
7872 18.4155
7873 18.4179
7874 18.4201
7875 18.4221
7876 18.4242
7877 18.4262
7878 18.428
7879 18.4297
7880 18.4314
7881 18.4332
7882 18.4347
7883 18.4359
7884 18.4375
7885 18.4391
7886 18.4407
7887 18.4425
7888 18.444
7889 18.4456
7890 18.4476
7891 18.4498
7892 18.452
7893 18.4543
7894 18.4565
7895 18.4585
7896 18.4607
7897 18.4627
7898 18.4644
7899 18.4664
7900 18.4683
7901 18.4701
7902 18.4719
7903 18.4736
7904 18.4753
7905 18.4769
7906 18.4785
7907 18.4801
7908 18.4818
7909 18.4835
7910 18.4855
7911 18.4878
7912 18.4902
7913 18.4922
7914 18.4941
7915 18.4962
7916 18.4985
7917 18.5007
7918 18.5028
7919 18.5048
7920 18.5069
7921 18.5087
7922 18.5105
7923 18.5124
7924 18.5142
7925 18.5161
7926 18.5178
7927 18.5196
7928 18.5214
7929 18.5234
7930 18.5255
7931 18.5277
7932 18.5299
7933 18.532
7934 18.5339
7935 18.5356
7936 18.5373
7937 18.5391
7938 18.5408
7939 18.543
7940 18.5451
7941 18.5472
7942 18.5492
7943 18.5511
7944 18.5532
7945 18.5552
7946 18.5572
7947 18.5591
7948 18.5608
7949 18.5627
7950 18.5645
7951 18.5663
7952 18.568
7953 18.5695
7954 18.571
7955 18.5729
7956 18.5747
7957 18.5764
7958 18.5783
7959 18.58
7960 18.5819
7961 18.584
7962 18.5861
7963 18.5882
7964 18.5902
7965 18.5922
7966 18.5943
7967 18.5964
7968 18.5986
7969 18.6006
7970 18.6024
7971 18.6042
7972 18.6059
7973 18.6078
7974 18.6098
7975 18.6116
7976 18.6133
7977 18.6151
7978 18.6167
7979 18.6186
7980 18.6203
7981 18.6221
7982 18.624
7983 18.626
7984 18.6279
7985 18.6299
7986 18.6317
7987 18.6335
7988 18.6358
7989 18.6378
7990 18.6399
7991 18.6418
7992 18.6435
7993 18.6454
7994 18.6473
7995 18.6494
7996 18.6514
7997 18.6534
7998 18.6553
7999 18.6574
8000 18.6594
8001 18.6614
8002 18.6635
8003 18.6655
8004 18.6672
8005 18.6689
8006 18.6706
8007 18.672
8008 18.6733
8009 18.6749
8010 18.6767
8011 18.6784
8012 18.6799
8013 18.6816
8014 18.6834
8015 18.685
8016 18.6869
8017 18.6886
8018 18.6906
8019 18.6927
8020 18.6947
8021 18.6966
8022 18.6988
8023 18.7009
8024 18.7028
8025 18.7047
8026 18.7065
8027 18.7081
8028 18.7095
8029 18.7107
8030 18.7121
8031 18.7134
8032 18.7149
8033 18.7168
8034 18.7187
8035 18.7205
8036 18.7224
8037 18.7243
8038 18.7261
8039 18.728
8040 18.7301
8041 18.7323
8042 18.7347
8043 18.7371
8044 18.739
8045 18.7411
8046 18.743
8047 18.7446
8048 18.7462
8049 18.7478
8050 18.7495
8051 18.7513
8052 18.7532
8053 18.7549
8054 18.7564
8055 18.7577
8056 18.7592
8057 18.7608
8058 18.7625
8059 18.7643
8060 18.7662
8061 18.7682
8062 18.7702
8063 18.7723
8064 18.7747
8065 18.7767
8066 18.7787
8067 18.7808
8068 18.7827
8069 18.7846
8070 18.7862
8071 18.7876
8072 18.7889
8073 18.7903
8074 18.7918
8075 18.7932
8076 18.7946
8077 18.7959
8078 18.7976
8079 18.7996
8080 18.8014
8081 18.8036
8082 18.8059
8083 18.8081
8084 18.8103
8085 18.8122
8086 18.8141
8087 18.8161
8088 18.8177
8089 18.8194
8090 18.821
8091 18.8228
8092 18.8242
8093 18.8255
8094 18.827
8095 18.8284
8096 18.8302
8097 18.8324
8098 18.8347
8099 18.837
8100 18.8392
8101 18.8417
8102 18.8443
8103 18.8467
8104 18.8488
8105 18.8504
8106 18.8518
8107 18.8528
8108 18.8539
8109 18.8549
8110 18.856
8111 18.857
8112 18.858
8113 18.8593
8114 18.8611
8115 18.8631
8116 18.8651
8117 18.8673
8118 18.8698
8119 18.8721
8120 18.8745
8121 18.8768
8122 18.8789
8123 18.8807
8124 18.8825
8125 18.8842
8126 18.8858
8127 18.8869
8128 18.8878
8129 18.8886
8130 18.8896
8131 18.8905
8132 18.8916
8133 18.8928
8134 18.8946
8135 18.8964
8136 18.8983
8137 18.9005
8138 18.9027
8139 18.9049
8140 18.9074
8141 18.9098
8142 18.9119
8143 18.9141
8144 18.9161
8145 18.9178
8146 18.9191
8147 18.9204
8148 18.9214
8149 18.9225
8150 18.9236
8151 18.9248
8152 18.9258
8153 18.9271
8154 18.9285
8155 18.9302
8156 18.9319
8157 18.9335
8158 18.9354
8159 18.9375
8160 18.9399
8161 18.9422
8162 18.9443
8163 18.9462
8164 18.9479
8165 18.9495
8166 18.951
8167 18.9522
8168 18.9532
8169 18.9543
8170 18.9555
8171 18.957
8172 18.9586
8173 18.9601
8174 18.9614
8175 18.9627
8176 18.9644
8177 18.9664
8178 18.9684
8179 18.9709
8180 18.9732
8181 18.9751
8182 18.9769
8183 18.9787
8184 18.9804
8185 18.982
8186 18.9833
8187 18.9844
8188 18.9857
8189 18.9869
8190 18.9885
8191 18.99
8192 18.9915
8193 18.993
8194 18.9946
8195 18.9963
8196 18.9984
8197 19.0001
8198 19.0019
8199 19.0037
8200 19.0056
8201 19.0076
8202 19.0094
8203 19.0109
8204 19.0125
8205 19.014
8206 19.0158
8207 19.0175
8208 19.0194
8209 19.0212
8210 19.0228
8211 19.0245
8212 19.026
8213 19.0274
8214 19.0289
8215 19.0307
8216 19.0322
8217 19.0337
8218 19.0352
8219 19.0367
8220 19.0383
8221 19.0401
8222 19.0418
8223 19.0434
8224 19.045
8225 19.0468
8226 19.0487
8227 19.0507
8228 19.0527
8229 19.0549
8230 19.0568
8231 19.0586
8232 19.0601
8233 19.0615
8234 19.0629
8235 19.064
8236 19.0655
8237 19.0671
8238 19.0687
8239 19.0702
8240 19.0718
8241 19.0734
8242 19.075
8243 19.0768
8244 19.0785
8245 19.0805
8246 19.0828
8247 19.085
8248 19.0872
8249 19.0894
8250 19.0913
8251 19.0935
8252 19.0953
8253 19.0969
8254 19.0984
8255 19.1
8256 19.1015
8257 19.1029
8258 19.1043
8259 19.1057
8260 19.1072
8261 19.1088
8262 19.1105
8263 19.1122
8264 19.114
8265 19.1158
8266 19.118
8267 19.12
8268 19.1218
8269 19.1236
8270 19.1254
8271 19.1274
8272 19.1294
8273 19.1313
8274 19.1332
8275 19.135
8276 19.1369
8277 19.1388
8278 19.1407
8279 19.1426
8280 19.1445
8281 19.1462
8282 19.1481
8283 19.1498
8284 19.1514
8285 19.1532
8286 19.1552
8287 19.157
8288 19.159
8289 19.1608
8290 19.1628
8291 19.1646
8292 19.1664
8293 19.1683
8294 19.1702
8295 19.1721
8296 19.1738
8297 19.1755
8298 19.1774
8299 19.1795
8300 19.1811
8301 19.1825
8302 19.1841
8303 19.1857
8304 19.1874
8305 19.1891
8306 19.191
8307 19.193
8308 19.1948
8309 19.1967
8310 19.1988
8311 19.201
8312 19.2031
8313 19.2051
8314 19.207
8315 19.209
8316 19.2107
8317 19.2122
8318 19.2134
8319 19.2145
8320 19.2157
8321 19.2167
8322 19.2182
8323 19.2197
8324 19.2216
8325 19.2234
8326 19.2256
8327 19.228
8328 19.2304
8329 19.233
8330 19.2355
8331 19.2379
8332 19.2401
8333 19.2418
8334 19.2433
8335 19.2446
8336 19.2459
8337 19.2473
8338 19.2484
8339 19.2495
8340 19.2507
8341 19.2521
8342 19.2535
8343 19.2552
8344 19.2571
8345 19.2593
8346 19.2615
8347 19.2638
8348 19.2659
8349 19.2681
8350 19.2702
8351 19.2721
8352 19.2738
8353 19.2754
8354 19.2772
8355 19.2789
8356 19.2804
8357 19.2817
8358 19.2831
8359 19.2844
8360 19.2855
8361 19.2868
8362 19.2882
8363 19.2898
8364 19.2914
8365 19.2933
8366 19.2954
8367 19.2976
8368 19.2996
8369 19.3017
8370 19.3041
8371 19.3066
8372 19.3088
8373 19.3108
8374 19.3126
8375 19.3143
8376 19.316
8377 19.3173
8378 19.3184
8379 19.3193
8380 19.3202
8381 19.3215
8382 19.3231
8383 19.3249
8384 19.3268
8385 19.329
8386 19.3309
8387 19.3332
8388 19.3352
8389 19.3371
8390 19.3389
8391 19.3406
8392 19.3423
8393 19.3443
8394 19.3465
8395 19.3484
8396 19.3504
8397 19.3521
8398 19.3535
8399 19.3551
8400 19.357
8401 19.3589
8402 19.361
8403 19.3627
8404 19.3647
8405 19.3668
8406 19.3689
8407 19.3705
8408 19.372
8409 19.3735
8410 19.3749
8411 19.3765
8412 19.3785
8413 19.3802
8414 19.3818
8415 19.3833
8416 19.3848
8417 19.3865
8418 19.3882
8419 19.3902
8420 19.3921
8421 19.394
8422 19.3959
8423 19.3979
8424 19.3999
8425 19.4016
8426 19.4033
8427 19.4054
8428 19.4073
8429 19.4092
8430 19.4111
8431 19.4129
8432 19.4147
8433 19.4163
8434 19.4179
8435 19.4196
8436 19.4213
8437 19.4229
8438 19.4247
8439 19.4262
8440 19.4278
8441 19.4292
8442 19.4309
8443 19.4327
8444 19.4348
8445 19.4367
8446 19.4386
8447 19.4406
8448 19.4428
8449 19.4444
8450 19.4461
8451 19.448
8452 19.45
8453 19.4518
8454 19.4538
8455 19.4554
8456 19.4568
8457 19.4582
8458 19.4597
8459 19.4611
8460 19.4627
8461 19.4644
8462 19.4661
8463 19.4677
8464 19.4694
8465 19.4715
8466 19.4736
8467 19.4758
8468 19.4777
8469 19.4795
8470 19.4811
8471 19.4826
8472 19.4844
8473 19.4859
8474 19.4874
8475 19.4889
8476 19.4906
8477 19.4922
8478 19.4935
8479 19.4948
8480 19.4965
8481 19.4982
8482 19.4999
8483 19.5015
8484 19.5033
8485 19.505
8486 19.5066
8487 19.5083
8488 19.5103
8489 19.5123
8490 19.5139
8491 19.5155
8492 19.5172
8493 19.519
8494 19.5208
8495 19.5226
8496 19.5239
8497 19.5251
8498 19.5266
8499 19.5282
8500 19.5296
8501 19.5314
8502 19.5336
8503 19.5359
8504 19.5381
8505 19.54
8506 19.5417
8507 19.5437
8508 19.5457
8509 19.5476
8510 19.5494
8511 19.551
8512 19.5523
8513 19.5536
8514 19.5548
8515 19.5561
8516 19.5572
8517 19.5588
8518 19.561
8519 19.5634
8520 19.5658
8521 19.568
8522 19.5698
8523 19.5716
8524 19.5735
8525 19.5749
8526 19.5765
8527 19.578
8528 19.5795
8529 19.581
8530 19.5824
8531 19.5836
8532 19.5847
8533 19.5859
8534 19.5875
8535 19.5891
8536 19.5909
8537 19.5927
8538 19.5948
8539 19.5972
8540 19.5995
8541 19.6019
8542 19.6042
8543 19.6065
8544 19.6081
8545 19.6096
8546 19.6112
8547 19.6126
8548 19.6138
8549 19.6149
8550 19.6164
8551 19.6179
8552 19.6194
8553 19.6211
8554 19.6231
8555 19.6251
8556 19.6273
8557 19.6296
8558 19.6315
8559 19.6338
8560 19.6357
8561 19.6376
8562 19.6396
8563 19.6413
8564 19.6429
8565 19.6443
8566 19.6457
8567 19.6468
8568 19.6483
8569 19.6498
8570 19.6513
8571 19.653
8572 19.6547
8573 19.6566
8574 19.6584
8575 19.6602
8576 19.6621
8577 19.6642
8578 19.6661
8579 19.6684
8580 19.6702
8581 19.6721
8582 19.6737
8583 19.6751
8584 19.6762
8585 19.6775
8586 19.6788
8587 19.6802
8588 19.6817
8589 19.6832
8590 19.6846
8591 19.6864
8592 19.688
8593 19.6897
8594 19.6916
8595 19.6938
8596 19.6961
8597 19.6983
8598 19.7001
8599 19.7017
8600 19.7037
8601 19.7055
8602 19.7072
8603 19.7086
8604 19.7099
8605 19.7113
8606 19.713
8607 19.7147
8608 19.7166
8609 19.7186
8610 19.7206
8611 19.7227
8612 19.7245
8613 19.7264
8614 19.7283
8615 19.7299
8616 19.7316
8617 19.7335
8618 19.7352
8619 19.7365
8620 19.7376
8621 19.7388
8622 19.7403
8623 19.7421
8624 19.7439
8625 19.7455
8626 19.7472
8627 19.749
8628 19.7511
8629 19.7533
8630 19.7553
8631 19.7573
8632 19.7594
8633 19.7613
8634 19.763
8635 19.7647
8636 19.7663
8637 19.7679
8638 19.7696
8639 19.7714
8640 19.7731
8641 19.7747
8642 19.7764
8643 19.7777
8644 19.7791
8645 19.7806
8646 19.7826
8647 19.7849
8648 19.7872
8649 19.7894
8650 19.7914
8651 19.7936
8652 19.7955
8653 19.797
8654 19.7986
8655 19.7999
8656 19.8012
8657 19.8027
8658 19.8041
8659 19.8057
8660 19.8071
8661 19.8088
8662 19.8106
8663 19.8127
8664 19.8151
8665 19.8173
8666 19.8196
8667 19.8217
8668 19.8238
8669 19.8261
8670 19.828
8671 19.8297
8672 19.8312
8673 19.8324
8674 19.8333
8675 19.8343
8676 19.8355
8677 19.8369
8678 19.8386
8679 19.8407
8680 19.8432
8681 19.8454
8682 19.8477
8683 19.85
8684 19.8524
8685 19.8549
8686 19.8572
8687 19.8592
8688 19.8612
8689 19.8628
8690 19.8643
8691 19.8653
8692 19.8665
8693 19.8672
8694 19.8677
8695 19.8682
8696 19.8694
8697 19.8709
8698 19.873
8699 19.8755
8700 19.8782
8701 19.8808
8702 19.8831
8703 19.8854
8704 19.888
8705 19.8903
8706 19.8926
8707 19.8947
8708 19.8965
8709 19.8982
8710 19.8997
8711 19.9008
8712 19.9019
8713 19.9028
8714 19.9038
8715 19.9052
8716 19.9069
8717 19.9084
8718 19.9103
8719 19.9123
8720 19.9145
8721 19.917
8722 19.9195
8723 19.9219
8724 19.9241
8725 19.9261
8726 19.9281
8727 19.93
8728 19.9316
8729 19.9336
8730 19.9356
8731 19.9375
8732 19.9392
8733 19.9409
8734 19.9423
8735 19.944
8736 19.9457
8737 19.9477
8738 19.9498
8739 19.9517
8740 19.9535
8741 19.9552
8742 19.9565
8743 19.9578
8744 19.9589
8745 19.9602
8746 19.9615
8747 19.9632
8748 19.9655
8749 19.968
8750 19.9706
8751 19.973
8752 19.9754
8753 19.9776
8754 19.9798
8755 19.9816
8756 19.9836
8757 19.9852
8758 19.9867
8759 19.9881
8760 19.9892
8761 19.9903
8762 19.9914
8763 19.9926
8764 19.9941
8765 19.9955
8766 19.997
8767 19.9988
8768 20.0006
8769 20.0026
8770 20.0048
8771 20.0069
8772 20.0092
8773 20.0114
8774 20.0135
8775 20.0159
8776 20.0182
8777 20.0201
8778 20.0222
8779 20.0238
8780 20.0252
8781 20.0264
8782 20.0275
8783 20.0288
8784 20.0298
8785 20.0311
8786 20.0323
8787 20.0337
8788 20.0352
8789 20.0369
8790 20.0391
8791 20.0414
8792 20.044
8793 20.0463
8794 20.0487
8795 20.0509
8796 20.0531
8797 20.0549
8798 20.0563
8799 20.0573
8800 20.0584
8801 20.0597
8802 20.0608
8803 20.062
8804 20.0631
8805 20.0643
8806 20.0658
8807 20.0673
8808 20.0693
8809 20.0716
8810 20.0739
8811 20.0763
8812 20.0786
8813 20.0807
8814 20.0827
8815 20.0846
8816 20.0864
8817 20.0879
8818 20.0895
8819 20.0908
8820 20.0921
8821 20.0933
8822 20.0945
8823 20.0959
8824 20.0976
8825 20.0994
8826 20.101
8827 20.1027
8828 20.1043
8829 20.1059
8830 20.1078
8831 20.1098
8832 20.1119
8833 20.1141
8834 20.1164
8835 20.1183
8836 20.12
8837 20.1215
8838 20.1231
8839 20.1246
8840 20.1263
8841 20.128
8842 20.1296
8843 20.1311
8844 20.1325
8845 20.1338
8846 20.1352
8847 20.1368
8848 20.1385
8849 20.1404
8850 20.1421
8851 20.1435
8852 20.1453
8853 20.1472
8854 20.1492
8855 20.1511
8856 20.1529
8857 20.1548
8858 20.1565
8859 20.1583
8860 20.1597
8861 20.1611
8862 20.1626
8863 20.1641
8864 20.1656
8865 20.167
8866 20.1684
8867 20.1696
8868 20.1712
8869 20.1732
8870 20.1753
8871 20.1774
8872 20.1794
8873 20.1815
8874 20.1836
8875 20.1854
8876 20.1869
8877 20.1885
8878 20.1903
8879 20.192
8880 20.1934
8881 20.1948
8882 20.196
8883 20.1969
8884 20.1981
8885 20.1994
8886 20.2011
8887 20.2029
8888 20.2047
8889 20.2066
8890 20.2084
8891 20.2105
8892 20.2126
8893 20.2148
8894 20.2166
8895 20.2184
8896 20.2203
8897 20.222
8898 20.2238
8899 20.2251
8900 20.2267
8901 20.2281
8902 20.2294
8903 20.2307
8904 20.2321
8905 20.2332
8906 20.2341
8907 20.2351
8908 20.2363
8909 20.2372
8910 20.2385
8911 20.2401
8912 20.242
8913 20.244
8914 20.2462
8915 20.2486
8916 20.2508
8917 20.2526
8918 20.2543
8919 20.2559
8920 20.2573
8921 20.2589
8922 20.2602
8923 20.2615
8924 20.2627
8925 20.2641
8926 20.2655
8927 20.2668
8928 20.268
8929 20.2693
8930 20.2706
8931 20.272
8932 20.2734
8933 20.275
8934 20.2766
8935 20.2785
8936 20.2804
8937 20.2823
8938 20.2841
8939 20.2856
8940 20.2869
8941 20.2883
8942 20.2899
8943 20.2914
8944 20.293
8945 20.2946
8946 20.2963
8947 20.2979
8948 20.2994
8949 20.3008
8950 20.302
8951 20.3032
8952 20.3044
8953 20.3058
8954 20.3073
8955 20.309
8956 20.3106
8957 20.3123
8958 20.3142
8959 20.3162
8960 20.3182
8961 20.3203
8962 20.3223
8963 20.3243
8964 20.3263
8965 20.3282
8966 20.3298
8967 20.331
8968 20.3321
8969 20.3326
8970 20.3334
8971 20.3343
8972 20.3356
8973 20.3372
8974 20.3389
8975 20.3407
8976 20.3425
8977 20.3444
8978 20.3466
8979 20.3488
8980 20.3508
8981 20.3527
8982 20.3544
8983 20.356
8984 20.3574
8985 20.3588
8986 20.3602
8987 20.3617
8988 20.3633
8989 20.3646
8990 20.3661
8991 20.3677
8992 20.3692
8993 20.3708
8994 20.3723
8995 20.3738
8996 20.3756
8997 20.3775
8998 20.3795
8999 20.3812
9000 20.383
9001 20.3848
9002 20.3866
9003 20.3884
9004 20.3905
9005 20.3925
9006 20.3942
9007 20.3958
9008 20.3972
9009 20.3982
9010 20.3994
9011 20.401
9012 20.4024
9013 20.4041
9014 20.4058
9015 20.4077
9016 20.4094
9017 20.411
9018 20.4124
9019 20.4144
9020 20.4163
9021 20.4185
9022 20.4203
9023 20.4217
9024 20.4229
9025 20.4241
9026 20.4255
9027 20.4267
9028 20.4276
9029 20.4289
9030 20.4304
9031 20.4319
9032 20.4337
9033 20.4356
9034 20.4376
9035 20.4396
9036 20.4415
9037 20.4436
9038 20.4456
9039 20.4475
9040 20.4494
9041 20.4512
9042 20.4529
9043 20.4545
9044 20.4559
9045 20.4572
9046 20.4584
9047 20.4595
9048 20.4606
9049 20.4617
9050 20.4628
9051 20.4643
9052 20.466
9053 20.468
9054 20.4699
9055 20.4718
9056 20.4734
9057 20.4753
9058 20.4773
9059 20.4794
9060 20.4813
9061 20.483
9062 20.4846
9063 20.486
9064 20.4872
9065 20.4881
9066 20.4891
9067 20.4902
9068 20.4916
9069 20.4932
9070 20.4949
9071 20.497
9072 20.4991
9073 20.5012
9074 20.5033
9075 20.5055
9076 20.5073
9077 20.5092
9078 20.5108
9079 20.5124
9080 20.5138
9081 20.5156
9082 20.517
9083 20.5181
9084 20.519
9085 20.5203
9086 20.5219
9087 20.5237
9088 20.5256
9089 20.5279
9090 20.5304
9091 20.5325
9092 20.5343
9093 20.5361
9094 20.5377
9095 20.5395
9096 20.5411
9097 20.5425
9098 20.5439
9099 20.5452
9100 20.5464
9101 20.5476
9102 20.5489
9103 20.5504
9104 20.5521
9105 20.5542
9106 20.5565
9107 20.5591
9108 20.5613
9109 20.5634
9110 20.5652
9111 20.567
9112 20.5686
9113 20.5697
9114 20.5707
9115 20.5716
9116 20.5726
9117 20.5737
9118 20.5748
9119 20.576
9120 20.5772
9121 20.5782
9122 20.5795
9123 20.581
9124 20.583
9125 20.5853
9126 20.5873
9127 20.5896
9128 20.5918
9129 20.5939
9130 20.5958
9131 20.5975
9132 20.5988
9133 20.5998
9134 20.6004
9135 20.6014
9136 20.6025
9137 20.6034
9138 20.6044
9139 20.6056
9140 20.6072
9141 20.6091
9142 20.6111
9143 20.613
9144 20.615
9145 20.617
9146 20.6188
9147 20.6204
9148 20.6215
9149 20.6225
9150 20.6237
9151 20.6248
9152 20.6261
9153 20.6275
9154 20.6286
9155 20.6299
9156 20.6311
9157 20.6324
9158 20.6339
9159 20.6355
9160 20.6375
9161 20.6396
9162 20.6415
9163 20.6432
9164 20.6448
9165 20.6462
9166 20.6479
9167 20.6494
9168 20.6506
9169 20.6517
9170 20.6528
9171 20.6536
9172 20.6543
9173 20.6551
9174 20.6562
9175 20.6576
9176 20.6591
9177 20.6607
9178 20.6626
9179 20.6648
9180 20.6671
9181 20.6694
9182 20.6716
9183 20.6738
9184 20.6759
9185 20.6777
9186 20.679
9187 20.6802
9188 20.6815
9189 20.6826
9190 20.6832
9191 20.6841
9192 20.6846
9193 20.6852
9194 20.6863
9195 20.6879
9196 20.6897
9197 20.692
9198 20.694
9199 20.6958
9200 20.6977
9201 20.6997
9202 20.7018
9203 20.7038
9204 20.7056
9205 20.7075
9206 20.7095
9207 20.7114
9208 20.7131
9209 20.7144
9210 20.7154
9211 20.7161
9212 20.7169
9213 20.718
9214 20.7192
9215 20.7204
9216 20.7217
9217 20.7232
9218 20.7246
9219 20.7263
9220 20.7282
9221 20.7306
9222 20.7332
9223 20.7354
9224 20.7374
9225 20.739
9226 20.7406
9227 20.7423
9228 20.7444
9229 20.7463
9230 20.7481
9231 20.7495
9232 20.7508
9233 20.7521
9234 20.7534
9235 20.7549
9236 20.7565
9237 20.758
9238 20.7597
9239 20.7616
9240 20.7635
9241 20.7654
9242 20.7671
9243 20.7687
9244 20.7704
9245 20.7723
9246 20.7742
9247 20.7762
9248 20.7783
9249 20.7805
9250 20.7826
9251 20.7845
9252 20.7861
9253 20.7874
9254 20.7886
9255 20.7899
9256 20.7913
9257 20.7929
9258 20.7943
9259 20.7959
9260 20.7978
9261 20.7998
9262 20.8017
9263 20.8036
9264 20.8053
9265 20.8071
9266 20.8088
9267 20.8104
9268 20.8121
9269 20.8136
9270 20.8151
9271 20.8164
9272 20.818
9273 20.8196
9274 20.8214
9275 20.8233
9276 20.8253
9277 20.8273
9278 20.8293
9279 20.8313
9280 20.8329
9281 20.8345
9282 20.836
9283 20.8375
9284 20.839
9285 20.8407
9286 20.8423
9287 20.8438
9288 20.8451
9289 20.8464
9290 20.848
9291 20.8497
9292 20.8513
9293 20.8532
9294 20.855
9295 20.8572
9296 20.8597
9297 20.862
9298 20.8643
9299 20.8661
9300 20.868
9301 20.8697
9302 20.8713
9303 20.8727
9304 20.8742
9305 20.8757
9306 20.8773
9307 20.8791
9308 20.8808
9309 20.8826
9310 20.8841
9311 20.8861
9312 20.8885
9313 20.891
9314 20.8932
9315 20.8952
9316 20.8971
9317 20.8989
9318 20.9008
9319 20.9027
9320 20.9046
9321 20.9065
9322 20.9083
9323 20.9098
9324 20.9112
9325 20.9125
9326 20.9137
9327 20.9148
9328 20.916
9329 20.9173
9330 20.9189
9331 20.9205
9332 20.9224
9333 20.9244
9334 20.9264
9335 20.9284
9336 20.9305
9337 20.9324
9338 20.9344
9339 20.9364
9340 20.9384
9341 20.9403
9342 20.9418
9343 20.9433
9344 20.9451
9345 20.9471
9346 20.9488
9347 20.9504
9348 20.9519
9349 20.9534
9350 20.9552
9351 20.9568
9352 20.9584
9353 20.9601
9354 20.962
9355 20.9641
9356 20.966
9357 20.9676
9358 20.9693
9359 20.971
9360 20.9729
9361 20.9745
9362 20.9763
9363 20.978
9364 20.9792
9365 20.9807
9366 20.9823
9367 20.9839
9368 20.9856
9369 20.9875
9370 20.9894
9371 20.9912
9372 20.9929
9373 20.9948
9374 20.9967
9375 20.9983
9376 20.9999
9377 21.0013
9378 21.0029
9379 21.0049
9380 21.0067
9381 21.008
9382 21.0095
9383 21.011
9384 21.0124
9385 21.0139
9386 21.0157
9387 21.0179
9388 21.0199
9389 21.0219
9390 21.0237
9391 21.0255
9392 21.0273
9393 21.0294
9394 21.0315
9395 21.0336
9396 21.0356
9397 21.0373
9398 21.0388
9399 21.0402
9400 21.0415
9401 21.0426
9402 21.0436
9403 21.045
9404 21.0466
9405 21.0483
9406 21.0503
9407 21.0524
9408 21.0545
9409 21.0566
9410 21.0589
9411 21.061
9412 21.0631
9413 21.0649
9414 21.0667
9415 21.0682
9416 21.0699
9417 21.0716
9418 21.0731
9419 21.0744
9420 21.0759
9421 21.0776
9422 21.0796
9423 21.0816
9424 21.0837
9425 21.0858
9426 21.0877
9427 21.0893
9428 21.0907
9429 21.0921
9430 21.0938
9431 21.0953
9432 21.0969
9433 21.0988
9434 21.1007
9435 21.1027
9436 21.105
9437 21.1073
9438 21.1095
9439 21.1117
9440 21.114
9441 21.116
9442 21.1177
9443 21.1194
9444 21.121
9445 21.1226
9446 21.1243
9447 21.1263
9448 21.1283
9449 21.1298
9450 21.1315
9451 21.1333
9452 21.1355
9453 21.1377
9454 21.1399
9455 21.1419
9456 21.1439
9457 21.1457
9458 21.1476
9459 21.1496
9460 21.1516
9461 21.1534
9462 21.1551
9463 21.1566
9464 21.1583
9465 21.1603
9466 21.1623
9467 21.1646
9468 21.167
9469 21.1692
9470 21.1712
9471 21.173
9472 21.1749
9473 21.1768
9474 21.1784
9475 21.18
9476 21.1812
9477 21.1824
9478 21.1835
9479 21.1847
9480 21.1859
9481 21.1871
9482 21.1887
9483 21.1904
9484 21.1927
9485 21.1948
9486 21.1968
9487 21.1988
9488 21.2011
9489 21.2034
9490 21.2056
9491 21.2073
9492 21.2091
9493 21.2108
9494 21.2124
9495 21.2137
9496 21.215
9497 21.216
9498 21.2172
9499 21.2186
9500 21.2199
9501 21.2213
9502 21.2229
9503 21.2246
9504 21.2264
9505 21.2284
9506 21.2304
9507 21.2326
9508 21.2345
9509 21.2366
9510 21.2389
9511 21.2413
9512 21.2435
9513 21.2457
9514 21.2477
9515 21.2497
9516 21.2514
9517 21.253
9518 21.2542
9519 21.2555
9520 21.2567
9521 21.2585
9522 21.2602
9523 21.2617
9524 21.2631
9525 21.2646
9526 21.2662
9527 21.2679
9528 21.2698
9529 21.2717
9530 21.2739
9531 21.2761
9532 21.2781
9533 21.2804
9534 21.2823
9535 21.2844
9536 21.2868
9537 21.2887
9538 21.2906
9539 21.2921
9540 21.2938
9541 21.2953
9542 21.2966
9543 21.2974
9544 21.2985
9545 21.2998
9546 21.3013
9547 21.3032
9548 21.3052
9549 21.3071
9550 21.3092
9551 21.3114
9552 21.3137
9553 21.3164
9554 21.319
9555 21.3215
9556 21.3237
9557 21.3257
9558 21.3274
9559 21.3288
9560 21.3296
9561 21.3306
9562 21.3319
9563 21.3334
9564 21.3346
9565 21.3361
9566 21.3375
9567 21.3392
9568 21.3407
9569 21.3423
9570 21.3443
9571 21.3467
9572 21.3493
9573 21.3518
9574 21.3542
9575 21.3564
9576 21.3584
9577 21.3605
9578 21.3623
9579 21.364
9580 21.3654
9581 21.3668
9582 21.3682
9583 21.3692
9584 21.3702
9585 21.3716
9586 21.3731
9587 21.3748
9588 21.3769
9589 21.3787
9590 21.3809
9591 21.3829
9592 21.3852
9593 21.3875
9594 21.3895
9595 21.3912
9596 21.3932
9597 21.3953
9598 21.3972
9599 21.3988
9600 21.4002
9601 21.4016
9602 21.4029
9603 21.4042
9604 21.4059
9605 21.4073
9606 21.4085
9607 21.4101
9608 21.4116
9609 21.4129
9610 21.4143
9611 21.4157
9612 21.4171
9613 21.4187
9614 21.4205
9615 21.4224
9616 21.4244
9617 21.4261
9618 21.4278
9619 21.4294
9620 21.4308
9621 21.4323
9622 21.4339
9623 21.4355
9624 21.437
9625 21.4387
9626 21.4403
9627 21.4418
9628 21.4429
9629 21.444
9630 21.4452
9631 21.4467
9632 21.4481
9633 21.4497
9634 21.4515
9635 21.4533
9636 21.455
9637 21.4567
9638 21.4585
9639 21.4603
9640 21.4621
9641 21.4638
9642 21.4655
9643 21.467
9644 21.4683
9645 21.4696
9646 21.4708
9647 21.472
9648 21.4731
9649 21.4744
9650 21.4759
9651 21.4773
9652 21.4788
9653 21.4807
9654 21.4826
9655 21.4844
9656 21.4865
9657 21.4883
9658 21.4901
9659 21.4918
9660 21.4933
9661 21.4947
9662 21.496
9663 21.4974
9664 21.4988
9665 21.5
9666 21.5012
9667 21.5023
9668 21.5034
9669 21.5048
9670 21.5061
9671 21.5076
9672 21.5093
9673 21.5111
9674 21.5131
9675 21.5147
9676 21.5163
9677 21.5181
9678 21.5201
9679 21.5221
9680 21.5243
9681 21.5264
9682 21.528
9683 21.5296
9684 21.5309
9685 21.5321
9686 21.5333
9687 21.5343
9688 21.5353
9689 21.5365
9690 21.5375
9691 21.5388
9692 21.5405
9693 21.5423
9694 21.5443
9695 21.5462
9696 21.5483
9697 21.5503
9698 21.5522
9699 21.5539
9700 21.5554
9701 21.5572
9702 21.5586
9703 21.5599
9704 21.5609
9705 21.5618
9706 21.5628
9707 21.5639
9708 21.5652
9709 21.5668
9710 21.5685
9711 21.5704
9712 21.5723
9713 21.5743
9714 21.5762
9715 21.5782
9716 21.58
9717 21.5818
9718 21.5837
9719 21.5853
9720 21.5869
9721 21.5883
9722 21.5895
9723 21.5907
9724 21.5921
9725 21.5936
9726 21.5952
9727 21.5967
9728 21.5983
9729 21.5999
9730 21.6015
9731 21.6034
9732 21.6057
9733 21.6079
9734 21.6103
9735 21.6122
9736 21.6143
9737 21.6159
9738 21.6177
9739 21.6193
9740 21.6209
9741 21.6224
9742 21.6236
9743 21.6248
9744 21.6264
9745 21.6277
9746 21.6292
9747 21.6307
9748 21.6323
9749 21.6341
9750 21.6362
9751 21.6381
9752 21.6399
9753 21.6417
9754 21.6435
9755 21.6453
9756 21.6466
9757 21.6479
9758 21.6491
9759 21.6503
9760 21.6518
9761 21.6531
9762 21.6547
9763 21.6563
9764 21.658
9765 21.6599
9766 21.6618
9767 21.6636
9768 21.6654
9769 21.6671
9770 21.6688
9771 21.6702
9772 21.6716
9773 21.673
9774 21.6743
9775 21.6757
9776 21.6772
9777 21.6787
9778 21.6804
9779 21.6823
9780 21.6842
9781 21.6861
9782 21.6876
9783 21.689
9784 21.6906
9785 21.6921
9786 21.6935
9787 21.6952
9788 21.6971
9789 21.6988
9790 21.7005
9791 21.7023
9792 21.704
9793 21.7056
9794 21.7071
9795 21.7083
9796 21.7097
9797 21.7115
9798 21.7134
9799 21.715
9800 21.7165
9801 21.7182
9802 21.7201
9803 21.7221
9804 21.7237
9805 21.7256
9806 21.7274
9807 21.7292
9808 21.731
9809 21.7327
9810 21.7346
9811 21.7366
9812 21.7382
9813 21.7397
9814 21.7414
9815 21.7431
9816 21.745
9817 21.7469
9818 21.7486
9819 21.7506
9820 21.7526
9821 21.7545
9822 21.7563
9823 21.758
9824 21.7598
9825 21.7618
9826 21.7636
9827 21.7653
9828 21.7668
9829 21.768
9830 21.7694
9831 21.7712
9832 21.7728
9833 21.7742
9834 21.7756
9835 21.7772
9836 21.7788
9837 21.78
9838 21.7813
9839 21.7829
9840 21.7845
9841 21.7864
9842 21.7885
9843 21.7908
9844 21.793
9845 21.7954
9846 21.7976
9847 21.7996
9848 21.8016
9849 21.8036
9850 21.8053
9851 21.8069
9852 21.8084
9853 21.8098
9854 21.8109
9855 21.8121
9856 21.8135
9857 21.815
9858 21.8169
9859 21.8187
9860 21.8206
9861 21.8227
9862 21.8251
9863 21.8274
9864 21.8297
9865 21.8318
9866 21.8337
9867 21.8357
9868 21.8377
9869 21.8395
9870 21.8413
9871 21.843
9872 21.8444
9873 21.8459
9874 21.8472
9875 21.8482
9876 21.8496
9877 21.8509
9878 21.8524
9879 21.8541
9880 21.8557
9881 21.8575
9882 21.8595
9883 21.8616
9884 21.864
9885 21.8662
9886 21.8683
9887 21.8702
9888 21.8722
9889 21.8742
9890 21.876
9891 21.8776
9892 21.8792
9893 21.8804
9894 21.8815
9895 21.8828
9896 21.884
9897 21.8852
9898 21.8867
9899 21.8884
9900 21.8902
9901 21.892
9902 21.8939
9903 21.8958
9904 21.8977
9905 21.8996
9906 21.9016
9907 21.9035
9908 21.9056
9909 21.9076
9910 21.9096
9911 21.9112
9912 21.9129
9913 21.9145
9914 21.916
9915 21.9172
9916 21.9186
9917 21.9201
9918 21.9213
9919 21.9226
9920 21.924
9921 21.9255
9922 21.9271
9923 21.9286
9924 21.9305
9925 21.9326
9926 21.9343
9927 21.9363
9928 21.9381
9929 21.9401
9930 21.9423
9931 21.9443
9932 21.9463
9933 21.9483
9934 21.9498
9935 21.9512
9936 21.9527
9937 21.9543
9938 21.9562
9939 21.958
9940 21.9595
9941 21.961
9942 21.9625
9943 21.964
9944 21.9657
9945 21.9676
9946 21.9693
9947 21.9708
9948 21.9722
9949 21.974
9950 21.9759
9951 21.9779
9952 21.9799
9953 21.9818
9954 21.9835
9955 21.9851
9956 21.9867
9957 21.9882
9958 21.9897
9959 21.9915
9960 21.9932
9961 21.9945
9962 21.9962
9963 21.9978
9964 21.9991
9965 22.0004
9966 22.0021
9967 22.004
9968 22.0054
9969 22.0068
9970 22.0084
9971 22.0102
9972 22.0123
9973 22.0142
9974 22.0159
9975 22.0175
9976 22.0195
9977 22.0214
9978 22.0234
9979 22.0252
9980 22.0272
9981 22.0293
9982 22.0311
9983 22.033
9984 22.0348
9985 22.0367
9986 22.0383
9987 22.0401
9988 22.0418
9989 22.0434
9990 22.0449
9991 22.0464
9992 22.0481
9993 22.0498
9994 22.0515
9995 22.053
9996 22.0547
9997 22.0564
9998 22.0581
9999 22.06
10000 22.0621
